eventID,language,license,bibliographicCitation,rightsHolder,modified,country,countryCode,geodeticDatum,stateProvince,county,municipality,materialSampleID,station_depth,filter_start_time,filter_end_time,filter_vol_ml,verbatimEventDate,decimalLatitude,decimalLongitude,notes,verbatimLocality,parentEventID,eventType,month,day,year,eventDate,minimumDepthInMeters,maximumDepthInMeters,institutionCode,institutionID
Hakai-FCBB,en,http://creativecommons.org/licenses/by/4.0/legalcode,"Lemay, M., & Kellogg, C. (2025). Environmental DNA metabarcoding data from the False Creek Bioblitz, 2022 (v1.0). Hakai Institute. https://doi.org/10.21966/8sgn-jg38",Hakai Institute,2025-07-02,Canada,CA,WGS84,British Columbia,Burrard Inlet,False Creek,NA,NA,NA,NA,NA,NA,NA,NA,NA,NA,NA,NA,NA,NA,NA,NA,NA,NA,NA,NA
Hakai-FCBB-FC_002,en,http://creativecommons.org/licenses/by/4.0/legalcode,"Lemay, M., & Kellogg, C. (2025). Environmental DNA metabarcoding data from the False Creek Bioblitz, 2022 (v1.0). Hakai Institute. https://doi.org/10.21966/8sgn-jg38",Hakai Institute,2025-07-02,Canada,CA,WGS84,British Columbia,Burrard Inlet,False Creek,FC_002,Station_12_bottom,10:00:00,12:15:00,950,"Sept.3, 2022",49.2726,-123.103583,NA,Science World south,Hakai-FCBB,Niskin bottle sampling,9,3,2022,2022-9-3,2,2,Hakai Institute,https://edmo.seadatanet.org/report/5148
Hakai-FCBB-FC_003,en,http://creativecommons.org/licenses/by/4.0/legalcode,"Lemay, M., & Kellogg, C. (2025). Environmental DNA metabarcoding data from the False Creek Bioblitz, 2022 (v1.0). Hakai Institute. https://doi.org/10.21966/8sgn-jg38",Hakai Institute,2025-07-02,Canada,CA,WGS84,British Columbia,Burrard Inlet,False Creek,FC_003,Station_12_bottom,10:00:00,NA,NA,"Sept.3, 2022",49.2726,-123.103583,NA,Science World south,Hakai-FCBB,Niskin bottle sampling,9,3,2022,2022-9-3,2,2,Hakai Institute,https://edmo.seadatanet.org/report/5148
Hakai-FCBB-FC_004,en,http://creativecommons.org/licenses/by/4.0/legalcode,"Lemay, M., & Kellogg, C. (2025). Environmental DNA metabarcoding data from the False Creek Bioblitz, 2022 (v1.0). Hakai Institute. https://doi.org/10.21966/8sgn-jg38",Hakai Institute,2025-07-02,Canada,CA,WGS84,British Columbia,Burrard Inlet,False Creek,FC_004,Station_12_bottom,10:00:00,11:49:00,975,"Sept.3, 2022",49.2726,-123.103583,NA,Science World south,Hakai-FCBB,Niskin bottle sampling,9,3,2022,2022-9-3,2,2,Hakai Institute,https://edmo.seadatanet.org/report/5148
Hakai-FCBB-FC_005,en,http://creativecommons.org/licenses/by/4.0/legalcode,"Lemay, M., & Kellogg, C. (2025). Environmental DNA metabarcoding data from the False Creek Bioblitz, 2022 (v1.0). Hakai Institute. https://doi.org/10.21966/8sgn-jg38",Hakai Institute,2025-07-02,Canada,CA,WGS84,British Columbia,Burrard Inlet,False Creek,FC_005,Station_12_surface,10:15:00,12:15:00,950,"Sept.3, 2022",49.2726,-123.103583,NA,Science World south,Hakai-FCBB,Niskin bottle sampling,9,3,2022,2022-9-3,0,0,Hakai Institute,https://edmo.seadatanet.org/report/5148
Hakai-FCBB-FC_006,en,http://creativecommons.org/licenses/by/4.0/legalcode,"Lemay, M., & Kellogg, C. (2025). Environmental DNA metabarcoding data from the False Creek Bioblitz, 2022 (v1.0). Hakai Institute. https://doi.org/10.21966/8sgn-jg38",Hakai Institute,2025-07-02,Canada,CA,WGS84,British Columbia,Burrard Inlet,False Creek,FC_006,Station_12_surface,10:15:00,11:40:00,950,"Sept.3, 2022",49.2726,-123.103583,NA,Science World south,Hakai-FCBB,Niskin bottle sampling,9,3,2022,2022-9-3,0,0,Hakai Institute,https://edmo.seadatanet.org/report/5148
Hakai-FCBB-FC_007,en,http://creativecommons.org/licenses/by/4.0/legalcode,"Lemay, M., & Kellogg, C. (2025). Environmental DNA metabarcoding data from the False Creek Bioblitz, 2022 (v1.0). Hakai Institute. https://doi.org/10.21966/8sgn-jg38",Hakai Institute,2025-07-02,Canada,CA,WGS84,British Columbia,Burrard Inlet,False Creek,FC_007,Station_12_surface,10:15:00,12:35:00,975,"Sept.3, 2022",49.2726,-123.103583,NA,Science World south,Hakai-FCBB,Niskin bottle sampling,9,3,2022,2022-9-3,0,0,Hakai Institute,https://edmo.seadatanet.org/report/5148
Hakai-FCBB-FC_008,en,http://creativecommons.org/licenses/by/4.0/legalcode,"Lemay, M., & Kellogg, C. (2025). Environmental DNA metabarcoding data from the False Creek Bioblitz, 2022 (v1.0). Hakai Institute. https://doi.org/10.21966/8sgn-jg38",Hakai Institute,2025-07-02,Canada,CA,WGS84,British Columbia,Burrard Inlet,False Creek,FC_008,Station_11_bottom,10:30:00,12:05:00,940,"Sept.3, 2022",49.2744,-123.105416,NA,Science World north,Hakai-FCBB,Niskin bottle sampling,9,3,2022,2022-9-3,5,5,Hakai Institute,https://edmo.seadatanet.org/report/5148
Hakai-FCBB-FC_009,en,http://creativecommons.org/licenses/by/4.0/legalcode,"Lemay, M., & Kellogg, C. (2025). Environmental DNA metabarcoding data from the False Creek Bioblitz, 2022 (v1.0). Hakai Institute. https://doi.org/10.21966/8sgn-jg38",Hakai Institute,2025-07-02,Canada,CA,WGS84,British Columbia,Burrard Inlet,False Creek,FC_009,Station_11_bottom,10:30:00,12:00:00,960,"Sept.3, 2022",49.2744,-123.105416,NA,Science World north,Hakai-FCBB,Niskin bottle sampling,9,3,2022,2022-9-3,5,5,Hakai Institute,https://edmo.seadatanet.org/report/5148
Hakai-FCBB-FC_010,en,http://creativecommons.org/licenses/by/4.0/legalcode,"Lemay, M., & Kellogg, C. (2025). Environmental DNA metabarcoding data from the False Creek Bioblitz, 2022 (v1.0). Hakai Institute. https://doi.org/10.21966/8sgn-jg38",Hakai Institute,2025-07-02,Canada,CA,WGS84,British Columbia,Burrard Inlet,False Creek,FC_010,Station_11_bottom,10:30:00,12:00:00,925,"Sept.3, 2022",49.2744,-123.105416,NA,Science World north,Hakai-FCBB,Niskin bottle sampling,9,3,2022,2022-9-3,5,5,Hakai Institute,https://edmo.seadatanet.org/report/5148
Hakai-FCBB-FC_011,en,http://creativecommons.org/licenses/by/4.0/legalcode,"Lemay, M., & Kellogg, C. (2025). Environmental DNA metabarcoding data from the False Creek Bioblitz, 2022 (v1.0). Hakai Institute. https://doi.org/10.21966/8sgn-jg38",Hakai Institute,2025-07-02,Canada,CA,WGS84,British Columbia,Burrard Inlet,False Creek,FC_011,Station_11_surface,10:35:00,12:40:00,1000,"Sept.3, 2022",49.2744,-123.105416,NA,Science World north,Hakai-FCBB,Niskin bottle sampling,9,3,2022,2022-9-3,0,0,Hakai Institute,https://edmo.seadatanet.org/report/5148
Hakai-FCBB-FC_012,en,http://creativecommons.org/licenses/by/4.0/legalcode,"Lemay, M., & Kellogg, C. (2025). Environmental DNA metabarcoding data from the False Creek Bioblitz, 2022 (v1.0). Hakai Institute. https://doi.org/10.21966/8sgn-jg38",Hakai Institute,2025-07-02,Canada,CA,WGS84,British Columbia,Burrard Inlet,False Creek,FC_012,Station_11_surface,10:40:00,12:30:00,975,"Sept.3, 2022",49.2744,-123.105416,NA,Science World north,Hakai-FCBB,Niskin bottle sampling,9,3,2022,2022-9-3,0,0,Hakai Institute,https://edmo.seadatanet.org/report/5148
Hakai-FCBB-FC_013,en,http://creativecommons.org/licenses/by/4.0/legalcode,"Lemay, M., & Kellogg, C. (2025). Environmental DNA metabarcoding data from the False Creek Bioblitz, 2022 (v1.0). Hakai Institute. https://doi.org/10.21966/8sgn-jg38",Hakai Institute,2025-07-02,Canada,CA,WGS84,British Columbia,Burrard Inlet,False Creek,FC_013,Station_11_surface,10:40:00,12:30:00,950,"Sept.3, 2022",49.2744,-123.105416,NA,Science World north,Hakai-FCBB,Niskin bottle sampling,9,3,2022,2022-9-3,0,0,Hakai Institute,https://edmo.seadatanet.org/report/5148
Hakai-FCBB-FC_014,en,http://creativecommons.org/licenses/by/4.0/legalcode,"Lemay, M., & Kellogg, C. (2025). Environmental DNA metabarcoding data from the False Creek Bioblitz, 2022 (v1.0). Hakai Institute. https://doi.org/10.21966/8sgn-jg38",Hakai Institute,2025-07-02,Canada,CA,WGS84,British Columbia,Burrard Inlet,False Creek,FC_014,Station_10_bottom,10:50:00,12:15:00,1000,"Sept.3, 2022",49.273483,-123.11055,NA,Habitat Island,Hakai-FCBB,Niskin bottle sampling,9,3,2022,2022-9-3,2,2,Hakai Institute,https://edmo.seadatanet.org/report/5148
Hakai-FCBB-FC_015,en,http://creativecommons.org/licenses/by/4.0/legalcode,"Lemay, M., & Kellogg, C. (2025). Environmental DNA metabarcoding data from the False Creek Bioblitz, 2022 (v1.0). Hakai Institute. https://doi.org/10.21966/8sgn-jg38",Hakai Institute,2025-07-02,Canada,CA,WGS84,British Columbia,Burrard Inlet,False Creek,FC_015,Station_10_bottom,10:50:00,12:10:00,900,"Sept.3, 2022",49.273483,-123.11055,NA,Habitat Island,Hakai-FCBB,Niskin bottle sampling,9,3,2022,2022-9-3,2,2,Hakai Institute,https://edmo.seadatanet.org/report/5148
Hakai-FCBB-FC_016,en,http://creativecommons.org/licenses/by/4.0/legalcode,"Lemay, M., & Kellogg, C. (2025). Environmental DNA metabarcoding data from the False Creek Bioblitz, 2022 (v1.0). Hakai Institute. https://doi.org/10.21966/8sgn-jg38",Hakai Institute,2025-07-02,Canada,CA,WGS84,British Columbia,Burrard Inlet,False Creek,FC_016,Station_10_bottom,10:50:00,12:10:00,925,"Sept.3, 2022",49.273483,-123.11055,NA,Habitat Island,Hakai-FCBB,Niskin bottle sampling,9,3,2022,2022-9-3,2,2,Hakai Institute,https://edmo.seadatanet.org/report/5148
Hakai-FCBB-FC_017,en,http://creativecommons.org/licenses/by/4.0/legalcode,"Lemay, M., & Kellogg, C. (2025). Environmental DNA metabarcoding data from the False Creek Bioblitz, 2022 (v1.0). Hakai Institute. https://doi.org/10.21966/8sgn-jg38",Hakai Institute,2025-07-02,Canada,CA,WGS84,British Columbia,Burrard Inlet,False Creek,FC_017,Station_10_surface,10:55:00,12:51:00,925,"Sept.3, 2022",49.273483,-123.11055,NA,Habitat Island,Hakai-FCBB,Niskin bottle sampling,9,3,2022,2022-9-3,0,0,Hakai Institute,https://edmo.seadatanet.org/report/5148
Hakai-FCBB-FC_018,en,http://creativecommons.org/licenses/by/4.0/legalcode,"Lemay, M., & Kellogg, C. (2025). Environmental DNA metabarcoding data from the False Creek Bioblitz, 2022 (v1.0). Hakai Institute. https://doi.org/10.21966/8sgn-jg38",Hakai Institute,2025-07-02,Canada,CA,WGS84,British Columbia,Burrard Inlet,False Creek,FC_018,Station_10_surface,10:55:00,13:10:00,950,"Sept.3, 2022",49.273483,-123.11055,NA,Habitat Island,Hakai-FCBB,Niskin bottle sampling,9,3,2022,2022-9-3,0,0,Hakai Institute,https://edmo.seadatanet.org/report/5148
Hakai-FCBB-FC_019,en,http://creativecommons.org/licenses/by/4.0/legalcode,"Lemay, M., & Kellogg, C. (2025). Environmental DNA metabarcoding data from the False Creek Bioblitz, 2022 (v1.0). Hakai Institute. https://doi.org/10.21966/8sgn-jg38",Hakai Institute,2025-07-02,Canada,CA,WGS84,British Columbia,Burrard Inlet,False Creek,FC_019,Station_10_surface,10:55:00,12:35:00,950,"Sept.3, 2022",49.273483,-123.11055,NA,Habitat Island,Hakai-FCBB,Niskin bottle sampling,9,3,2022,2022-9-3,0,0,Hakai Institute,https://edmo.seadatanet.org/report/5148
Hakai-FCBB-FC_020,en,http://creativecommons.org/licenses/by/4.0/legalcode,"Lemay, M., & Kellogg, C. (2025). Environmental DNA metabarcoding data from the False Creek Bioblitz, 2022 (v1.0). Hakai Institute. https://doi.org/10.21966/8sgn-jg38",Hakai Institute,2025-07-02,Canada,CA,WGS84,British Columbia,Burrard Inlet,False Creek,FC_020,Station_09_bottom,11:05:00,12:35:00,1010,"Sept.3, 2022",49.272116,-123.1147,NA,Cambie Bridge,Hakai-FCBB,Niskin bottle sampling,9,3,2022,2022-9-3,2,2,Hakai Institute,https://edmo.seadatanet.org/report/5148
Hakai-FCBB-FC_021,en,http://creativecommons.org/licenses/by/4.0/legalcode,"Lemay, M., & Kellogg, C. (2025). Environmental DNA metabarcoding data from the False Creek Bioblitz, 2022 (v1.0). Hakai Institute. https://doi.org/10.21966/8sgn-jg38",Hakai Institute,2025-07-02,Canada,CA,WGS84,British Columbia,Burrard Inlet,False Creek,FC_021,Station_09_bottom,11:05:00,12:20:00,950,"Sept.3, 2022",49.272116,-123.1147,NA,Cambie Bridge,Hakai-FCBB,Niskin bottle sampling,9,3,2022,2022-9-3,2,2,Hakai Institute,https://edmo.seadatanet.org/report/5148
Hakai-FCBB-FC_022,en,http://creativecommons.org/licenses/by/4.0/legalcode,"Lemay, M., & Kellogg, C. (2025). Environmental DNA metabarcoding data from the False Creek Bioblitz, 2022 (v1.0). Hakai Institute. https://doi.org/10.21966/8sgn-jg38",Hakai Institute,2025-07-02,Canada,CA,WGS84,British Columbia,Burrard Inlet,False Creek,FC_022,Station_09_bottom,11:05:00,12:45:00,1000,"Sept.3, 2022",49.272116,-123.1147,NA,Cambie Bridge,Hakai-FCBB,Niskin bottle sampling,9,3,2022,2022-9-3,2,2,Hakai Institute,https://edmo.seadatanet.org/report/5148
Hakai-FCBB-FC_023,en,http://creativecommons.org/licenses/by/4.0/legalcode,"Lemay, M., & Kellogg, C. (2025). Environmental DNA metabarcoding data from the False Creek Bioblitz, 2022 (v1.0). Hakai Institute. https://doi.org/10.21966/8sgn-jg38",Hakai Institute,2025-07-02,Canada,CA,WGS84,British Columbia,Burrard Inlet,False Creek,FC_023,Station_09_surface,11:10:00,13:00:00,925,"Sept.3, 2022",49.272116,-123.1147,NA,Cambie Bridge,Hakai-FCBB,Niskin bottle sampling,9,3,2022,2022-9-3,0,0,Hakai Institute,https://edmo.seadatanet.org/report/5148
Hakai-FCBB-FC_024,en,http://creativecommons.org/licenses/by/4.0/legalcode,"Lemay, M., & Kellogg, C. (2025). Environmental DNA metabarcoding data from the False Creek Bioblitz, 2022 (v1.0). Hakai Institute. https://doi.org/10.21966/8sgn-jg38",Hakai Institute,2025-07-02,Canada,CA,WGS84,British Columbia,Burrard Inlet,False Creek,FC_024,Station_09_surface,11:10:00,12:48:00,900,"Sept.3, 2022",49.272116,-123.1147,Stopped dripping,Cambie Bridge,Hakai-FCBB,Niskin bottle sampling,9,3,2022,2022-9-3,0,0,Hakai Institute,https://edmo.seadatanet.org/report/5148
Hakai-FCBB-FC_025,en,http://creativecommons.org/licenses/by/4.0/legalcode,"Lemay, M., & Kellogg, C. (2025). Environmental DNA metabarcoding data from the False Creek Bioblitz, 2022 (v1.0). Hakai Institute. https://doi.org/10.21966/8sgn-jg38",Hakai Institute,2025-07-02,Canada,CA,WGS84,British Columbia,Burrard Inlet,False Creek,FC_025,Station_09_surface,11:10:00,NA,NA,"Sept.3, 2022",49.272116,-123.1147,NA,Cambie Bridge,Hakai-FCBB,Niskin bottle sampling,9,3,2022,2022-9-3,0,0,Hakai Institute,https://edmo.seadatanet.org/report/5148
Hakai-FCBB-FC_026,en,http://creativecommons.org/licenses/by/4.0/legalcode,"Lemay, M., & Kellogg, C. (2025). Environmental DNA metabarcoding data from the False Creek Bioblitz, 2022 (v1.0). Hakai Institute. https://doi.org/10.21966/8sgn-jg38",Hakai Institute,2025-07-02,Canada,CA,WGS84,British Columbia,Burrard Inlet,False Creek,FC_026,Station_08_bottom,11:35:00,12:50:00,975,"Sept.3, 2022",49.2705,-123.12346,NA,David Lam Park,Hakai-FCBB,Niskin bottle sampling,9,3,2022,2022-9-3,2,2,Hakai Institute,https://edmo.seadatanet.org/report/5148
Hakai-FCBB-FC_027,en,http://creativecommons.org/licenses/by/4.0/legalcode,"Lemay, M., & Kellogg, C. (2025). Environmental DNA metabarcoding data from the False Creek Bioblitz, 2022 (v1.0). Hakai Institute. https://doi.org/10.21966/8sgn-jg38",Hakai Institute,2025-07-02,Canada,CA,WGS84,British Columbia,Burrard Inlet,False Creek,FC_027,Station_08_bottom,11:35:00,13:05:00,1000,"Sept.3, 2022",49.2705,-123.12346,NA,David Lam Park,Hakai-FCBB,Niskin bottle sampling,9,3,2022,2022-9-3,2,2,Hakai Institute,https://edmo.seadatanet.org/report/5148
Hakai-FCBB-FC_028,en,http://creativecommons.org/licenses/by/4.0/legalcode,"Lemay, M., & Kellogg, C. (2025). Environmental DNA metabarcoding data from the False Creek Bioblitz, 2022 (v1.0). Hakai Institute. https://doi.org/10.21966/8sgn-jg38",Hakai Institute,2025-07-02,Canada,CA,WGS84,British Columbia,Burrard Inlet,False Creek,FC_028,Station_08_bottom,11:35:00,12:54:00,1000,"Sept.3, 2022",49.2705,-123.12346,NA,David Lam Park,Hakai-FCBB,Niskin bottle sampling,9,3,2022,2022-9-3,2,2,Hakai Institute,https://edmo.seadatanet.org/report/5148
Hakai-FCBB-FC_029,en,http://creativecommons.org/licenses/by/4.0/legalcode,"Lemay, M., & Kellogg, C. (2025). Environmental DNA metabarcoding data from the False Creek Bioblitz, 2022 (v1.0). Hakai Institute. https://doi.org/10.21966/8sgn-jg38",Hakai Institute,2025-07-02,Canada,CA,WGS84,British Columbia,Burrard Inlet,False Creek,FC_029,Station_08_surface,11:54:00,13:30:00,1000,"Sept.3, 2022",49.2705,-123.12346,NA,David Lam Park,Hakai-FCBB,Niskin bottle sampling,9,3,2022,2022-9-3,0,0,Hakai Institute,https://edmo.seadatanet.org/report/5148
Hakai-FCBB-FC_030,en,http://creativecommons.org/licenses/by/4.0/legalcode,"Lemay, M., & Kellogg, C. (2025). Environmental DNA metabarcoding data from the False Creek Bioblitz, 2022 (v1.0). Hakai Institute. https://doi.org/10.21966/8sgn-jg38",Hakai Institute,2025-07-02,Canada,CA,WGS84,British Columbia,Burrard Inlet,False Creek,FC_030,Station_08_surface,11:54:00,13:45:00,950,"Sept.3, 2022",49.2705,-123.12346,NA,David Lam Park,Hakai-FCBB,Niskin bottle sampling,9,3,2022,2022-9-3,0,0,Hakai Institute,https://edmo.seadatanet.org/report/5148
Hakai-FCBB-FC_031,en,http://creativecommons.org/licenses/by/4.0/legalcode,"Lemay, M., & Kellogg, C. (2025). Environmental DNA metabarcoding data from the False Creek Bioblitz, 2022 (v1.0). Hakai Institute. https://doi.org/10.21966/8sgn-jg38",Hakai Institute,2025-07-02,Canada,CA,WGS84,British Columbia,Burrard Inlet,False Creek,FC_031,Station_08_surface,11:54:00,13:45:00,950,"Sept.3, 2022",49.2705,-123.12346,NA,David Lam Park,Hakai-FCBB,Niskin bottle sampling,9,3,2022,2022-9-3,0,0,Hakai Institute,https://edmo.seadatanet.org/report/5148
Hakai-FCBB-FC_033,en,http://creativecommons.org/licenses/by/4.0/legalcode,"Lemay, M., & Kellogg, C. (2025). Environmental DNA metabarcoding data from the False Creek Bioblitz, 2022 (v1.0). Hakai Institute. https://doi.org/10.21966/8sgn-jg38",Hakai Institute,2025-07-02,Canada,CA,WGS84,British Columbia,Burrard Inlet,False Creek,FC_033,Station_07_bottom,13:25:00,14:40:00,950,"Sept.3, 2022",49.27025,-123.12925,NA,Spruce Harbour,Hakai-FCBB,Niskin bottle sampling,9,3,2022,2022-9-3,2,2,Hakai Institute,https://edmo.seadatanet.org/report/5148
Hakai-FCBB-FC_034,en,http://creativecommons.org/licenses/by/4.0/legalcode,"Lemay, M., & Kellogg, C. (2025). Environmental DNA metabarcoding data from the False Creek Bioblitz, 2022 (v1.0). Hakai Institute. https://doi.org/10.21966/8sgn-jg38",Hakai Institute,2025-07-02,Canada,CA,WGS84,British Columbia,Burrard Inlet,False Creek,FC_034,Station_07_bottom,13:25:00,NA,NA,"Sept.3, 2022",49.27025,-123.12925,NA,Spruce Harbour,Hakai-FCBB,Niskin bottle sampling,9,3,2022,2022-9-3,2,2,Hakai Institute,https://edmo.seadatanet.org/report/5148
Hakai-FCBB-FC_035,en,http://creativecommons.org/licenses/by/4.0/legalcode,"Lemay, M., & Kellogg, C. (2025). Environmental DNA metabarcoding data from the False Creek Bioblitz, 2022 (v1.0). Hakai Institute. https://doi.org/10.21966/8sgn-jg38",Hakai Institute,2025-07-02,Canada,CA,WGS84,British Columbia,Burrard Inlet,False Creek,FC_035,Station_07_bottom,13:25:00,14:40:00,950,"Sept.3, 2022",49.27025,-123.12925,NA,Spruce Harbour,Hakai-FCBB,Niskin bottle sampling,9,3,2022,2022-9-3,2,2,Hakai Institute,https://edmo.seadatanet.org/report/5148
Hakai-FCBB-FC_036,en,http://creativecommons.org/licenses/by/4.0/legalcode,"Lemay, M., & Kellogg, C. (2025). Environmental DNA metabarcoding data from the False Creek Bioblitz, 2022 (v1.0). Hakai Institute. https://doi.org/10.21966/8sgn-jg38",Hakai Institute,2025-07-02,Canada,CA,WGS84,British Columbia,Burrard Inlet,False Creek,FC_036,Station_07_surface,13:25:00,15:24:00,1000,"Sept.3, 2022",49.27025,-123.12925,NA,Spruce Harbour,Hakai-FCBB,Niskin bottle sampling,9,3,2022,2022-9-3,0,0,Hakai Institute,https://edmo.seadatanet.org/report/5148
Hakai-FCBB-FC_037,en,http://creativecommons.org/licenses/by/4.0/legalcode,"Lemay, M., & Kellogg, C. (2025). Environmental DNA metabarcoding data from the False Creek Bioblitz, 2022 (v1.0). Hakai Institute. https://doi.org/10.21966/8sgn-jg38",Hakai Institute,2025-07-02,Canada,CA,WGS84,British Columbia,Burrard Inlet,False Creek,FC_037,Station_07_surface,13:25:00,15:30:00,950,"Sept.3, 2022",49.27025,-123.12925,NA,Spruce Harbour,Hakai-FCBB,Niskin bottle sampling,9,3,2022,2022-9-3,0,0,Hakai Institute,https://edmo.seadatanet.org/report/5148
Hakai-FCBB-FC_038,en,http://creativecommons.org/licenses/by/4.0/legalcode,"Lemay, M., & Kellogg, C. (2025). Environmental DNA metabarcoding data from the False Creek Bioblitz, 2022 (v1.0). Hakai Institute. https://doi.org/10.21966/8sgn-jg38",Hakai Institute,2025-07-02,Canada,CA,WGS84,British Columbia,Burrard Inlet,False Creek,FC_038,Station_07_surface,13:25:00,15:00:00,925,"Sept.3, 2022",49.27025,-123.12925,NA,Spruce Harbour,Hakai-FCBB,Niskin bottle sampling,9,3,2022,2022-9-3,0,0,Hakai Institute,https://edmo.seadatanet.org/report/5148
Hakai-FCBB-FC_039,en,http://creativecommons.org/licenses/by/4.0/legalcode,"Lemay, M., & Kellogg, C. (2025). Environmental DNA metabarcoding data from the False Creek Bioblitz, 2022 (v1.0). Hakai Institute. https://doi.org/10.21966/8sgn-jg38",Hakai Institute,2025-07-02,Canada,CA,WGS84,British Columbia,Burrard Inlet,False Creek,FC_039,Station_06_bottom,13:30:00,14:50:00,800,"Sept.3, 2022",49.27323,-123.13356,NA,Granville Island,Hakai-FCBB,Niskin bottle sampling,9,3,2022,2022-9-3,2,2,Hakai Institute,https://edmo.seadatanet.org/report/5148
Hakai-FCBB-FC_040,en,http://creativecommons.org/licenses/by/4.0/legalcode,"Lemay, M., & Kellogg, C. (2025). Environmental DNA metabarcoding data from the False Creek Bioblitz, 2022 (v1.0). Hakai Institute. https://doi.org/10.21966/8sgn-jg38",Hakai Institute,2025-07-02,Canada,CA,WGS84,British Columbia,Burrard Inlet,False Creek,FC_040,Station_06_bottom,13:30:00,14:50:00,945,"Sept.3, 2022",49.27323,-123.13356,NA,Granville Island,Hakai-FCBB,Niskin bottle sampling,9,3,2022,2022-9-3,2,2,Hakai Institute,https://edmo.seadatanet.org/report/5148
Hakai-FCBB-FC_041,en,http://creativecommons.org/licenses/by/4.0/legalcode,"Lemay, M., & Kellogg, C. (2025). Environmental DNA metabarcoding data from the False Creek Bioblitz, 2022 (v1.0). Hakai Institute. https://doi.org/10.21966/8sgn-jg38",Hakai Institute,2025-07-02,Canada,CA,WGS84,British Columbia,Burrard Inlet,False Creek,FC_041,Station_06_bottom,13:35:00,15:00:00,1000,"Sept.3, 2022",49.27323,-123.13356,NA,Granville Island,Hakai-FCBB,Niskin bottle sampling,9,3,2022,2022-9-3,2,2,Hakai Institute,https://edmo.seadatanet.org/report/5148
Hakai-FCBB-FC_042,en,http://creativecommons.org/licenses/by/4.0/legalcode,"Lemay, M., & Kellogg, C. (2025). Environmental DNA metabarcoding data from the False Creek Bioblitz, 2022 (v1.0). Hakai Institute. https://doi.org/10.21966/8sgn-jg38",Hakai Institute,2025-07-02,Canada,CA,WGS84,British Columbia,Burrard Inlet,False Creek,FC_042,Station_06_surface,13:40:00,14:35:00,850,"Sept.3, 2022",49.27323,-123.13356,NA,Granville Island,Hakai-FCBB,Niskin bottle sampling,9,3,2022,2022-9-3,0,0,Hakai Institute,https://edmo.seadatanet.org/report/5148
Hakai-FCBB-FC_043,en,http://creativecommons.org/licenses/by/4.0/legalcode,"Lemay, M., & Kellogg, C. (2025). Environmental DNA metabarcoding data from the False Creek Bioblitz, 2022 (v1.0). Hakai Institute. https://doi.org/10.21966/8sgn-jg38",Hakai Institute,2025-07-02,Canada,CA,WGS84,British Columbia,Burrard Inlet,False Creek,FC_043,Station_06_surface,13:40:00,15:25:00,1000,"Sept.3, 2022",49.27323,-123.13356,NA,Granville Island,Hakai-FCBB,Niskin bottle sampling,9,3,2022,2022-9-3,0,0,Hakai Institute,https://edmo.seadatanet.org/report/5148
Hakai-FCBB-FC_044,en,http://creativecommons.org/licenses/by/4.0/legalcode,"Lemay, M., & Kellogg, C. (2025). Environmental DNA metabarcoding data from the False Creek Bioblitz, 2022 (v1.0). Hakai Institute. https://doi.org/10.21966/8sgn-jg38",Hakai Institute,2025-07-02,Canada,CA,WGS84,British Columbia,Burrard Inlet,False Creek,FC_044,Station_06_surface,13:40:00,15:10:00,950,"Sept.3, 2022",49.27323,-123.13356,NA,Granville Island,Hakai-FCBB,Niskin bottle sampling,9,3,2022,2022-9-3,0,0,Hakai Institute,https://edmo.seadatanet.org/report/5148
Hakai-FCBB-FC_045,en,http://creativecommons.org/licenses/by/4.0/legalcode,"Lemay, M., & Kellogg, C. (2025). Environmental DNA metabarcoding data from the False Creek Bioblitz, 2022 (v1.0). Hakai Institute. https://doi.org/10.21966/8sgn-jg38",Hakai Institute,2025-07-02,Canada,CA,WGS84,British Columbia,Burrard Inlet,False Creek,FC_045,Station_05_bottom,13:50:00,15:12:00,950,"Sept.3, 2022",49.27626,-123.1373,NA,Burrard bridge / fuel dock,Hakai-FCBB,Niskin bottle sampling,9,3,2022,2022-9-3,3,3,Hakai Institute,https://edmo.seadatanet.org/report/5148
Hakai-FCBB-FC_046,en,http://creativecommons.org/licenses/by/4.0/legalcode,"Lemay, M., & Kellogg, C. (2025). Environmental DNA metabarcoding data from the False Creek Bioblitz, 2022 (v1.0). Hakai Institute. https://doi.org/10.21966/8sgn-jg38",Hakai Institute,2025-07-02,Canada,CA,WGS84,British Columbia,Burrard Inlet,False Creek,FC_046,Station_05_bottom,13:50:00,15:17:00,1000,"Sept.3, 2022",49.27626,-123.1373,NA,Burrard bridge / fuel dock,Hakai-FCBB,Niskin bottle sampling,9,3,2022,2022-9-3,3,3,Hakai Institute,https://edmo.seadatanet.org/report/5148
Hakai-FCBB-FC_047,en,http://creativecommons.org/licenses/by/4.0/legalcode,"Lemay, M., & Kellogg, C. (2025). Environmental DNA metabarcoding data from the False Creek Bioblitz, 2022 (v1.0). Hakai Institute. https://doi.org/10.21966/8sgn-jg38",Hakai Institute,2025-07-02,Canada,CA,WGS84,British Columbia,Burrard Inlet,False Creek,FC_047,Station_05_bottom,13:50:00,15:11:00,1000,"Sept.3, 2022",49.27626,-123.1373,NA,Burrard bridge / fuel dock,Hakai-FCBB,Niskin bottle sampling,9,3,2022,2022-9-3,3,3,Hakai Institute,https://edmo.seadatanet.org/report/5148
Hakai-FCBB-FC_048,en,http://creativecommons.org/licenses/by/4.0/legalcode,"Lemay, M., & Kellogg, C. (2025). Environmental DNA metabarcoding data from the False Creek Bioblitz, 2022 (v1.0). Hakai Institute. https://doi.org/10.21966/8sgn-jg38",Hakai Institute,2025-07-02,Canada,CA,WGS84,British Columbia,Burrard Inlet,False Creek,FC_048,Station_05_surface,14:00:00,15:50:00,1000,"Sept.3, 2022",49.27626,-123.1373,NA,Burrard bridge / fuel dock,Hakai-FCBB,Niskin bottle sampling,9,3,2022,2022-9-3,0,0,Hakai Institute,https://edmo.seadatanet.org/report/5148
Hakai-FCBB-FC_049,en,http://creativecommons.org/licenses/by/4.0/legalcode,"Lemay, M., & Kellogg, C. (2025). Environmental DNA metabarcoding data from the False Creek Bioblitz, 2022 (v1.0). Hakai Institute. https://doi.org/10.21966/8sgn-jg38",Hakai Institute,2025-07-02,Canada,CA,WGS84,British Columbia,Burrard Inlet,False Creek,FC_049,Station_05_surface,14:00:00,15:20:00,925,"Sept.3, 2022",49.27626,-123.1373,NA,Burrard bridge / fuel dock,Hakai-FCBB,Niskin bottle sampling,9,3,2022,2022-9-3,0,0,Hakai Institute,https://edmo.seadatanet.org/report/5148
Hakai-FCBB-FC_050,en,http://creativecommons.org/licenses/by/4.0/legalcode,"Lemay, M., & Kellogg, C. (2025). Environmental DNA metabarcoding data from the False Creek Bioblitz, 2022 (v1.0). Hakai Institute. https://doi.org/10.21966/8sgn-jg38",Hakai Institute,2025-07-02,Canada,CA,WGS84,British Columbia,Burrard Inlet,False Creek,FC_050,Station_05_surface,14:00:00,15:21:00,1000,"Sept.3, 2022",49.27626,-123.1373,NA,Burrard bridge / fuel dock,Hakai-FCBB,Niskin bottle sampling,9,3,2022,2022-9-3,0,0,Hakai Institute,https://edmo.seadatanet.org/report/5148
Hakai-FCBB-FC_051,en,http://creativecommons.org/licenses/by/4.0/legalcode,"Lemay, M., & Kellogg, C. (2025). Environmental DNA metabarcoding data from the False Creek Bioblitz, 2022 (v1.0). Hakai Institute. https://doi.org/10.21966/8sgn-jg38",Hakai Institute,2025-07-02,Canada,CA,WGS84,British Columbia,Burrard Inlet,False Creek,FC_051,Station_04_bottom,14:19:00,15:21:00,1000,"Sept.3, 2022",49.279283,-123.141783,NA,Vanier Park,Hakai-FCBB,Niskin bottle sampling,9,3,2022,2022-9-3,5,5,Hakai Institute,https://edmo.seadatanet.org/report/5148
Hakai-FCBB-FC_052,en,http://creativecommons.org/licenses/by/4.0/legalcode,"Lemay, M., & Kellogg, C. (2025). Environmental DNA metabarcoding data from the False Creek Bioblitz, 2022 (v1.0). Hakai Institute. https://doi.org/10.21966/8sgn-jg38",Hakai Institute,2025-07-02,Canada,CA,WGS84,British Columbia,Burrard Inlet,False Creek,FC_052,Station_04_bottom,14:15:00,15:21:00,1000,"Sept.3, 2022",49.279283,-123.141783,NA,Vanier Park,Hakai-FCBB,Niskin bottle sampling,9,3,2022,2022-9-3,5,5,Hakai Institute,https://edmo.seadatanet.org/report/5148
Hakai-FCBB-FC_053,en,http://creativecommons.org/licenses/by/4.0/legalcode,"Lemay, M., & Kellogg, C. (2025). Environmental DNA metabarcoding data from the False Creek Bioblitz, 2022 (v1.0). Hakai Institute. https://doi.org/10.21966/8sgn-jg38",Hakai Institute,2025-07-02,Canada,CA,WGS84,British Columbia,Burrard Inlet,False Creek,FC_053,Station_04_bottom,14:15:00,NA,NA,"Sept.3, 2022",49.279283,-123.141783,NA,Vanier Park,Hakai-FCBB,Niskin bottle sampling,9,3,2022,2022-9-3,5,5,Hakai Institute,https://edmo.seadatanet.org/report/5148
Hakai-FCBB-FC_054,en,http://creativecommons.org/licenses/by/4.0/legalcode,"Lemay, M., & Kellogg, C. (2025). Environmental DNA metabarcoding data from the False Creek Bioblitz, 2022 (v1.0). Hakai Institute. https://doi.org/10.21966/8sgn-jg38",Hakai Institute,2025-07-02,Canada,CA,WGS84,British Columbia,Burrard Inlet,False Creek,FC_054,Station_04_surface,14:20:00,15:40:00,950,"Sept.3, 2022",49.279283,-123.141783,NA,Vanier Park,Hakai-FCBB,Niskin bottle sampling,9,3,2022,2022-9-3,0,0,Hakai Institute,https://edmo.seadatanet.org/report/5148
Hakai-FCBB-FC_055,en,http://creativecommons.org/licenses/by/4.0/legalcode,"Lemay, M., & Kellogg, C. (2025). Environmental DNA metabarcoding data from the False Creek Bioblitz, 2022 (v1.0). Hakai Institute. https://doi.org/10.21966/8sgn-jg38",Hakai Institute,2025-07-02,Canada,CA,WGS84,British Columbia,Burrard Inlet,False Creek,FC_055,Station_04_surface,14:20:00,15:40:00,1000,"Sept.3, 2022",49.279283,-123.141783,NA,Vanier Park,Hakai-FCBB,Niskin bottle sampling,9,3,2022,2022-9-3,0,0,Hakai Institute,https://edmo.seadatanet.org/report/5148
Hakai-FCBB-FC_056,en,http://creativecommons.org/licenses/by/4.0/legalcode,"Lemay, M., & Kellogg, C. (2025). Environmental DNA metabarcoding data from the False Creek Bioblitz, 2022 (v1.0). Hakai Institute. https://doi.org/10.21966/8sgn-jg38",Hakai Institute,2025-07-02,Canada,CA,WGS84,British Columbia,Burrard Inlet,False Creek,FC_056,Station_04_surface,14:20:00,15:40:00,950,"Sept.3, 2022",49.279283,-123.141783,NA,Vanier Park,Hakai-FCBB,Niskin bottle sampling,9,3,2022,2022-9-3,0,0,Hakai Institute,https://edmo.seadatanet.org/report/5148
Hakai-FCBB-FC_057,en,http://creativecommons.org/licenses/by/4.0/legalcode,"Lemay, M., & Kellogg, C. (2025). Environmental DNA metabarcoding data from the False Creek Bioblitz, 2022 (v1.0). Hakai Institute. https://doi.org/10.21966/8sgn-jg38",Hakai Institute,2025-07-02,Canada,CA,WGS84,British Columbia,Burrard Inlet,False Creek,FC_057,Station_03_bottom,14:25:00,15:50:00,975,"Sept.3, 2022",49.283216,-123.14965,NA,Barge Chillin' Beach,Hakai-FCBB,Niskin bottle sampling,9,3,2022,2022-9-3,5,5,Hakai Institute,https://edmo.seadatanet.org/report/5148
Hakai-FCBB-FC_058,en,http://creativecommons.org/licenses/by/4.0/legalcode,"Lemay, M., & Kellogg, C. (2025). Environmental DNA metabarcoding data from the False Creek Bioblitz, 2022 (v1.0). Hakai Institute. https://doi.org/10.21966/8sgn-jg38",Hakai Institute,2025-07-02,Canada,CA,WGS84,British Columbia,Burrard Inlet,False Creek,FC_058,Station_03_bottom,14:25:00,15:45:00,1000,"Sept.3, 2022",49.283216,-123.14965,NA,Barge Chillin' Beach,Hakai-FCBB,Niskin bottle sampling,9,3,2022,2022-9-3,5,5,Hakai Institute,https://edmo.seadatanet.org/report/5148
Hakai-FCBB-FC_059,en,http://creativecommons.org/licenses/by/4.0/legalcode,"Lemay, M., & Kellogg, C. (2025). Environmental DNA metabarcoding data from the False Creek Bioblitz, 2022 (v1.0). Hakai Institute. https://doi.org/10.21966/8sgn-jg38",Hakai Institute,2025-07-02,Canada,CA,WGS84,British Columbia,Burrard Inlet,False Creek,FC_059,Station_03_bottom,14:25:00,15:40:00,950,"Sept.3, 2022",49.283216,-123.14965,NA,Barge Chillin' Beach,Hakai-FCBB,Niskin bottle sampling,9,3,2022,2022-9-3,5,5,Hakai Institute,https://edmo.seadatanet.org/report/5148
Hakai-FCBB-FC_060,en,http://creativecommons.org/licenses/by/4.0/legalcode,"Lemay, M., & Kellogg, C. (2025). Environmental DNA metabarcoding data from the False Creek Bioblitz, 2022 (v1.0). Hakai Institute. https://doi.org/10.21966/8sgn-jg38",Hakai Institute,2025-07-02,Canada,CA,WGS84,British Columbia,Burrard Inlet,False Creek,FC_060,Station_03_surface,13:30:00,16:24:00,950,"Sept.3, 2022",49.283216,-123.14965,NA,Barge Chillin' Beach,Hakai-FCBB,Niskin bottle sampling,9,3,2022,2022-9-3,0,0,Hakai Institute,https://edmo.seadatanet.org/report/5148
Hakai-FCBB-FC_061,en,http://creativecommons.org/licenses/by/4.0/legalcode,"Lemay, M., & Kellogg, C. (2025). Environmental DNA metabarcoding data from the False Creek Bioblitz, 2022 (v1.0). Hakai Institute. https://doi.org/10.21966/8sgn-jg38",Hakai Institute,2025-07-02,Canada,CA,WGS84,British Columbia,Burrard Inlet,False Creek,FC_061,Station_03_surface,14:30:00,16:20:00,1000,"Sept.3, 2022",49.283216,-123.14965,NA,Barge Chillin' Beach,Hakai-FCBB,Niskin bottle sampling,9,3,2022,2022-9-3,0,0,Hakai Institute,https://edmo.seadatanet.org/report/5148
Hakai-FCBB-FC_062,en,http://creativecommons.org/licenses/by/4.0/legalcode,"Lemay, M., & Kellogg, C. (2025). Environmental DNA metabarcoding data from the False Creek Bioblitz, 2022 (v1.0). Hakai Institute. https://doi.org/10.21966/8sgn-jg38",Hakai Institute,2025-07-02,Canada,CA,WGS84,British Columbia,Burrard Inlet,False Creek,FC_062,Station_03_surface,14:30:00,16:29:00,950,"Sept.3, 2022",49.283216,-123.14965,NA,Barge Chillin' Beach,Hakai-FCBB,Niskin bottle sampling,9,3,2022,2022-9-3,0,0,Hakai Institute,https://edmo.seadatanet.org/report/5148
Hakai-FCBB-FC_063,en,http://creativecommons.org/licenses/by/4.0/legalcode,"Lemay, M., & Kellogg, C. (2025). Environmental DNA metabarcoding data from the False Creek Bioblitz, 2022 (v1.0). Hakai Institute. https://doi.org/10.21966/8sgn-jg38",Hakai Institute,2025-07-02,Canada,CA,WGS84,British Columbia,Burrard Inlet,False Creek,FC_063,Station_02_bottom,15:00:00,16:30:00,950,"Sept.3, 2022",49.281516,-123.15095,NA,Kits Beach,Hakai-FCBB,Niskin bottle sampling,9,3,2022,2022-9-3,5,5,Hakai Institute,https://edmo.seadatanet.org/report/5148
Hakai-FCBB-FC_064,en,http://creativecommons.org/licenses/by/4.0/legalcode,"Lemay, M., & Kellogg, C. (2025). Environmental DNA metabarcoding data from the False Creek Bioblitz, 2022 (v1.0). Hakai Institute. https://doi.org/10.21966/8sgn-jg38",Hakai Institute,2025-07-02,Canada,CA,WGS84,British Columbia,Burrard Inlet,False Creek,FC_064,Station_02_bottom,15:00:00,16:23:00,1000,"Sept.3, 2022",49.281516,-123.15095,NA,Kits Beach,Hakai-FCBB,Niskin bottle sampling,9,3,2022,2022-9-3,5,5,Hakai Institute,https://edmo.seadatanet.org/report/5148
Hakai-FCBB-FC_065,en,http://creativecommons.org/licenses/by/4.0/legalcode,"Lemay, M., & Kellogg, C. (2025). Environmental DNA metabarcoding data from the False Creek Bioblitz, 2022 (v1.0). Hakai Institute. https://doi.org/10.21966/8sgn-jg38",Hakai Institute,2025-07-02,Canada,CA,WGS84,British Columbia,Burrard Inlet,False Creek,FC_065,Station_02_bottom,15:00:00,16:29:00,950,"Sept.3, 2022",49.281516,-123.15095,NA,Kits Beach,Hakai-FCBB,Niskin bottle sampling,9,3,2022,2022-9-3,5,5,Hakai Institute,https://edmo.seadatanet.org/report/5148
Hakai-FCBB-FC_066,en,http://creativecommons.org/licenses/by/4.0/legalcode,"Lemay, M., & Kellogg, C. (2025). Environmental DNA metabarcoding data from the False Creek Bioblitz, 2022 (v1.0). Hakai Institute. https://doi.org/10.21966/8sgn-jg38",Hakai Institute,2025-07-02,Canada,CA,WGS84,British Columbia,Burrard Inlet,False Creek,FC_066,Station_02_surface,15:20:00,NA,NA,"Sept.3, 2022",49.281516,-123.15095,NA,Kits Beach,Hakai-FCBB,Niskin bottle sampling,9,3,2022,2022-9-3,0,0,Hakai Institute,https://edmo.seadatanet.org/report/5148
Hakai-FCBB-FC_067,en,http://creativecommons.org/licenses/by/4.0/legalcode,"Lemay, M., & Kellogg, C. (2025). Environmental DNA metabarcoding data from the False Creek Bioblitz, 2022 (v1.0). Hakai Institute. https://doi.org/10.21966/8sgn-jg38",Hakai Institute,2025-07-02,Canada,CA,WGS84,British Columbia,Burrard Inlet,False Creek,FC_067,Station_02_surface,15:20:00,16:45:00,950,"Sept.3, 2022",49.281516,-123.15095,NA,Kits Beach,Hakai-FCBB,Niskin bottle sampling,9,3,2022,2022-9-3,0,0,Hakai Institute,https://edmo.seadatanet.org/report/5148
Hakai-FCBB-FC_068,en,http://creativecommons.org/licenses/by/4.0/legalcode,"Lemay, M., & Kellogg, C. (2025). Environmental DNA metabarcoding data from the False Creek Bioblitz, 2022 (v1.0). Hakai Institute. https://doi.org/10.21966/8sgn-jg38",Hakai Institute,2025-07-02,Canada,CA,WGS84,British Columbia,Burrard Inlet,False Creek,FC_068,Station_02_surface,15:20:00,16:55:00,950,"Sept.3, 2022",49.281516,-123.15095,NA,Kits Beach,Hakai-FCBB,Niskin bottle sampling,9,3,2022,2022-9-3,0,0,Hakai Institute,https://edmo.seadatanet.org/report/5148
Hakai-FCBB-FC_069,en,http://creativecommons.org/licenses/by/4.0/legalcode,"Lemay, M., & Kellogg, C. (2025). Environmental DNA metabarcoding data from the False Creek Bioblitz, 2022 (v1.0). Hakai Institute. https://doi.org/10.21966/8sgn-jg38",Hakai Institute,2025-07-02,Canada,CA,WGS84,British Columbia,Burrard Inlet,False Creek,FC_069,Station_01_bottom,15:30:00,16:50:00,900,"Sept.3, 2022",49.281783,-123.1601,NA,English Bay,Hakai-FCBB,Niskin bottle sampling,9,3,2022,2022-9-3,10,10,Hakai Institute,https://edmo.seadatanet.org/report/5148
Hakai-FCBB-FC_070,en,http://creativecommons.org/licenses/by/4.0/legalcode,"Lemay, M., & Kellogg, C. (2025). Environmental DNA metabarcoding data from the False Creek Bioblitz, 2022 (v1.0). Hakai Institute. https://doi.org/10.21966/8sgn-jg38",Hakai Institute,2025-07-02,Canada,CA,WGS84,British Columbia,Burrard Inlet,False Creek,FC_070,Station_01_bottom,15:30:00,16:50:00,970,"Sept.3, 2022",49.281783,-123.1601,NA,English Bay,Hakai-FCBB,Niskin bottle sampling,9,3,2022,2022-9-3,10,10,Hakai Institute,https://edmo.seadatanet.org/report/5148
Hakai-FCBB-FC_071,en,http://creativecommons.org/licenses/by/4.0/legalcode,"Lemay, M., & Kellogg, C. (2025). Environmental DNA metabarcoding data from the False Creek Bioblitz, 2022 (v1.0). Hakai Institute. https://doi.org/10.21966/8sgn-jg38",Hakai Institute,2025-07-02,Canada,CA,WGS84,British Columbia,Burrard Inlet,False Creek,FC_071,Station_01_bottom,15:30:00,16:40:00,950,"Sept.3, 2022",49.281783,-123.1601,NA,English Bay,Hakai-FCBB,Niskin bottle sampling,9,3,2022,2022-9-3,10,10,Hakai Institute,https://edmo.seadatanet.org/report/5148
Hakai-FCBB-FC_072,en,http://creativecommons.org/licenses/by/4.0/legalcode,"Lemay, M., & Kellogg, C. (2025). Environmental DNA metabarcoding data from the False Creek Bioblitz, 2022 (v1.0). Hakai Institute. https://doi.org/10.21966/8sgn-jg38",Hakai Institute,2025-07-02,Canada,CA,WGS84,British Columbia,Burrard Inlet,False Creek,FC_072,Station_01_surface,15:40:00,17:05:00,NA,"Sept.3, 2022",49.281783,-123.1601,NA,English Bay,Hakai-FCBB,Niskin bottle sampling,9,3,2022,2022-9-3,0,0,Hakai Institute,https://edmo.seadatanet.org/report/5148
Hakai-FCBB-FC_073,en,http://creativecommons.org/licenses/by/4.0/legalcode,"Lemay, M., & Kellogg, C. (2025). Environmental DNA metabarcoding data from the False Creek Bioblitz, 2022 (v1.0). Hakai Institute. https://doi.org/10.21966/8sgn-jg38",Hakai Institute,2025-07-02,Canada,CA,WGS84,British Columbia,Burrard Inlet,False Creek,FC_073,Station_01_surface,15:40:00,17:05:00,950,"Sept.3, 2022",49.281783,-123.1601,NA,English Bay,Hakai-FCBB,Niskin bottle sampling,9,3,2022,2022-9-3,0,0,Hakai Institute,https://edmo.seadatanet.org/report/5148
Hakai-FCBB-FC_074,en,http://creativecommons.org/licenses/by/4.0/legalcode,"Lemay, M., & Kellogg, C. (2025). Environmental DNA metabarcoding data from the False Creek Bioblitz, 2022 (v1.0). Hakai Institute. https://doi.org/10.21966/8sgn-jg38",Hakai Institute,2025-07-02,Canada,CA,WGS84,British Columbia,Burrard Inlet,False Creek,FC_074,Station_01_surface,15:40:00,17:05:00,900,"Sept.3, 2022",49.281783,-123.1601,NA,English Bay,Hakai-FCBB,Niskin bottle sampling,9,3,2022,2022-9-3,0,0,Hakai Institute,https://edmo.seadatanet.org/report/5148
