eventID,measurementValue,measurementType,measurementTypeID,measurementUnit,measurementUnitID,measurementID
Hakai-FCBB-FC-002,950,Water volume filtered,https://vocab.nerc.ac.uk/collection/P01/current/VOLWBSMP/,ml,https://vocab.nerc.ac.uk/collection/P06/current/VVML/,Hakai-FCBB-FC-002-volFiltered
Hakai-FCBB-FC-004,975,Water volume filtered,https://vocab.nerc.ac.uk/collection/P01/current/VOLWBSMP/,ml,https://vocab.nerc.ac.uk/collection/P06/current/VVML/,Hakai-FCBB-FC-004-volFiltered
Hakai-FCBB-FC-005,950,Water volume filtered,https://vocab.nerc.ac.uk/collection/P01/current/VOLWBSMP/,ml,https://vocab.nerc.ac.uk/collection/P06/current/VVML/,Hakai-FCBB-FC-005-volFiltered
Hakai-FCBB-FC-006,950,Water volume filtered,https://vocab.nerc.ac.uk/collection/P01/current/VOLWBSMP/,ml,https://vocab.nerc.ac.uk/collection/P06/current/VVML/,Hakai-FCBB-FC-006-volFiltered
Hakai-FCBB-FC-007,975,Water volume filtered,https://vocab.nerc.ac.uk/collection/P01/current/VOLWBSMP/,ml,https://vocab.nerc.ac.uk/collection/P06/current/VVML/,Hakai-FCBB-FC-007-volFiltered
Hakai-FCBB-FC-008,940,Water volume filtered,https://vocab.nerc.ac.uk/collection/P01/current/VOLWBSMP/,ml,https://vocab.nerc.ac.uk/collection/P06/current/VVML/,Hakai-FCBB-FC-008-volFiltered
Hakai-FCBB-FC-009,960,Water volume filtered,https://vocab.nerc.ac.uk/collection/P01/current/VOLWBSMP/,ml,https://vocab.nerc.ac.uk/collection/P06/current/VVML/,Hakai-FCBB-FC-009-volFiltered
Hakai-FCBB-FC-010,925,Water volume filtered,https://vocab.nerc.ac.uk/collection/P01/current/VOLWBSMP/,ml,https://vocab.nerc.ac.uk/collection/P06/current/VVML/,Hakai-FCBB-FC-010-volFiltered
Hakai-FCBB-FC-011,1000,Water volume filtered,https://vocab.nerc.ac.uk/collection/P01/current/VOLWBSMP/,ml,https://vocab.nerc.ac.uk/collection/P06/current/VVML/,Hakai-FCBB-FC-011-volFiltered
Hakai-FCBB-FC-012,975,Water volume filtered,https://vocab.nerc.ac.uk/collection/P01/current/VOLWBSMP/,ml,https://vocab.nerc.ac.uk/collection/P06/current/VVML/,Hakai-FCBB-FC-012-volFiltered
Hakai-FCBB-FC-013,950,Water volume filtered,https://vocab.nerc.ac.uk/collection/P01/current/VOLWBSMP/,ml,https://vocab.nerc.ac.uk/collection/P06/current/VVML/,Hakai-FCBB-FC-013-volFiltered
Hakai-FCBB-FC-014,1000,Water volume filtered,https://vocab.nerc.ac.uk/collection/P01/current/VOLWBSMP/,ml,https://vocab.nerc.ac.uk/collection/P06/current/VVML/,Hakai-FCBB-FC-014-volFiltered
Hakai-FCBB-FC-015,900,Water volume filtered,https://vocab.nerc.ac.uk/collection/P01/current/VOLWBSMP/,ml,https://vocab.nerc.ac.uk/collection/P06/current/VVML/,Hakai-FCBB-FC-015-volFiltered
Hakai-FCBB-FC-016,925,Water volume filtered,https://vocab.nerc.ac.uk/collection/P01/current/VOLWBSMP/,ml,https://vocab.nerc.ac.uk/collection/P06/current/VVML/,Hakai-FCBB-FC-016-volFiltered
Hakai-FCBB-FC-017,925,Water volume filtered,https://vocab.nerc.ac.uk/collection/P01/current/VOLWBSMP/,ml,https://vocab.nerc.ac.uk/collection/P06/current/VVML/,Hakai-FCBB-FC-017-volFiltered
Hakai-FCBB-FC-018,950,Water volume filtered,https://vocab.nerc.ac.uk/collection/P01/current/VOLWBSMP/,ml,https://vocab.nerc.ac.uk/collection/P06/current/VVML/,Hakai-FCBB-FC-018-volFiltered
Hakai-FCBB-FC-019,950,Water volume filtered,https://vocab.nerc.ac.uk/collection/P01/current/VOLWBSMP/,ml,https://vocab.nerc.ac.uk/collection/P06/current/VVML/,Hakai-FCBB-FC-019-volFiltered
Hakai-FCBB-FC-020,1010,Water volume filtered,https://vocab.nerc.ac.uk/collection/P01/current/VOLWBSMP/,ml,https://vocab.nerc.ac.uk/collection/P06/current/VVML/,Hakai-FCBB-FC-020-volFiltered
Hakai-FCBB-FC-021,950,Water volume filtered,https://vocab.nerc.ac.uk/collection/P01/current/VOLWBSMP/,ml,https://vocab.nerc.ac.uk/collection/P06/current/VVML/,Hakai-FCBB-FC-021-volFiltered
Hakai-FCBB-FC-022,1000,Water volume filtered,https://vocab.nerc.ac.uk/collection/P01/current/VOLWBSMP/,ml,https://vocab.nerc.ac.uk/collection/P06/current/VVML/,Hakai-FCBB-FC-022-volFiltered
Hakai-FCBB-FC-023,925,Water volume filtered,https://vocab.nerc.ac.uk/collection/P01/current/VOLWBSMP/,ml,https://vocab.nerc.ac.uk/collection/P06/current/VVML/,Hakai-FCBB-FC-023-volFiltered
Hakai-FCBB-FC-024,900,Water volume filtered,https://vocab.nerc.ac.uk/collection/P01/current/VOLWBSMP/,ml,https://vocab.nerc.ac.uk/collection/P06/current/VVML/,Hakai-FCBB-FC-024-volFiltered
Hakai-FCBB-FC-026,975,Water volume filtered,https://vocab.nerc.ac.uk/collection/P01/current/VOLWBSMP/,ml,https://vocab.nerc.ac.uk/collection/P06/current/VVML/,Hakai-FCBB-FC-026-volFiltered
Hakai-FCBB-FC-027,1000,Water volume filtered,https://vocab.nerc.ac.uk/collection/P01/current/VOLWBSMP/,ml,https://vocab.nerc.ac.uk/collection/P06/current/VVML/,Hakai-FCBB-FC-027-volFiltered
Hakai-FCBB-FC-028,1000,Water volume filtered,https://vocab.nerc.ac.uk/collection/P01/current/VOLWBSMP/,ml,https://vocab.nerc.ac.uk/collection/P06/current/VVML/,Hakai-FCBB-FC-028-volFiltered
Hakai-FCBB-FC-029,1000,Water volume filtered,https://vocab.nerc.ac.uk/collection/P01/current/VOLWBSMP/,ml,https://vocab.nerc.ac.uk/collection/P06/current/VVML/,Hakai-FCBB-FC-029-volFiltered
Hakai-FCBB-FC-030,950,Water volume filtered,https://vocab.nerc.ac.uk/collection/P01/current/VOLWBSMP/,ml,https://vocab.nerc.ac.uk/collection/P06/current/VVML/,Hakai-FCBB-FC-030-volFiltered
Hakai-FCBB-FC-031,950,Water volume filtered,https://vocab.nerc.ac.uk/collection/P01/current/VOLWBSMP/,ml,https://vocab.nerc.ac.uk/collection/P06/current/VVML/,Hakai-FCBB-FC-031-volFiltered
Hakai-FCBB-FC-033,950,Water volume filtered,https://vocab.nerc.ac.uk/collection/P01/current/VOLWBSMP/,ml,https://vocab.nerc.ac.uk/collection/P06/current/VVML/,Hakai-FCBB-FC-033-volFiltered
Hakai-FCBB-FC-035,950,Water volume filtered,https://vocab.nerc.ac.uk/collection/P01/current/VOLWBSMP/,ml,https://vocab.nerc.ac.uk/collection/P06/current/VVML/,Hakai-FCBB-FC-035-volFiltered
Hakai-FCBB-FC-036,1000,Water volume filtered,https://vocab.nerc.ac.uk/collection/P01/current/VOLWBSMP/,ml,https://vocab.nerc.ac.uk/collection/P06/current/VVML/,Hakai-FCBB-FC-036-volFiltered
Hakai-FCBB-FC-037,950,Water volume filtered,https://vocab.nerc.ac.uk/collection/P01/current/VOLWBSMP/,ml,https://vocab.nerc.ac.uk/collection/P06/current/VVML/,Hakai-FCBB-FC-037-volFiltered
Hakai-FCBB-FC-038,925,Water volume filtered,https://vocab.nerc.ac.uk/collection/P01/current/VOLWBSMP/,ml,https://vocab.nerc.ac.uk/collection/P06/current/VVML/,Hakai-FCBB-FC-038-volFiltered
Hakai-FCBB-FC-039,800,Water volume filtered,https://vocab.nerc.ac.uk/collection/P01/current/VOLWBSMP/,ml,https://vocab.nerc.ac.uk/collection/P06/current/VVML/,Hakai-FCBB-FC-039-volFiltered
Hakai-FCBB-FC-040,945,Water volume filtered,https://vocab.nerc.ac.uk/collection/P01/current/VOLWBSMP/,ml,https://vocab.nerc.ac.uk/collection/P06/current/VVML/,Hakai-FCBB-FC-040-volFiltered
Hakai-FCBB-FC-041,1000,Water volume filtered,https://vocab.nerc.ac.uk/collection/P01/current/VOLWBSMP/,ml,https://vocab.nerc.ac.uk/collection/P06/current/VVML/,Hakai-FCBB-FC-041-volFiltered
Hakai-FCBB-FC-042,850,Water volume filtered,https://vocab.nerc.ac.uk/collection/P01/current/VOLWBSMP/,ml,https://vocab.nerc.ac.uk/collection/P06/current/VVML/,Hakai-FCBB-FC-042-volFiltered
Hakai-FCBB-FC-043,1000,Water volume filtered,https://vocab.nerc.ac.uk/collection/P01/current/VOLWBSMP/,ml,https://vocab.nerc.ac.uk/collection/P06/current/VVML/,Hakai-FCBB-FC-043-volFiltered
Hakai-FCBB-FC-044,950,Water volume filtered,https://vocab.nerc.ac.uk/collection/P01/current/VOLWBSMP/,ml,https://vocab.nerc.ac.uk/collection/P06/current/VVML/,Hakai-FCBB-FC-044-volFiltered
Hakai-FCBB-FC-045,950,Water volume filtered,https://vocab.nerc.ac.uk/collection/P01/current/VOLWBSMP/,ml,https://vocab.nerc.ac.uk/collection/P06/current/VVML/,Hakai-FCBB-FC-045-volFiltered
Hakai-FCBB-FC-046,1000,Water volume filtered,https://vocab.nerc.ac.uk/collection/P01/current/VOLWBSMP/,ml,https://vocab.nerc.ac.uk/collection/P06/current/VVML/,Hakai-FCBB-FC-046-volFiltered
Hakai-FCBB-FC-047,1000,Water volume filtered,https://vocab.nerc.ac.uk/collection/P01/current/VOLWBSMP/,ml,https://vocab.nerc.ac.uk/collection/P06/current/VVML/,Hakai-FCBB-FC-047-volFiltered
Hakai-FCBB-FC-048,1000,Water volume filtered,https://vocab.nerc.ac.uk/collection/P01/current/VOLWBSMP/,ml,https://vocab.nerc.ac.uk/collection/P06/current/VVML/,Hakai-FCBB-FC-048-volFiltered
Hakai-FCBB-FC-049,925,Water volume filtered,https://vocab.nerc.ac.uk/collection/P01/current/VOLWBSMP/,ml,https://vocab.nerc.ac.uk/collection/P06/current/VVML/,Hakai-FCBB-FC-049-volFiltered
Hakai-FCBB-FC-050,1000,Water volume filtered,https://vocab.nerc.ac.uk/collection/P01/current/VOLWBSMP/,ml,https://vocab.nerc.ac.uk/collection/P06/current/VVML/,Hakai-FCBB-FC-050-volFiltered
Hakai-FCBB-FC-051,1000,Water volume filtered,https://vocab.nerc.ac.uk/collection/P01/current/VOLWBSMP/,ml,https://vocab.nerc.ac.uk/collection/P06/current/VVML/,Hakai-FCBB-FC-051-volFiltered
Hakai-FCBB-FC-052,1000,Water volume filtered,https://vocab.nerc.ac.uk/collection/P01/current/VOLWBSMP/,ml,https://vocab.nerc.ac.uk/collection/P06/current/VVML/,Hakai-FCBB-FC-052-volFiltered
Hakai-FCBB-FC-054,950,Water volume filtered,https://vocab.nerc.ac.uk/collection/P01/current/VOLWBSMP/,ml,https://vocab.nerc.ac.uk/collection/P06/current/VVML/,Hakai-FCBB-FC-054-volFiltered
Hakai-FCBB-FC-055,1000,Water volume filtered,https://vocab.nerc.ac.uk/collection/P01/current/VOLWBSMP/,ml,https://vocab.nerc.ac.uk/collection/P06/current/VVML/,Hakai-FCBB-FC-055-volFiltered
Hakai-FCBB-FC-056,950,Water volume filtered,https://vocab.nerc.ac.uk/collection/P01/current/VOLWBSMP/,ml,https://vocab.nerc.ac.uk/collection/P06/current/VVML/,Hakai-FCBB-FC-056-volFiltered
Hakai-FCBB-FC-057,975,Water volume filtered,https://vocab.nerc.ac.uk/collection/P01/current/VOLWBSMP/,ml,https://vocab.nerc.ac.uk/collection/P06/current/VVML/,Hakai-FCBB-FC-057-volFiltered
Hakai-FCBB-FC-058,1000,Water volume filtered,https://vocab.nerc.ac.uk/collection/P01/current/VOLWBSMP/,ml,https://vocab.nerc.ac.uk/collection/P06/current/VVML/,Hakai-FCBB-FC-058-volFiltered
Hakai-FCBB-FC-059,950,Water volume filtered,https://vocab.nerc.ac.uk/collection/P01/current/VOLWBSMP/,ml,https://vocab.nerc.ac.uk/collection/P06/current/VVML/,Hakai-FCBB-FC-059-volFiltered
Hakai-FCBB-FC-060,950,Water volume filtered,https://vocab.nerc.ac.uk/collection/P01/current/VOLWBSMP/,ml,https://vocab.nerc.ac.uk/collection/P06/current/VVML/,Hakai-FCBB-FC-060-volFiltered
Hakai-FCBB-FC-061,1000,Water volume filtered,https://vocab.nerc.ac.uk/collection/P01/current/VOLWBSMP/,ml,https://vocab.nerc.ac.uk/collection/P06/current/VVML/,Hakai-FCBB-FC-061-volFiltered
Hakai-FCBB-FC-062,950,Water volume filtered,https://vocab.nerc.ac.uk/collection/P01/current/VOLWBSMP/,ml,https://vocab.nerc.ac.uk/collection/P06/current/VVML/,Hakai-FCBB-FC-062-volFiltered
Hakai-FCBB-FC-063,950,Water volume filtered,https://vocab.nerc.ac.uk/collection/P01/current/VOLWBSMP/,ml,https://vocab.nerc.ac.uk/collection/P06/current/VVML/,Hakai-FCBB-FC-063-volFiltered
Hakai-FCBB-FC-064,1000,Water volume filtered,https://vocab.nerc.ac.uk/collection/P01/current/VOLWBSMP/,ml,https://vocab.nerc.ac.uk/collection/P06/current/VVML/,Hakai-FCBB-FC-064-volFiltered
Hakai-FCBB-FC-065,950,Water volume filtered,https://vocab.nerc.ac.uk/collection/P01/current/VOLWBSMP/,ml,https://vocab.nerc.ac.uk/collection/P06/current/VVML/,Hakai-FCBB-FC-065-volFiltered
Hakai-FCBB-FC-067,950,Water volume filtered,https://vocab.nerc.ac.uk/collection/P01/current/VOLWBSMP/,ml,https://vocab.nerc.ac.uk/collection/P06/current/VVML/,Hakai-FCBB-FC-067-volFiltered
Hakai-FCBB-FC-068,950,Water volume filtered,https://vocab.nerc.ac.uk/collection/P01/current/VOLWBSMP/,ml,https://vocab.nerc.ac.uk/collection/P06/current/VVML/,Hakai-FCBB-FC-068-volFiltered
Hakai-FCBB-FC-069,900,Water volume filtered,https://vocab.nerc.ac.uk/collection/P01/current/VOLWBSMP/,ml,https://vocab.nerc.ac.uk/collection/P06/current/VVML/,Hakai-FCBB-FC-069-volFiltered
Hakai-FCBB-FC-070,970,Water volume filtered,https://vocab.nerc.ac.uk/collection/P01/current/VOLWBSMP/,ml,https://vocab.nerc.ac.uk/collection/P06/current/VVML/,Hakai-FCBB-FC-070-volFiltered
Hakai-FCBB-FC-071,950,Water volume filtered,https://vocab.nerc.ac.uk/collection/P01/current/VOLWBSMP/,ml,https://vocab.nerc.ac.uk/collection/P06/current/VVML/,Hakai-FCBB-FC-071-volFiltered
Hakai-FCBB-FC-073,950,Water volume filtered,https://vocab.nerc.ac.uk/collection/P01/current/VOLWBSMP/,ml,https://vocab.nerc.ac.uk/collection/P06/current/VVML/,Hakai-FCBB-FC-073-volFiltered
Hakai-FCBB-FC-074,900,Water volume filtered,https://vocab.nerc.ac.uk/collection/P01/current/VOLWBSMP/,ml,https://vocab.nerc.ac.uk/collection/P06/current/VVML/,Hakai-FCBB-FC-074-volFiltered
