ASV,kingdom,phylum,class,order,family,genus,species
ASV11,Eukaryota,Chordata,Actinopteri,Uranoscopiformes,Ammodytidae,Ammodytes,Ammodytes personatus
ASV22,Eukaryota,Chordata,Actinopteri,Pleuronectiformes,Cyclopsettidae,Citharichthys,Citharichthys stigmaeus
ASV34,Eukaryota,Chordata,Actinopteri,Pleuronectiformes,Cyclopsettidae,Citharichthys,Citharichthys stigmaeus
ASV6,Eukaryota,Chordata,Actinopteri,Clupeiformes,Clupeidae,Clupea,Clupea pallasii
ASV10,Eukaryota,Chordata,Actinopteri,Clupeiformes,Clupeidae,Clupea,Clupea pallasii
ASV18,Eukaryota,Chordata,Actinopteri,Clupeiformes,Clupeidae,Clupea,Clupea pallasii
ASV21,Eukaryota,Chordata,Actinopteri,Clupeiformes,Clupeidae,Clupea,Clupea pallasii
ASV25,Eukaryota,Chordata,Actinopteri,Clupeiformes,Clupeidae,Clupea,Clupea pallasii
ASV29,Eukaryota,Chordata,Actinopteri,Clupeiformes,Clupeidae,Clupea,Clupea pallasii
ASV51,Eukaryota,Chordata,Actinopteri,Clupeiformes,Clupeidae,Clupea,Clupea pallasii
ASV53,Eukaryota,Chordata,Actinopteri,Clupeiformes,Clupeidae,Clupea,Clupea pallasii
ASV54,Eukaryota,Chordata,Actinopteri,Perciformes,Cottidae,Cottus,Cottus sp.
ASV3,Eukaryota,Chordata,Actinopteri,unknown order,Embiotocidae,Cymatogaster,Cymatogaster aggregata
ASV7,Eukaryota,Chordata,Actinopteri,unknown order,Embiotocidae,Cymatogaster,Cymatogaster aggregata
ASV33,Eukaryota,Chordata,Actinopteri,unknown order,Embiotocidae,Cymatogaster,Cymatogaster aggregata
ASV45,Eukaryota,Chordata,Actinopteri,unknown order,Embiotocidae,Cymatogaster,Cymatogaster aggregata
ASV56,Eukaryota,Chordata,Actinopteri,unknown order,Embiotocidae,Cymatogaster,Cymatogaster aggregata
ASV1,Eukaryota,Chordata,Actinopteri,Clupeiformes,Engraulidae,Engraulis,Engraulis mordax
ASV8,Eukaryota,Chordata,Actinopteri,Clupeiformes,Engraulidae,Engraulis,Engraulis mordax
ASV14,Eukaryota,Chordata,Actinopteri,Clupeiformes,Engraulidae,Engraulis,Engraulis mordax
ASV19,Eukaryota,Chordata,Actinopteri,Clupeiformes,Engraulidae,Engraulis,Engraulis mordax
ASV20,Eukaryota,Chordata,Actinopteri,Clupeiformes,Engraulidae,Engraulis,Engraulis mordax
ASV24,Eukaryota,Chordata,Actinopteri,Clupeiformes,Engraulidae,Engraulis,Engraulis mordax
ASV31,Eukaryota,Chordata,Actinopteri,Clupeiformes,Engraulidae,Engraulis,Engraulis mordax
ASV36,Eukaryota,Chordata,Actinopteri,Clupeiformes,Engraulidae,Engraulis,Engraulis mordax
ASV39,Eukaryota,Chordata,Actinopteri,Clupeiformes,Engraulidae,Engraulis,Engraulis mordax
ASV40,Eukaryota,Chordata,Actinopteri,Clupeiformes,Engraulidae,Engraulis,Engraulis mordax
ASV55,Eukaryota,Chordata,Actinopteri,Clupeiformes,Engraulidae,Engraulis,Engraulis mordax
ASV58,Eukaryota,Chordata,Actinopteri,Clupeiformes,Engraulidae,Engraulis,Engraulis mordax
ASV59,Eukaryota,Chordata,Actinopteri,Clupeiformes,Engraulidae,Engraulis,Engraulis mordax
ASV62,Eukaryota,Chordata,Actinopteri,Clupeiformes,Engraulidae,Engraulis,Engraulis mordax
ASV74,Eukaryota,Chordata,Actinopteri,Clupeiformes,Engraulidae,Engraulis,Engraulis mordax
ASV87,Eukaryota,Chordata,Actinopteri,Clupeiformes,Engraulidae,Engraulis,Engraulis mordax
ASV91,Eukaryota,Chordata,Actinopteri,Clupeiformes,Engraulidae,Engraulis,Engraulis mordax
ASV35,Eukaryota,Chordata,Actinopteri,Perciformes,Cottidae,Enophrys,Enophrys bison
ASV5,Eukaryota,Chordata,Actinopteri,Perciformes,Gasterosteidae,Gasterosteus,Gasterosteus aculeatus
ASV30,Eukaryota,Chordata,Actinopteri,Perciformes,Gasterosteidae,Gasterosteus,Gasterosteus aculeatus
ASV37,Eukaryota,Chordata,Actinopteri,Perciformes,Gasterosteidae,Gasterosteus,Gasterosteus aculeatus
ASV38,Eukaryota,Chordata,Actinopteri,Perciformes,Gasterosteidae,Gasterosteus,Gasterosteus aculeatus
ASV43,Eukaryota,Chordata,Actinopteri,Perciformes,Gasterosteidae,Gasterosteus,Gasterosteus aculeatus
ASV57,Eukaryota,Chordata,Actinopteri,Perciformes,Gasterosteidae,Gasterosteus,Gasterosteus aculeatus
ASV77,Eukaryota,Chordata,Actinopteri,Perciformes,Gasterosteidae,Gasterosteus,Gasterosteus aculeatus
ASV48,Eukaryota,Chordata,Actinopteri,Perciformes,Hexagrammidae,Hexagrammos,Hexagrammos agrammus
ASV26,Eukaryota,Chordata,Chondrichthyes,Hexanchiformes,Hexanchidae,Hexanchus,Hexanchus griseus
ASV27,Eukaryota,Chordata,Actinopteri,Gobiiformes,Gobiidae,Lepidogobius,Lepidogobius lepidus
ASV16,Eukaryota,Chordata,Actinopteri,Perciformes,Stichaeidae,Lumpenus,Lumpenus sagitta
ASV65,Eukaryota,Chordata,Actinopteri,Gadiformes,Merlucciidae,Merluccius,Merluccius productus
ASV4,Eukaryota,Chordata,Actinopteri,Salmoniformes,Salmonidae,Oncorhynchus,Oncorhynchus kisutch
ASV17,Eukaryota,Chordata,Actinopteri,Salmoniformes,Salmonidae,Oncorhynchus,Oncorhynchus nerka
ASV28,Eukaryota,Chordata,Actinopteri,Salmoniformes,Salmonidae,Oncorhynchus,Oncorhynchus nerka
ASV49,Eukaryota,Chordata,Actinopteri,Salmoniformes,Salmonidae,Oncorhynchus,Oncorhynchus nerka
ASV2,Eukaryota,Chordata,Actinopteri,Salmoniformes,Salmonidae,Oncorhynchus,Oncorhynchus tshawytscha
ASV47,Eukaryota,Chordata,Actinopteri,Salmoniformes,Salmonidae,Oncorhynchus,Oncorhynchus tshawytscha
ASV52,Eukaryota,Chordata,Actinopteri,Salmoniformes,Salmonidae,Oncorhynchus,Oncorhynchus tshawytscha
ASV80,Eukaryota,Chordata,Actinopteri,Salmoniformes,Salmonidae,Oncorhynchus,Oncorhynchus tshawytscha
ASV12,Eukaryota,Chordata,Actinopteri,Perciformes,Pholidae,Pholis,Pholis ornata
ASV13,Eukaryota,Chordata,Actinopteri,Pleuronectiformes,Pleuronectidae,Platichthys,Platichthys stellatus
ASV9,Eukaryota,Chordata,Actinopteri,Pleuronectiformes,Pleuronectidae,unknown,unknown
ASV72,Eukaryota,Chordata,Actinopteri,Pleuronectiformes,Pleuronectidae,unknown,unknown
ASV50,Eukaryota,Chordata,Actinopteri,Cypriniformes,Leuciscidae,Ptychocheilus,Ptychocheilus sp.
ASV15,Eukaryota,Chordata,Actinopteri,Scombriformes,Scombridae,Thunnus,Thunnus alalunga
