verbatimIdentification,scientificName,scientificNameID
Engraulis mordax,"Engraulis mordax Girard, 1854",urn:lsid:marinespecies.org:taxname:272286
Clupea pallasii,"Clupea pallasii Valenciennes, 1847",urn:lsid:marinespecies.org:taxname:151159
Ammodytes personatus,"Ammodytes personatus Girard, 1856",urn:lsid:marinespecies.org:taxname:272967
Pholis ornata,"Pholis ornata (Girard, 1854)",urn:lsid:marinespecies.org:taxname:273692
Platichthys stellatus,"Platichthys stellatus (Pallas, 1787)",urn:lsid:marinespecies.org:taxname:154781
Thunnus alalunga,"Thunnus alalunga (Bonnaterre, 1788)",urn:lsid:marinespecies.org:taxname:127026
Lumpenus sagitta,"Lumpenus sagitta Wilimovsky, 1956",urn:lsid:marinespecies.org:taxname:254579
Oncorhynchus nerka,"Oncorhynchus nerka (Walbaum, 1792)",urn:lsid:marinespecies.org:taxname:254569
Oncorhynchus tshawytscha,"Oncorhynchus tshawytscha (Walbaum, 1792)",urn:lsid:marinespecies.org:taxname:158075
Citharichthys stigmaeus,"Citharichthys stigmaeus Jordan & Gilbert, 1882",urn:lsid:marinespecies.org:taxname:275696
Hexanchus griseus,"Hexanchus griseus (Bonnaterre, 1788)",urn:lsid:marinespecies.org:taxname:105833
Lepidogobius lepidus,"Lepidogobius lepidus (Girard, 1858)",urn:lsid:marinespecies.org:taxname:281292
Cymatogaster aggregata,"Cymatogaster aggregata Gibbons, 1854",urn:lsid:marinespecies.org:taxname:280461
Gasterosteus aculeatus,"Gasterosteus aculeatus Linnaeus, 1758",urn:lsid:marinespecies.org:taxname:126505
Enophrys bison,"Enophrys bison (Girard, 1854)",urn:lsid:marinespecies.org:taxname:275355
Oncorhynchus kisutch,"Oncorhynchus kisutch (Walbaum, 1792)",urn:lsid:marinespecies.org:taxname:127184
Hexagrammos agrammus,"Hexagrammos agrammus (Temminck & Schlegel, 1843)",urn:lsid:marinespecies.org:taxname:279410
Ptychocheilus sp.,"Ptychocheilus Agassiz, 1855",urn:lsid:marinespecies.org:taxname:270659
Cottus sp.,"Cottus Linnaeus, 1758",urn:lsid:marinespecies.org:taxname:126148
Merluccius productus,"Merluccius productus (Ayres, 1855)",urn:lsid:marinespecies.org:taxname:272458
Pleuronectidae family,"Pleuronectidae Rafinesque, 1815",urn:lsid:marinespecies.org:taxname:125579
Cyclotella cryptica,Cyclotella cryptica,urn:lsid:marinespecies.org:taxname:148998
Metridia pacifica,Metridia pacifica,urn:lsid:marinespecies.org:taxname:196784
Paracalanus sp. C AC-2013,Paracalanus,urn:lsid:marinespecies.org:taxname:104196
Cylindrotheca closterium,Cylindrotheca closterium,urn:lsid:marinespecies.org:taxname:149004
Synchaeta kitina,Synchaeta kitina,urn:lsid:marinespecies.org:taxname:1796196
Amphiodia cf. urtica KSL-2016,Amphiodia,urn:lsid:marinespecies.org:taxname:172595
Cyclopidae sp. CCG1_Katla,Cyclopidae,urn:lsid:marinespecies.org:taxname:106413
Mytilus trossulus,Mytilus trossulus,urn:lsid:marinespecies.org:taxname:140482
Pseudocalanus newmani,Pseudocalanus newmani,urn:lsid:marinespecies.org:taxname:157679
Dinophyceae,Dinophyceae,urn:lsid:marinespecies.org:taxname:19542
Polydora cornuta,Polydora cornuta,urn:lsid:marinespecies.org:taxname:131143
Perophora sagamiensis,Perophora sagamiensis,urn:lsid:marinespecies.org:taxname:250618
Pseudopolydora bassarginensis,Pseudopolydora bassarginensis,urn:lsid:marinespecies.org:taxname:334675
Bacillariophyta,Bacillariophyta,urn:lsid:marinespecies.org:taxname:148898
Nutricola tantilla,Nutricola tantilla,urn:lsid:marinespecies.org:taxname:507789
Glycera americana,Glycera americana,urn:lsid:marinespecies.org:taxname:157388
Acartia longiremis,Acartia longiremis,urn:lsid:marinespecies.org:taxname:104257
Glycinde sp. BCPOL601-10,Glycinde,urn:lsid:marinespecies.org:taxname:129299
Oithona similis,Oithona similis,urn:lsid:marinespecies.org:taxname:106656
Vesiculariidae,Vesiculariidae,urn:lsid:marinespecies.org:taxname:110802
Pseudo-nitzschia multiseries,Pseudo-nitzschia multiseries,urn:lsid:marinespecies.org:taxname:175738
Hemiaulus sinensis,Hemiaulus sinensis,urn:lsid:marinespecies.org:taxname:163250
Stephanopyxis turris,Stephanopyxis turris,urn:lsid:marinespecies.org:taxname:149631
Clinocardium nuttallii,Clinocardium nuttallii,urn:lsid:marinespecies.org:taxname:381980
Skeletonema,Skeletonema,urn:lsid:marinespecies.org:taxname:149073
Chaetoceros socialis,Chaetoceros socialis,urn:lsid:marinespecies.org:taxname:149123
Eucampia zodiacus,Eucampia zodiacus,urn:lsid:marinespecies.org:taxname:149131
Pseudoscourfieldia marina,Pseudoscourfieldia marina,urn:lsid:marinespecies.org:taxname:134566
Pyropia nitida,Pyropia nitida,urn:lsid:marinespecies.org:taxname:1359675
Phaeocystis antarctica,Phaeocystis antarctica,urn:lsid:marinespecies.org:taxname:341585
Leucocryptos marina,Leucocryptos marina,urn:lsid:marinespecies.org:taxname:119077
Pectinaria aff. granulata CMC01,Pectinaria,urn:lsid:marinespecies.org:taxname:129437
Skeletonema subsalsum,Skeletonema subsalsum,urn:lsid:marinespecies.org:taxname:149075
Kurtiella bidentata,Kurtiella bidentata,urn:lsid:marinespecies.org:taxname:345281
Thalassionema nitzschioides,Thalassionema nitzschioides,urn:lsid:marinespecies.org:taxname:149093
Skeletonema japonicum,Skeletonema japonicum,urn:lsid:marinespecies.org:taxname:376666
Nitzschia cf. promare,Nitzschia,urn:lsid:marinespecies.org:taxname:149045
Acila castrensis,Acila castrensis,urn:lsid:marinespecies.org:taxname:506568
Bathycoccus prasinos,Bathycoccus prasinos,urn:lsid:marinespecies.org:taxname:345459
Chaetoceros,Chaetoceros,urn:lsid:marinespecies.org:taxname:148985
Amathia sp. 149959,Amathia,urn:lsid:marinespecies.org:taxname:111022
Melosira nummuloides,Melosira nummuloides,urn:lsid:marinespecies.org:taxname:149044
Bankia setacea,Bankia setacea,urn:lsid:marinespecies.org:taxname:527858
Ruditapes philippinarum,Ruditapes philippinarum,urn:lsid:marinespecies.org:taxname:231750
Armandia brevis,Armandia brevis,urn:lsid:marinespecies.org:taxname:333048
Squamamoeba japonica,Squamamoeba japonica,urn:lsid:marinespecies.org:taxname:761218
Coscinodiscus granii,Coscinodiscus granii,urn:lsid:marinespecies.org:taxname:149271
Protoperidinium cf. depressum,Protoperidinium,urn:lsid:marinespecies.org:taxname:109553
Ampharete americana,Ampharete americana,urn:lsid:marinespecies.org:taxname:326311
Evadne sp.,Evadne,urn:lsid:marinespecies.org:taxname:106267
Paraphysomonas sp.,Paraphysomonas,urn:lsid:marinespecies.org:taxname:291417
Synchaeta cecilia,Synchaeta cecilia,urn:lsid:marinespecies.org:taxname:135049
Heterosigma akashiwo,Heterosigma akashiwo,urn:lsid:marinespecies.org:taxname:160585
Thalassiosirales,Thalassiosirales,urn:lsid:marinespecies.org:taxname:148903
Kareniaceae,Kareniaceae,urn:lsid:marinespecies.org:taxname:599664
Thalassiosira pseudonana,Thalassiosira pseudonana,urn:lsid:marinespecies.org:taxname:148934
Biecheleriopsis adriatica,Biecheleriopsis adriatica,urn:lsid:marinespecies.org:taxname:837989
Scrippsiella precaria,Scrippsiella precaria,urn:lsid:marinespecies.org:taxname:110173
Polydora onagawaensis,Polydora onagawaensis,urn:lsid:marinespecies.org:taxname:1611501
Chlorella sp. FACHB-1531,Chlorella,urn:lsid:marinespecies.org:taxname:160576
Prorocentrum,Prorocentrum,urn:lsid:marinespecies.org:taxname:109566
Rhizosolenia setigera,Rhizosolenia setigera,urn:lsid:marinespecies.org:taxname:149115
Pseudo-nitzschia delicatissima,Pseudo-nitzschia delicatissima,urn:lsid:marinespecies.org:taxname:149153
Saxidomus gigantea,Saxidomus gigantea,urn:lsid:marinespecies.org:taxname:546014
Nitzschia inconspicua,Nitzschia inconspicua,urn:lsid:marinespecies.org:taxname:175420
Thalassiosira nordenskioeldii,Thalassiosira nordenskioeldii,urn:lsid:marinespecies.org:taxname:148931
Dolichomastix tenuilepis,Dolichomastix tenuilepis,urn:lsid:marinespecies.org:taxname:345463
Prorocentrum pervagatum,Prorocentrum pervagatum,urn:lsid:marinespecies.org:taxname:1635283
Oomycota,Oomycota,urn:lsid:marinespecies.org:taxname:22154
Skeletonema marinoi,Skeletonema marinoi,urn:lsid:marinespecies.org:taxname:376667
Guinardia delicatula,Guinardia delicatula,urn:lsid:marinespecies.org:taxname:149112
Nitzschia,Nitzschia,urn:lsid:marinespecies.org:taxname:149045
Cyclostephanos sp. WTC16,Cyclostephanos,urn:lsid:marinespecies.org:taxname:148995
Attheya longicornis,Attheya longicornis,urn:lsid:marinespecies.org:taxname:464444
Paracalanus parvus,Paracalanus parvus,urn:lsid:marinespecies.org:taxname:104685
Calanoida sp. NJCGS407-10,Calanoida,urn:lsid:marinespecies.org:taxname:1100
Nassarius mendicus,Nassarius mendicus,urn:lsid:marinespecies.org:taxname:560256
Micromonas pusilla,Micromonas pusilla,urn:lsid:marinespecies.org:taxname:134564
Balanus nubilus,Balanus nubilus,urn:lsid:marinespecies.org:taxname:594745
Phaeocystis globosa,Phaeocystis globosa,urn:lsid:marinespecies.org:taxname:160538
Harpacticoida sp. 10BIOBC-00676,Harpacticoida,urn:lsid:marinespecies.org:taxname:1102
Balanus crenatus,Balanus crenatus,urn:lsid:marinespecies.org:taxname:106215
Synchaeta triophthalma,Synchaeta triophthalma,urn:lsid:marinespecies.org:taxname:135066
Calanus pacificus,Calanus pacificus,urn:lsid:marinespecies.org:taxname:196771
Micropodarke dubia,Micropodarke dubia,urn:lsid:marinespecies.org:taxname:334017
Asterionellopsis glacialis,Asterionellopsis glacialis,urn:lsid:marinespecies.org:taxname:149139
Neoamphitrite,Neoamphitrite,urn:lsid:marinespecies.org:taxname:129702
Cymbomonas tetramitiformis,Cymbomonas tetramitiformis,urn:lsid:marinespecies.org:taxname:134545
Nuttallia japonica,Nuttallia japonica,urn:lsid:marinespecies.org:taxname:507188
Corambe steinbergae,Corambe steinbergae,urn:lsid:marinespecies.org:taxname:535679
Minutocellus polymorphus,Minutocellus polymorphus,urn:lsid:marinespecies.org:taxname:464449
Ditylum brightwellii,Ditylum brightwellii,urn:lsid:marinespecies.org:taxname:149023
Synchaeta vorax,Synchaeta vorax,urn:lsid:marinespecies.org:taxname:135067
Ophelina acuminata,Ophelina acuminata,urn:lsid:marinespecies.org:taxname:130500
Amphiodia cf. urtica EAC-2010,Amphiodia,urn:lsid:marinespecies.org:taxname:172595
Pleopis polyphemoides,Pleopis polyphemoides,urn:lsid:marinespecies.org:taxname:247981
Acartia hudsonica,Acartia hudsonica,urn:lsid:marinespecies.org:taxname:157664
Mya arenaria,Mya arenaria,urn:lsid:marinespecies.org:taxname:140430
Pleurobrachia bachei,Pleurobrachia bachei,urn:lsid:marinespecies.org:taxname:265191
Chaetoceros tenuissimus,Chaetoceros tenuissimus,urn:lsid:marinespecies.org:taxname:156623
Halicyclops itohi,Halicyclops itohi,urn:lsid:marinespecies.org:taxname:606470
Micromonas,Micromonas,urn:lsid:marinespecies.org:taxname:134533
Paleanotus bellis,Paleanotus bellis,urn:lsid:marinespecies.org:taxname:334328
Micromonas pusilla CCMP1545,Micromonas pusilla,urn:lsid:marinespecies.org:taxname:134564
Paralia sulcata,Paralia sulcata,urn:lsid:marinespecies.org:taxname:149055
Glycinde sp. 11BIOAK-0852,Glycinde,urn:lsid:marinespecies.org:taxname:129299
Pleurosigma strigosum,Pleurosigma strigosum,urn:lsid:marinespecies.org:taxname:156586
Laonice cirrata CMC01,Laonice cirrata,urn:lsid:marinespecies.org:taxname:131128
Chloroparvula pacifica,Chloroparvula pacifica,urn:lsid:marinespecies.org:taxname:1361158
Hematodinium sp.,Hematodinium,urn:lsid:marinespecies.org:taxname:577498
Magallana gigas,Magallana gigas,urn:lsid:marinespecies.org:taxname:836033
Synchaeta,Synchaeta,urn:lsid:marinespecies.org:taxname:134958
Glycinde picta,Glycinde picta,urn:lsid:marinespecies.org:taxname:240625
Eurytemora americana,Eurytemora americana,urn:lsid:marinespecies.org:taxname:104873
Heterocapsa rotundata,Heterocapsa rotundata,urn:lsid:marinespecies.org:taxname:110152
Capitellidae sp. 11BIOAK-1459,Capitellidae,urn:lsid:marinespecies.org:taxname:921
Pseudocalanus,Pseudocalanus,urn:lsid:marinespecies.org:taxname:104165
Lumbrineridae,Lumbrineridae,urn:lsid:marinespecies.org:taxname:967
Balanus sp. BCC2010-012,Balanus,urn:lsid:marinespecies.org:taxname:106122
Dictyocha speculum,Dictyocha speculum,urn:lsid:marinespecies.org:taxname:157260
Woeseia,Woeseia,
Sva0996_marine_group,Microtrichaceae,
NS4_marine_group,Flavobacteriaceae,urn:lsid:marinespecies.org:taxname:559995
Fluviicola,Fluviicola,
Gammaproteobacteria,Gammaproteobacteria,urn:lsid:marinespecies.org:taxname:393018
Rhodobacteraceae,Rhodobacteraceae,urn:lsid:marinespecies.org:taxname:393084
SAR116_clade,Puniceispirillales,
NS9_marine_group,Flavobacteriales,urn:lsid:marinespecies.org:taxname:559998
Pseudohongiella,Pseudohongiella,
Persicirhabdus,Persicirhabdus,urn:lsid:marinespecies.org:taxname:564326
Ascidiaceihabitans,Ascidiaceihabitans,
LS-NOB,Nitrospinaceae,urn:lsid:marinespecies.org:taxname:570083
Kordiimonadales,Kordiimonadales,urn:lsid:marinespecies.org:taxname:393988
Prolixibacteraceae,Prolixibacteraceae,urn:lsid:marinespecies.org:taxname:1731279
OM27_clade,Bdellovibrionaceae,urn:lsid:marinespecies.org:taxname:570032
SUP05_cluster,Thioglobaceae,
Chitinophagales,Chitinophagales,
Marinimicrobia_(SAR406_clade),Bacteria,urn:lsid:marinespecies.org:taxname:6
Cryomorphaceae,Cryomorphaceae,urn:lsid:marinespecies.org:taxname:559981
NS5_marine_group,Flavobacteriaceae,urn:lsid:marinespecies.org:taxname:559995
Prevotella_7,Prevotellaceae,
Clade_III,Alphaproteobacteria,urn:lsid:marinespecies.org:taxname:392750
Desulfocapsaceae,Desulfocapsaceae,
Puniceispirillales,Puniceispirillales,
OM60(NOR5)_clade,Halieaceae,
Clade_Ia,Alphaproteobacteria,urn:lsid:marinespecies.org:taxname:392750
MB11C04_marine_group,Puniceicoccaceae,urn:lsid:marinespecies.org:taxname:564177
Alphaproteobacteria,Alphaproteobacteria,urn:lsid:marinespecies.org:taxname:392750
Hydrogenedensaceae,Hydrogenedensaceae,
Crocinitomix,Crocinitomix,urn:lsid:marinespecies.org:taxname:559985
SAR86_clade,Pseudomonadales,urn:lsid:marinespecies.org:taxname:393032
OM190,Planctomycetota,urn:lsid:marinespecies.org:taxname:1730074
Flavobacterium,Flavobacterium,urn:lsid:marinespecies.org:taxname:562615
NS7_marine_group,Flavobacteriales,urn:lsid:marinespecies.org:taxname:559998
Marinifilaceae,Marinifilaceae,
Desulforhopalus,Desulforhopalus,
Candidatus_Puniceispirillum,Candidatus puniceispirillum,urn:lsid:marinespecies.org:taxname:573770
Lutibacter,Lutibacter,urn:lsid:marinespecies.org:taxname:563886
DEV007,Verrucomicrobiales,urn:lsid:marinespecies.org:taxname:564210
SAR92_clade,Porticoccaceae,
Clade_II,Alphaproteobacteria,urn:lsid:marinespecies.org:taxname:392750
Bradymonadales,Bradymonadales,
Rickettsiaceae,Rickettsiaceae,
Polaribacter_gangjinensis,Polaribacter gangjinensis,
Bradyrhizobium,Bradyrhizobium,
Sulfurimonas,Sulfurimonas,urn:lsid:marinespecies.org:taxname:393613
SAR324_clade(Marine_group_B),Bacteria,urn:lsid:marinespecies.org:taxname:6
Umboniibacter,Umboniibacter,
Eionea_flava,Eionea flava,
Magnetospiraceae,Magnetospiraceae,
ML602J-51,Microbacteriaceae,urn:lsid:marinespecies.org:taxname:393617
Psychromonas,Psychromonas,urn:lsid:marinespecies.org:taxname:393038
Colwellia,Colwellia,urn:lsid:marinespecies.org:taxname:393930
Thiotrichaceae,Thiotrichaceae,urn:lsid:marinespecies.org:taxname:414904
Prevotella_9,Prevotellaceae,
Altererythrobacter,Altererythrobacter,urn:lsid:marinespecies.org:taxname:568243
Limnobacter,Limnobacter,
Halieaceae,Halieaceae,
Aeromonas,Aeromonas,urn:lsid:marinespecies.org:taxname:393941
Rhodothermaceae,Rhodothermaceae,urn:lsid:marinespecies.org:taxname:564109
Selenomonas_lacticifex,Selenomonas lacticifex,
PS1_clade,Parvibaculales,
Sandaracinaceae,Sandaracinaceae,
SAR202_clade,Dehalococcoidia,
Yoonia-Loktanella,Yoonia loktanella,
Arenicellaceae,Arenicellaceae,
hgcI_clade,Sporichthyaceae,urn:lsid:marinespecies.org:taxname:559566
Paludibacteraceae,Paludibacteraceae,
Pirellulaceae,Pirellulaceae,urn:lsid:marinespecies.org:taxname:1730077
Ulvibacter,Ulvibacter,urn:lsid:marinespecies.org:taxname:564076
NS11-12_marine_group,Sphingobacteriales,urn:lsid:marinespecies.org:taxname:564100
Mitsuokella,Mitsuokella,
Castellaniella,Castellaniella,
Flavobacteriaceae,Flavobacteriaceae,urn:lsid:marinespecies.org:taxname:559995
Pseudomonadales,Pseudomonadales,urn:lsid:marinespecies.org:taxname:393032
Porticoccus_litoralis,Porticoccus litoralis,
Desulfosarcina,Desulfosarcina,urn:lsid:marinespecies.org:taxname:570058
Formosa,Formosa,urn:lsid:marinespecies.org:taxname:562632
Psychrilyobacter,Psychrilyobacter,urn:lsid:marinespecies.org:taxname:565453
Gammaproteobacteria_Incertae_Sedis,Gammaproteobacteria incertae sedis,urn:lsid:marinespecies.org:taxname:393076
Marine_Group_II,Thermoplasmata,urn:lsid:marinespecies.org:taxname:416268
Nitrincolaceae,Nitrincolaceae,
Aestuariicoccus,Aestuariicoccus,
Vicingus,Vicingus,
AEGEAN-169_marine_group,Rhodospirillales,urn:lsid:marinespecies.org:taxname:392751
Comamonadaceae,Comamonadaceae,urn:lsid:marinespecies.org:taxname:393948
Bacteria,Bacteria,urn:lsid:marinespecies.org:taxname:6
Defluviicoccales,Defluviicoccales,
Pseudomonas,Pseudomonas,urn:lsid:marinespecies.org:taxname:570642
Bacteriovoracaceae,Bacteriovoracaceae,urn:lsid:marinespecies.org:taxname:570028
Porticoccus,Porticoccus,
B2M28,Gammaproteobacteria,urn:lsid:marinespecies.org:taxname:393018
Vibrio,Vibrio,urn:lsid:marinespecies.org:taxname:480248
Blfdi19,Polyangia,
Planctomicrobium,Planctomicrobium,
Candidatus_Actinomarina,Candidatus actinomarina,
PB19,Desulfuromonadia,
Litorimicrobium,Litorimicrobium,
Verrucomicrobia_bacterium,Verrucomicrobia bacterium,
Amylibacter,Amylibacter,
HOC36,Gammaproteobacteria,urn:lsid:marinespecies.org:taxname:393018
Alcanivorax,Alcanivorax,urn:lsid:marinespecies.org:taxname:393082
Methylotenera,Methylotenera,
Polaribacter,Polaribacter,urn:lsid:marinespecies.org:taxname:563947
Megasphaera,Megasphaera,
Saprospiraceae,Saprospiraceae,urn:lsid:marinespecies.org:taxname:564120
Polynucleobacter,Polynucleobacter,
Sulfurovum,Sulfurovum,urn:lsid:marinespecies.org:taxname:393925
Arcobacter,Arcobacter,urn:lsid:marinespecies.org:taxname:570987
Synechococcus_CC9902,Cyanobiaceae,
Neptunomonas_concharum,Neptunomonas concharum,
Stenotrophomonas,Stenotrophomonas,
Francisella,Francisella,urn:lsid:marinespecies.org:taxname:570667
Glaciecola,Glaciecola,urn:lsid:marinespecies.org:taxname:393087
Halioglobus,Halioglobus,
Bacteroidia,Bacteroidia,urn:lsid:marinespecies.org:taxname:559846
Marinifilum,Marinifilum,urn:lsid:marinespecies.org:taxname:562072
Candidatus_Omnitrophus,Candidatus omnitrophus,
Kistimonas,Kistimonas,
Octadecabacter,Octadecabacter,urn:lsid:marinespecies.org:taxname:567812
Candidatus_Megaira,Candidatus megaira,
Sedimenticolaceae,Sedimenticolaceae,
Novosphingobium,Novosphingobium,urn:lsid:marinespecies.org:taxname:568281
Francisellaceae,Francisellaceae,urn:lsid:marinespecies.org:taxname:570666
Gimesiaceae,Gimesiaceae,
Endozoicomonas,Endozoicomonas,urn:lsid:marinespecies.org:taxname:570425
UBA10353_marine_group,Gammaproteobacteria,urn:lsid:marinespecies.org:taxname:393018
Arctic97B-4_marine_group,Verrucomicrobiae,urn:lsid:marinespecies.org:taxname:564208
NB1-j,Bacteria,urn:lsid:marinespecies.org:taxname:6
Draconibacterium,Draconibacterium,
Sva1033,Desulfuromonadales,urn:lsid:marinespecies.org:taxname:570103
Pseudoalteromonas_tunicata,Pseudoalteromonas tunicata,urn:lsid:marinespecies.org:taxname:570359
Pelagicoccus,Pelagicoccus,urn:lsid:marinespecies.org:taxname:564190
Fibrobacteraceae,Fibrobacteraceae,
Methylophilales_bacterium,Methylophilales bacterium,
Algoriphagus,Algoriphagus,urn:lsid:marinespecies.org:taxname:559878
OM43_clade,Methylophilaceae,
Candidatus_Planktophila,Candidatus planktophila,
OM75_clade,Nisaeaceae,
Roseibacillus,Roseibacillus,urn:lsid:marinespecies.org:taxname:564329
Photobacterium,Photobacterium,urn:lsid:marinespecies.org:taxname:393998
Coxiella,Coxiella,urn:lsid:marinespecies.org:taxname:722760
Candidatus_Nitrosopelagicus,Candidatus nitrosopelagicus,
Clade_I,Alphaproteobacteria,urn:lsid:marinespecies.org:taxname:392750
CL500-3,Phycisphaeraceae,urn:lsid:marinespecies.org:taxname:565458
Colwellia_rossensis,Colwellia rossensis,urn:lsid:marinespecies.org:taxname:582122
Sphingorhabdus,Sphingorhabdus,
bacterium_RCC,Rhodobacteraceae,urn:lsid:marinespecies.org:taxname:393084
Desulfobulbaceae,Desulfobulbaceae,urn:lsid:marinespecies.org:taxname:570067
Polynucleobacter_cosmopolitanus,Polynucleobacter cosmopolitanus,
Bacteroidetes_VC2.1_Bac22,Bacteroidia,urn:lsid:marinespecies.org:taxname:559846
Ga0077536,Gammaproteobacteria,urn:lsid:marinespecies.org:taxname:393018
Candidatus_Nitrosopumilus,Candidatus nitrosopumilus,
Cellvibrionaceae,Cellvibrionaceae,
BD2-11_terrestrial_group,Gemmatimonadota,
Desulfobacterota,Desulfobacterota,
Balneola,Balneola,urn:lsid:marinespecies.org:taxname:564102
Acinetobacter,Acinetobacter,urn:lsid:marinespecies.org:taxname:570612
SAR11_clade,Alphaproteobacteria,urn:lsid:marinespecies.org:taxname:392750
Terrimicrobium,Terrimicrobium,
Vicingus_serpentipes,Vicingus serpentipes,
Gallionellaceae,Gallionellaceae,
Parvibaculaceae,Parvibaculaceae,
Cephaloticoccus,Cephaloticoccus,
NS3a_marine_group,Flavobacteriaceae,urn:lsid:marinespecies.org:taxname:559995
alpha_proteobacterium,Magnetospiraceae,
OM182_clade,Pseudomonadales,urn:lsid:marinespecies.org:taxname:393032
[Desulfobacterium]_catecholicum_group,Desulfocapsaceae,
Limnohabitans,Limnohabitans,
Candidatus_Endoecteinascidia,Candidatus endoecteinascidia,
Planktomarina,Planktomarina,
Dadabacteriales,Dadabacteriales,
Litoricola,Litoricola,urn:lsid:marinespecies.org:taxname:570448
Roseobacter_sp.,Roseobacter sp.,
Rhodospirillaceae,Rhodospirillaceae,urn:lsid:marinespecies.org:taxname:392752
Winogradskyella,Winogradskyella,urn:lsid:marinespecies.org:taxname:562111
NS2b_marine_group,Flavobacteriaceae,urn:lsid:marinespecies.org:taxname:559995
MD3-55,Fokiniaceae,
Ilumatobacter,Ilumatobacter,urn:lsid:marinespecies.org:taxname:571734
Shewanella,Shewanella,urn:lsid:marinespecies.org:taxname:393040
Gemmataceae,Gemmataceae,
Propionibacteriaceae,Propionibacteriaceae,urn:lsid:marinespecies.org:taxname:559759
Pla3_lineage,Planctomycetota,urn:lsid:marinespecies.org:taxname:1730074
Sva0081_sediment_group,Desulfosarcinaceae,
Pseudarcobacter,Pseudarcobacter,
Sphingomonas,Sphingomonas,urn:lsid:marinespecies.org:taxname:568285
Tateyamaria,Tateyamaria,urn:lsid:marinespecies.org:taxname:562106
Enterobacteriaceae,Enterobacteriaceae,urn:lsid:marinespecies.org:taxname:414809
Stappiaceae,Stappiaceae,
Desulfosarcinaceae,Desulfosarcinaceae,
RS62_marine_group,Comamonadaceae,urn:lsid:marinespecies.org:taxname:393948
Magnetospira,Magnetospira,
Pelagicola_sp.,Pelagicola sp.,
LCP-80,Desulfosarcinaceae,
Lentimonas,Lentimonas,
Rubritalea,Rubritalea,urn:lsid:marinespecies.org:taxname:564333
Bacteroides_vulgatus,Bacteroides vulgatus,
Lactobacillus_delbrueckii,Lactobacillus delbrueckii,
Clade_Ib,Alphaproteobacteria,urn:lsid:marinespecies.org:taxname:392750
Salegentibacter,Salegentibacter,urn:lsid:marinespecies.org:taxname:564033
Lentibacter,Lentibacter,
Saccharospirillaceae,Saccharospirillaceae,
endosymbionts,Thiomicrospiraceae,
Crocinitomicaceae,Crocinitomicaceae,
BD1-7_clade,Spongiibacteraceae,
Lutimonas_saemankumensis,Lutimonas saemankumensis,
Sva0485,Bacteria,urn:lsid:marinespecies.org:taxname:6
Blastopirellula,Blastopirellula,urn:lsid:marinespecies.org:taxname:565464
Lutimonas,Lutimonas,urn:lsid:marinespecies.org:taxname:563891
JL-ETNP-F27,Phycisphaeraceae,urn:lsid:marinespecies.org:taxname:565458
Cloacibacterium,Cloacibacterium,
Thalassobaculales,Thalassobaculales,
S25-593,Rickettsiales,
Hyphomonadaceae,Hyphomonadaceae,urn:lsid:marinespecies.org:taxname:567574
Desulfobacter,Desulfobacter,urn:lsid:marinespecies.org:taxname:394156
Ectothiorhodospiraceae,Ectothiorhodospiraceae,urn:lsid:marinespecies.org:taxname:570404
Mycoplasmataceae,Mycoplasmataceae,urn:lsid:marinespecies.org:taxname:567366
Comamonas,Comamonas,urn:lsid:marinespecies.org:taxname:569917
Roseobacter_clade_NAC11-7_lineage,Rhodobacteraceae,urn:lsid:marinespecies.org:taxname:393084
,Cheilostomatida,urn:lsid:marinespecies.org:taxname:110722
,Ampithoe valida,urn:lsid:marinespecies.org:taxname:102005
,Aoridae,urn:lsid:marinespecies.org:taxname:101368
,Metacarcinus magister,urn:lsid:marinespecies.org:taxname:440388
,Pentidotea wosnesenskii,urn:lsid:marinespecies.org:taxname:261982
,Amphipoda,urn:lsid:marinespecies.org:taxname:1135
,Monocorophium insidiosum,urn:lsid:marinespecies.org:taxname:148592
,Gnorimosphaeroma,urn:lsid:marinespecies.org:taxname:248784
,Gnorimosphaeroma oregonense,urn:lsid:marinespecies.org:taxname:1264222
,Nemertea,urn:lsid:marinespecies.org:taxname:152391
,Membranipora,urn:lsid:marinespecies.org:taxname:110938
,Alitta,urn:lsid:marinespecies.org:taxname:234848
,Hediste diadroma,urn:lsid:marinespecies.org:taxname:328292
,Axinopsida serricata,urn:lsid:marinespecies.org:taxname:246819
,Parvilucina tenuisculpta,urn:lsid:marinespecies.org:taxname:464250
,Cumella vulgaris,urn:lsid:marinespecies.org:taxname:182534
,Americorophium spinicorne,urn:lsid:marinespecies.org:taxname:431330
,Eogammarus confervicolus,urn:lsid:marinespecies.org:taxname:488606
,Ampithoe,urn:lsid:marinespecies.org:taxname:101459
,Amphibalanus improvisus,urn:lsid:marinespecies.org:taxname:421139
,Balanomorpha,urn:lsid:marinespecies.org:taxname:106039
,Mytilus trossulus,urn:lsid:marinespecies.org:taxname:140482
,Polydora cornuta,urn:lsid:marinespecies.org:taxname:131143
,Amathia,urn:lsid:marinespecies.org:taxname:111022
,Monocorophium,urn:lsid:marinespecies.org:taxname:148591
,Phyllodocidae,urn:lsid:marinespecies.org:taxname:931
,Capitella capitata,urn:lsid:marinespecies.org:taxname:129876
,Polydora,urn:lsid:marinespecies.org:taxname:129619
,Spionidae,urn:lsid:marinespecies.org:taxname:913
,Naididae,urn:lsid:marinespecies.org:taxname:2039
,Nematoda,urn:lsid:marinespecies.org:taxname:799
,Macoma nasuta,urn:lsid:marinespecies.org:taxname:582761
,Phyllodocida,urn:lsid:marinespecies.org:taxname:892
,Aphelochaeta,urn:lsid:marinespecies.org:taxname:129240
,Galathowenia oculata,urn:lsid:marinespecies.org:taxname:146950
,Chaetozone pugettensis,urn:lsid:marinespecies.org:taxname:834161
,Aphelochaeta glandaria,urn:lsid:marinespecies.org:taxname:326478
,Heteromastus filobranchus,urn:lsid:marinespecies.org:taxname:328370
,Chaetozone,urn:lsid:marinespecies.org:taxname:129242
,Sternaspis affinis,urn:lsid:marinespecies.org:taxname:338196
,Thysanocardia nigra,urn:lsid:marinespecies.org:taxname:266470
,Terebellides horikoshii,urn:lsid:marinespecies.org:taxname:332508
,Praxillella pacifica,urn:lsid:marinespecies.org:taxname:1673891
,Pholoe,urn:lsid:marinespecies.org:taxname:129439
,Scoletoma tetraura,urn:lsid:marinespecies.org:taxname:130265
,Glycera americana,urn:lsid:marinespecies.org:taxname:157388
,Spiophanes berkeleyorum,urn:lsid:marinespecies.org:taxname:334829
,Scalibregma californicum,urn:lsid:marinespecies.org:taxname:331210
,Eteone,urn:lsid:marinespecies.org:taxname:129443
,Leitoscoloplos pugettensis,urn:lsid:marinespecies.org:taxname:254746
,Euclymene,urn:lsid:marinespecies.org:taxname:129347
,Nereis vexillosa,urn:lsid:marinespecies.org:taxname:329765
,Harmothoe imbricata,urn:lsid:marinespecies.org:taxname:130769
,Bivalvia,urn:lsid:marinespecies.org:taxname:105
,Praxillella gracilis,urn:lsid:marinespecies.org:taxname:130324
,Ampharete,urn:lsid:marinespecies.org:taxname:129155
,Cistenides brevicoma,urn:lsid:marinespecies.org:taxname:332704
,Eteone longa,urn:lsid:marinespecies.org:taxname:130616
,Lumbrineris californiensis,urn:lsid:marinespecies.org:taxname:328927
,Barantolla americana,urn:lsid:marinespecies.org:taxname:254727
,Mediomastus,urn:lsid:marinespecies.org:taxname:129218
,Glycera nana,urn:lsid:marinespecies.org:taxname:328132
,Pagurus hirsutiusculus,urn:lsid:marinespecies.org:taxname:366699
,Arthropoda,urn:lsid:marinespecies.org:taxname:1065
,Lottia,urn:lsid:marinespecies.org:taxname:160336
,Balanus glandula,urn:lsid:marinespecies.org:taxname:394848
,Clytia hemisphaerica,urn:lsid:marinespecies.org:taxname:117368
,Melinna,urn:lsid:marinespecies.org:taxname:129168
,Gattyana,urn:lsid:marinespecies.org:taxname:129488
,Glycinde picta,urn:lsid:marinespecies.org:taxname:240625
,Melanochlamys diomedea,urn:lsid:marinespecies.org:taxname:576296
,Opheliidae,urn:lsid:marinespecies.org:taxname:924
,Amphiuridae,urn:lsid:marinespecies.org:taxname:123206
,Amphiodia urtica,urn:lsid:marinespecies.org:taxname:242683
,Caulibugula,urn:lsid:marinespecies.org:taxname:225832
,Anthoathecata,urn:lsid:marinespecies.org:taxname:13551
,Cnidaria,urn:lsid:marinespecies.org:taxname:1267
,Calycella syringa,urn:lsid:marinespecies.org:taxname:117402
,Amphiporus imparispinosus,urn:lsid:marinespecies.org:taxname:156295
,Ophelina acuminata,urn:lsid:marinespecies.org:taxname:130500
,Rhodine bitorquata,urn:lsid:marinespecies.org:taxname:254758
,Polycirrus californicus,urn:lsid:marinespecies.org:taxname:330867
,Maldane sarsi,urn:lsid:marinespecies.org:taxname:130305
,Ennucula tenuis,urn:lsid:marinespecies.org:taxname:140584
,Dipolydora quadrilobata,urn:lsid:marinespecies.org:taxname:131121
,Maculaura aquilonia,urn:lsid:marinespecies.org:taxname:894173
,Nutricola,urn:lsid:marinespecies.org:taxname:492501
,Melita setiflagella,urn:lsid:marinespecies.org:taxname:537236
,Diastylis pellucida,urn:lsid:marinespecies.org:taxname:181974
,Pentamera,urn:lsid:marinespecies.org:taxname:123489
,Yoldia aeolica,urn:lsid:marinespecies.org:taxname:867964
,Grandidierella japonica,urn:lsid:marinespecies.org:taxname:238740
,Scleroplax schmitti,urn:lsid:marinespecies.org:taxname:1424669
,Paramoera,urn:lsid:marinespecies.org:taxname:176958
,Ampithoidae,urn:lsid:marinespecies.org:taxname:101366
,Ampelisca hancocki,urn:lsid:marinespecies.org:taxname:422990
,Acila castrensis,urn:lsid:marinespecies.org:taxname:506568
,Clinocardium nuttallii,urn:lsid:marinespecies.org:taxname:381980
,Solen sicarius,urn:lsid:marinespecies.org:taxname:413523
,Photis,urn:lsid:marinespecies.org:taxname:101563
,Euphilomedes carcharodonta,urn:lsid:marinespecies.org:taxname:451216
,Macoma,urn:lsid:marinespecies.org:taxname:138531
,Tresus,urn:lsid:marinespecies.org:taxname:367775
,Polycirrus,urn:lsid:marinespecies.org:taxname:129710
,Magelona longicornis,urn:lsid:marinespecies.org:taxname:254749
,Maldanidae,urn:lsid:marinespecies.org:taxname:923
,Maculaura magna,urn:lsid:marinespecies.org:taxname:894175
,Lineidae,urn:lsid:marinespecies.org:taxname:122314
,Hoplonemertea,urn:lsid:marinespecies.org:taxname:122309
,Amphiodia,urn:lsid:marinespecies.org:taxname:172595
,Paraprionospio alata,urn:lsid:marinespecies.org:taxname:334390
,Emplectonema viride,urn:lsid:marinespecies.org:taxname:176676
,Paranemertes peregrina,urn:lsid:marinespecies.org:taxname:162261
,Enteropneusta,urn:lsid:marinespecies.org:taxname:1820
,Leuckartiara octona,urn:lsid:marinespecies.org:taxname:117791
,Harrimaniidae,urn:lsid:marinespecies.org:taxname:2018
,Balanus nubilus,urn:lsid:marinespecies.org:taxname:594745
,Balanus crenatus,urn:lsid:marinespecies.org:taxname:106215
,Cardiomya pectinata,urn:lsid:marinespecies.org:taxname:408482
,Lyonsia californica,urn:lsid:marinespecies.org:taxname:506774
,Coanicardita ventricosa,urn:lsid:marinespecies.org:taxname:1420845
,Mitrella tuberosa,urn:lsid:marinespecies.org:taxname:511560
,Lirobittium munitum,urn:lsid:marinespecies.org:taxname:580440
,Odostomia,urn:lsid:marinespecies.org:taxname:138413
,Alvania,urn:lsid:marinespecies.org:taxname:138439
,Laonice cirrata,urn:lsid:marinespecies.org:taxname:131128
,Trochochaeta multisetosa,urn:lsid:marinespecies.org:taxname:131576
,Phyllodoce cuspidata,urn:lsid:marinespecies.org:taxname:334505
,Spio cirrifera,urn:lsid:marinespecies.org:taxname:558894
,Cistenides,urn:lsid:marinespecies.org:taxname:157316
,Cerebratulus,urn:lsid:marinespecies.org:taxname:122348
,Tubulanus,urn:lsid:marinespecies.org:taxname:122388
,Nudibranchia,urn:lsid:marinespecies.org:taxname:1762
,Sinelobus vanhaareni,urn:lsid:marinespecies.org:taxname:798772
,Pholoides asperus,urn:lsid:marinespecies.org:taxname:334498
,Ophiopholis kennerlyi,urn:lsid:marinespecies.org:taxname:243916
,Ophiuroidea,urn:lsid:marinespecies.org:taxname:123084
,Amphipholis pugetana,urn:lsid:marinespecies.org:taxname:242878
,Mytilus,urn:lsid:marinespecies.org:taxname:138228
,Modiolus modiolus,urn:lsid:marinespecies.org:taxname:140467
,Calliopius pacificus,urn:lsid:marinespecies.org:taxname:430720
,Cumella,urn:lsid:marinespecies.org:taxname:110416
,Paracalanus indicus,urn:lsid:marinespecies.org:taxname:104683
,Decapoda,urn:lsid:marinespecies.org:taxname:1130
,Cumacea,urn:lsid:marinespecies.org:taxname:1137
,Copepoda,urn:lsid:marinespecies.org:taxname:1080
,Thecostraca,urn:lsid:marinespecies.org:taxname:22388
,Harpacticoida,urn:lsid:marinespecies.org:taxname:1102
,Palaemon macrodactylus,urn:lsid:marinespecies.org:taxname:181372
,Calanoida,urn:lsid:marinespecies.org:taxname:1100
,Isopoda,urn:lsid:marinespecies.org:taxname:1131
,Tenellia adspersa,urn:lsid:marinespecies.org:taxname:141639
,Gastropoda,urn:lsid:marinespecies.org:taxname:101
,Polychaeta,urn:lsid:marinespecies.org:taxname:883
,Capitella,urn:lsid:marinespecies.org:taxname:129211
,Entoprocta,urn:lsid:marinespecies.org:taxname:1271
,Ostracoda,urn:lsid:marinespecies.org:taxname:1078
,Platyhelminthes,urn:lsid:marinespecies.org:taxname:793
,Ciliophora,urn:lsid:marinespecies.org:taxname:11
,Appendicularia,urn:lsid:marinespecies.org:taxname:146421
,Ctenophora,urn:lsid:marinespecies.org:taxname:1248
,Hydrozoa,urn:lsid:marinespecies.org:taxname:1337
,Synchaeta,urn:lsid:marinespecies.org:taxname:134958
