eventID,occurrenceID,measurementMethod,measurementType,measurementValue,measurementID,measurementValueID,measurementTypeID
BHAK-12005-FCBB-001,BHAK-12005-FCBB-001-004,BOLD ID Engine,lifeStage,juvenile,BHAK-12005-FCBB-001-004-lifeStage,https://vocab.nerc.ac.uk/collection/S11/current/S1127/,https://vocab.nerc.ac.uk/collection/P01/current/LSTAGE01/
BHAK-12006-FCBB-001,BHAK-12006-FCBB-001-005,BOLD ID Engine,lifeStage,juvenile,BHAK-12006-FCBB-001-005-lifeStage,https://vocab.nerc.ac.uk/collection/S11/current/S1127/,https://vocab.nerc.ac.uk/collection/P01/current/LSTAGE01/
BHAK-12032-FCBB-001,BHAK-12032-FCBB-001-025,Morphology,sex,M,BHAK-12032-FCBB-001-025-sex,https://vocab.nerc.ac.uk/collection/S10/current/S103/,https://vocab.nerc.ac.uk/collection/P01/current/ENTSEX01/
BHAK-12036-FCBB-001,BHAK-12036-FCBB-001-029,Morphology,sex,F,BHAK-12036-FCBB-001-029-sex,https://vocab.nerc.ac.uk/collection/S10/current/S102/,https://vocab.nerc.ac.uk/collection/P01/current/ENTSEX01/
BHAK-12037-FCBB-001,BHAK-12037-FCBB-001-030,Morphology,sex,M,BHAK-12037-FCBB-001-030-sex,https://vocab.nerc.ac.uk/collection/S10/current/S103/,https://vocab.nerc.ac.uk/collection/P01/current/ENTSEX01/
BHAK-12038-FCBB-001,BHAK-12038-FCBB-001-031,Morphology,sex,M,BHAK-12038-FCBB-001-031-sex,https://vocab.nerc.ac.uk/collection/S10/current/S103/,https://vocab.nerc.ac.uk/collection/P01/current/ENTSEX01/
BHAK-12176-FCBB-001,BHAK-12176-FCBB-001-245,Morphology,sex,M,BHAK-12176-FCBB-001-245-sex,https://vocab.nerc.ac.uk/collection/S10/current/S103/,https://vocab.nerc.ac.uk/collection/P01/current/ENTSEX01/
BHAK-12270-FCBB-001,BHAK-12270-FCBB-001-255,Morphology,lifeStage,juvenile,BHAK-12270-FCBB-001-255-lifeStage,https://vocab.nerc.ac.uk/collection/S11/current/S1127/,https://vocab.nerc.ac.uk/collection/P01/current/LSTAGE01/
BHAK-12295-FCBB-001,BHAK-12295-FCBB-001-260,Morphology,lifeStage,juvenile,BHAK-12295-FCBB-001-260-lifeStage,https://vocab.nerc.ac.uk/collection/S11/current/S1127/,https://vocab.nerc.ac.uk/collection/P01/current/LSTAGE01/
BHAK-12300-FCBB-001,BHAK-12300-FCBB-001-261,BOLD ID Engine,lifeStage,juvenile,BHAK-12300-FCBB-001-261-lifeStage,https://vocab.nerc.ac.uk/collection/S11/current/S1127/,https://vocab.nerc.ac.uk/collection/P01/current/LSTAGE01/
BHAK-12296-FCBB-001,BHAK-12296-FCBB-001-265,Morphology,sex,F,BHAK-12296-FCBB-001-265-sex,https://vocab.nerc.ac.uk/collection/S10/current/S102/,https://vocab.nerc.ac.uk/collection/P01/current/ENTSEX01/
BHAK-12324-FCBB-001,BHAK-12324-FCBB-001-319,BOLD ID Engine,lifeStage,juvenile,BHAK-12324-FCBB-001-319-lifeStage,https://vocab.nerc.ac.uk/collection/S11/current/S1127/,https://vocab.nerc.ac.uk/collection/P01/current/LSTAGE01/
BHAK-12325-FCBB-001,BHAK-12325-FCBB-001-320,BOLD ID Engine,lifeStage,juvenile,BHAK-12325-FCBB-001-320-lifeStage,https://vocab.nerc.ac.uk/collection/S11/current/S1127/,https://vocab.nerc.ac.uk/collection/P01/current/LSTAGE01/
BHAK-12312-FCBB-001,BHAK-12312-FCBB-001-333,Morphology,sex,F,BHAK-12312-FCBB-001-333-sex,https://vocab.nerc.ac.uk/collection/S10/current/S102/,https://vocab.nerc.ac.uk/collection/P01/current/ENTSEX01/
BHAK-12495-FCBB-001,BHAK-12495-FCBB-001-334,Morphology,sex,M,BHAK-12495-FCBB-001-334-sex,https://vocab.nerc.ac.uk/collection/S10/current/S103/,https://vocab.nerc.ac.uk/collection/P01/current/ENTSEX01/
ZHAK-01253-FCBB-001,ZHAK-01253-FCBB-001-373,BOLD ID Engine,lifeStage,larva,ZHAK-01253-FCBB-001-373-lifeStage,https://vocab.nerc.ac.uk/collection/S11/current/S1128/,https://vocab.nerc.ac.uk/collection/P01/current/LSTAGE01/
ZHAK-01254-FCBB-001,ZHAK-01254-FCBB-001-374,Morphology,lifeStage,larva,ZHAK-01254-FCBB-001-374-lifeStage,https://vocab.nerc.ac.uk/collection/S11/current/S1128/,https://vocab.nerc.ac.uk/collection/P01/current/LSTAGE01/
ZHAK-01255-FCBB-001,ZHAK-01255-FCBB-001-375,BOLD ID Engine,lifeStage,larva,ZHAK-01255-FCBB-001-375-lifeStage,https://vocab.nerc.ac.uk/collection/S11/current/S1128/,https://vocab.nerc.ac.uk/collection/P01/current/LSTAGE01/
ZHAK-01256-FCBB-001,ZHAK-01256-FCBB-001-376,BOLD ID Engine,lifeStage,larva,ZHAK-01256-FCBB-001-376-lifeStage,https://vocab.nerc.ac.uk/collection/S11/current/S1128/,https://vocab.nerc.ac.uk/collection/P01/current/LSTAGE01/
ZHAK-02425-FCBB-001,ZHAK-02425-FCBB-001-377,BOLD ID Engine,lifeStage,juvenile,ZHAK-02425-FCBB-001-377-lifeStage,https://vocab.nerc.ac.uk/collection/S11/current/S1127/,https://vocab.nerc.ac.uk/collection/P01/current/LSTAGE01/
ZHAK-02426-FCBB-001,ZHAK-02426-FCBB-001-378,Morphology,lifeStage,juvenile,ZHAK-02426-FCBB-001-378-lifeStage,https://vocab.nerc.ac.uk/collection/S11/current/S1127/,https://vocab.nerc.ac.uk/collection/P01/current/LSTAGE01/
ZHAK-02427-FCBB-001,ZHAK-02427-FCBB-001-379,Morphology,lifeStage,juvenile,ZHAK-02427-FCBB-001-379-lifeStage,https://vocab.nerc.ac.uk/collection/S11/current/S1127/,https://vocab.nerc.ac.uk/collection/P01/current/LSTAGE01/
ZHAK-02428-FCBB-001,ZHAK-02428-FCBB-001-380,Morphology,lifeStage,juvenile,ZHAK-02428-FCBB-001-380-lifeStage,https://vocab.nerc.ac.uk/collection/S11/current/S1127/,https://vocab.nerc.ac.uk/collection/P01/current/LSTAGE01/
ZHAK-02429-FCBB-001,ZHAK-02429-FCBB-001-381,Morphology,lifeStage,juvenile,ZHAK-02429-FCBB-001-381-lifeStage,https://vocab.nerc.ac.uk/collection/S11/current/S1127/,https://vocab.nerc.ac.uk/collection/P01/current/LSTAGE01/
ZHAK-02430-FCBB-001,ZHAK-02430-FCBB-001-382,Morphology,lifeStage,juvenile,ZHAK-02430-FCBB-001-382-lifeStage,https://vocab.nerc.ac.uk/collection/S11/current/S1127/,https://vocab.nerc.ac.uk/collection/P01/current/LSTAGE01/
ZHAK-02431-FCBB-001,ZHAK-02431-FCBB-001-383,Morphology,lifeStage,juvenile,ZHAK-02431-FCBB-001-383-lifeStage,https://vocab.nerc.ac.uk/collection/S11/current/S1127/,https://vocab.nerc.ac.uk/collection/P01/current/LSTAGE01/
ZHAK-02432-FCBB-001,ZHAK-02432-FCBB-001-384,Morphology,lifeStage,juvenile,ZHAK-02432-FCBB-001-384-lifeStage,https://vocab.nerc.ac.uk/collection/S11/current/S1127/,https://vocab.nerc.ac.uk/collection/P01/current/LSTAGE01/
ZHAK-02433-FCBB-001,ZHAK-02433-FCBB-001-385,BOLD ID Engine,lifeStage,juvenile,ZHAK-02433-FCBB-001-385-lifeStage,https://vocab.nerc.ac.uk/collection/S11/current/S1127/,https://vocab.nerc.ac.uk/collection/P01/current/LSTAGE01/
ZHAK-02434-FCBB-001,ZHAK-02434-FCBB-001-386,BOLD ID Engine,lifeStage,juvenile,ZHAK-02434-FCBB-001-386-lifeStage,https://vocab.nerc.ac.uk/collection/S11/current/S1127/,https://vocab.nerc.ac.uk/collection/P01/current/LSTAGE01/
ZHAK-02435-FCBB-001,ZHAK-02435-FCBB-001-387,Morphology,lifeStage,juvenile,ZHAK-02435-FCBB-001-387-lifeStage,https://vocab.nerc.ac.uk/collection/S11/current/S1127/,https://vocab.nerc.ac.uk/collection/P01/current/LSTAGE01/
ZHAK-02436-FCBB-001,ZHAK-02436-FCBB-001-388,Morphology,lifeStage,juvenile,ZHAK-02436-FCBB-001-388-lifeStage,https://vocab.nerc.ac.uk/collection/S11/current/S1127/,https://vocab.nerc.ac.uk/collection/P01/current/LSTAGE01/
ZHAK-02437-FCBB-001,ZHAK-02437-FCBB-001-389,Morphology,lifeStage,juvenile,ZHAK-02437-FCBB-001-389-lifeStage,https://vocab.nerc.ac.uk/collection/S11/current/S1127/,https://vocab.nerc.ac.uk/collection/P01/current/LSTAGE01/
ZHAK-02438-FCBB-001,ZHAK-02438-FCBB-001-390,Morphology,lifeStage,juvenile,ZHAK-02438-FCBB-001-390-lifeStage,https://vocab.nerc.ac.uk/collection/S11/current/S1127/,https://vocab.nerc.ac.uk/collection/P01/current/LSTAGE01/
ZHAK-02235-FCBB-001,ZHAK-02235-FCBB-001-391,BOLD ID Engine,lifeStage,adult,ZHAK-02235-FCBB-001-391-lifeStage,https://vocab.nerc.ac.uk/collection/S11/current/S1116/,https://vocab.nerc.ac.uk/collection/P01/current/LSTAGE01/
ZHAK-02236-FCBB-001,ZHAK-02236-FCBB-001-392,BOLD ID Engine,lifeStage,adult,ZHAK-02236-FCBB-001-392-lifeStage,https://vocab.nerc.ac.uk/collection/S11/current/S1116/,https://vocab.nerc.ac.uk/collection/P01/current/LSTAGE01/
ZHAK-02237-FCBB-001,ZHAK-02237-FCBB-001-393,BOLD ID Engine,lifeStage,adult,ZHAK-02237-FCBB-001-393-lifeStage,https://vocab.nerc.ac.uk/collection/S11/current/S1116/,https://vocab.nerc.ac.uk/collection/P01/current/LSTAGE01/
ZHAK-02238-FCBB-001,ZHAK-02238-FCBB-001-394,BOLD ID Engine,lifeStage,adult,ZHAK-02238-FCBB-001-394-lifeStage,https://vocab.nerc.ac.uk/collection/S11/current/S1116/,https://vocab.nerc.ac.uk/collection/P01/current/LSTAGE01/
ZHAK-02239-FCBB-001,ZHAK-02239-FCBB-001-395,Morphology,lifeStage,adult,ZHAK-02239-FCBB-001-395-lifeStage,https://vocab.nerc.ac.uk/collection/S11/current/S1116/,https://vocab.nerc.ac.uk/collection/P01/current/LSTAGE01/
ZHAK-02240-FCBB-001,ZHAK-02240-FCBB-001-396,BOLD ID Engine,lifeStage,adult,ZHAK-02240-FCBB-001-396-lifeStage,https://vocab.nerc.ac.uk/collection/S11/current/S1116/,https://vocab.nerc.ac.uk/collection/P01/current/LSTAGE01/
ZHAK-02241-FCBB-001,ZHAK-02241-FCBB-001-397,Morphology,lifeStage,megalopa,ZHAK-02241-FCBB-001-397-lifeStage,https://vocab.nerc.ac.uk/collection/S11/current/S1167/,https://vocab.nerc.ac.uk/collection/P01/current/LSTAGE01/
ZHAK-02242-FCBB-001,ZHAK-02242-FCBB-001-398,BOLD ID Engine,lifeStage,adult,ZHAK-02242-FCBB-001-398-lifeStage,https://vocab.nerc.ac.uk/collection/S11/current/S1116/,https://vocab.nerc.ac.uk/collection/P01/current/LSTAGE01/
ZHAK-02243-FCBB-001,ZHAK-02243-FCBB-001-399,Morphology,lifeStage,megalopa,ZHAK-02243-FCBB-001-399-lifeStage,https://vocab.nerc.ac.uk/collection/S11/current/S1167/,https://vocab.nerc.ac.uk/collection/P01/current/LSTAGE01/
ZHAK-02244-FCBB-001,ZHAK-02244-FCBB-001-400,Morphology,lifeStage,megalopa,ZHAK-02244-FCBB-001-400-lifeStage,https://vocab.nerc.ac.uk/collection/S11/current/S1167/,https://vocab.nerc.ac.uk/collection/P01/current/LSTAGE01/
ZHAK-02245-FCBB-001,ZHAK-02245-FCBB-001-401,BOLD ID Engine,lifeStage,adult,ZHAK-02245-FCBB-001-401-lifeStage,https://vocab.nerc.ac.uk/collection/S11/current/S1116/,https://vocab.nerc.ac.uk/collection/P01/current/LSTAGE01/
ZHAK-02246-FCBB-001,ZHAK-02246-FCBB-001-402,Morphology,lifeStage,adult,ZHAK-02246-FCBB-001-402-lifeStage,https://vocab.nerc.ac.uk/collection/S11/current/S1116/,https://vocab.nerc.ac.uk/collection/P01/current/LSTAGE01/
ZHAK-02247-FCBB-001,ZHAK-02247-FCBB-001-403,Morphology,lifeStage,adult,ZHAK-02247-FCBB-001-403-lifeStage,https://vocab.nerc.ac.uk/collection/S11/current/S1116/,https://vocab.nerc.ac.uk/collection/P01/current/LSTAGE01/
ZHAK-02248-FCBB-001,ZHAK-02248-FCBB-001-404,BOLD ID Engine,lifeStage,adult,ZHAK-02248-FCBB-001-404-lifeStage,https://vocab.nerc.ac.uk/collection/S11/current/S1116/,https://vocab.nerc.ac.uk/collection/P01/current/LSTAGE01/
ZHAK-02249-FCBB-001,ZHAK-02249-FCBB-001-405,BOLD ID Engine,lifeStage,adult,ZHAK-02249-FCBB-001-405-lifeStage,https://vocab.nerc.ac.uk/collection/S11/current/S1116/,https://vocab.nerc.ac.uk/collection/P01/current/LSTAGE01/
ZHAK-02250-FCBB-001,ZHAK-02250-FCBB-001-406,Morphology,lifeStage,adult,ZHAK-02250-FCBB-001-406-lifeStage,https://vocab.nerc.ac.uk/collection/S11/current/S1116/,https://vocab.nerc.ac.uk/collection/P01/current/LSTAGE01/
ZHAK-02251-FCBB-001,ZHAK-02251-FCBB-001-407,Morphology,lifeStage,megalopa,ZHAK-02251-FCBB-001-407-lifeStage,https://vocab.nerc.ac.uk/collection/S11/current/S1167/,https://vocab.nerc.ac.uk/collection/P01/current/LSTAGE01/
ZHAK-02252-FCBB-001,ZHAK-02252-FCBB-001-408,Morphology,lifeStage,adult,ZHAK-02252-FCBB-001-408-lifeStage,https://vocab.nerc.ac.uk/collection/S11/current/S1116/,https://vocab.nerc.ac.uk/collection/P01/current/LSTAGE01/
ZHAK-02253-FCBB-001,ZHAK-02253-FCBB-001-409,BOLD ID Engine,lifeStage,adult,ZHAK-02253-FCBB-001-409-lifeStage,https://vocab.nerc.ac.uk/collection/S11/current/S1116/,https://vocab.nerc.ac.uk/collection/P01/current/LSTAGE01/
ZHAK-02254-FCBB-001,ZHAK-02254-FCBB-001-410,BOLD ID Engine,lifeStage,adult,ZHAK-02254-FCBB-001-410-lifeStage,https://vocab.nerc.ac.uk/collection/S11/current/S1116/,https://vocab.nerc.ac.uk/collection/P01/current/LSTAGE01/
ZHAK-02255-FCBB-001,ZHAK-02255-FCBB-001-411,Morphology,lifeStage,megalopa,ZHAK-02255-FCBB-001-411-lifeStage,https://vocab.nerc.ac.uk/collection/S11/current/S1167/,https://vocab.nerc.ac.uk/collection/P01/current/LSTAGE01/
ZHAK-02256-FCBB-001,ZHAK-02256-FCBB-001-412,BOLD ID Engine,lifeStage,adult,ZHAK-02256-FCBB-001-412-lifeStage,https://vocab.nerc.ac.uk/collection/S11/current/S1116/,https://vocab.nerc.ac.uk/collection/P01/current/LSTAGE01/
ZHAK-02257-FCBB-001,ZHAK-02257-FCBB-001-413,BOLD ID Engine,lifeStage,adult,ZHAK-02257-FCBB-001-413-lifeStage,https://vocab.nerc.ac.uk/collection/S11/current/S1116/,https://vocab.nerc.ac.uk/collection/P01/current/LSTAGE01/
ZHAK-02258-FCBB-001,ZHAK-02258-FCBB-001-414,Morphology,lifeStage,adult,ZHAK-02258-FCBB-001-414-lifeStage,https://vocab.nerc.ac.uk/collection/S11/current/S1116/,https://vocab.nerc.ac.uk/collection/P01/current/LSTAGE01/
ZHAK-02259-FCBB-001,ZHAK-02259-FCBB-001-415,BOLD ID Engine,lifeStage,adult,ZHAK-02259-FCBB-001-415-lifeStage,https://vocab.nerc.ac.uk/collection/S11/current/S1116/,https://vocab.nerc.ac.uk/collection/P01/current/LSTAGE01/
ZHAK-02260-FCBB-001,ZHAK-02260-FCBB-001-416,BOLD ID Engine,lifeStage,adult,ZHAK-02260-FCBB-001-416-lifeStage,https://vocab.nerc.ac.uk/collection/S11/current/S1116/,https://vocab.nerc.ac.uk/collection/P01/current/LSTAGE01/
ZHAK-02261-FCBB-001,ZHAK-02261-FCBB-001-417,BOLD ID Engine,lifeStage,adult,ZHAK-02261-FCBB-001-417-lifeStage,https://vocab.nerc.ac.uk/collection/S11/current/S1116/,https://vocab.nerc.ac.uk/collection/P01/current/LSTAGE01/
ZHAK-02262-FCBB-001,ZHAK-02262-FCBB-001-418,BOLD ID Engine,lifeStage,adult,ZHAK-02262-FCBB-001-418-lifeStage,https://vocab.nerc.ac.uk/collection/S11/current/S1116/,https://vocab.nerc.ac.uk/collection/P01/current/LSTAGE01/
ZHAK-02263-FCBB-001,ZHAK-02263-FCBB-001-419,BOLD ID Engine,lifeStage,adult,ZHAK-02263-FCBB-001-419-lifeStage,https://vocab.nerc.ac.uk/collection/S11/current/S1116/,https://vocab.nerc.ac.uk/collection/P01/current/LSTAGE01/
ZHAK-02264-FCBB-001,ZHAK-02264-FCBB-001-420,Morphology,lifeStage,megalopa,ZHAK-02264-FCBB-001-420-lifeStage,https://vocab.nerc.ac.uk/collection/S11/current/S1167/,https://vocab.nerc.ac.uk/collection/P01/current/LSTAGE01/
ZHAK-02265-FCBB-001,ZHAK-02265-FCBB-001-421,BOLD ID Engine,lifeStage,adult,ZHAK-02265-FCBB-001-421-lifeStage,https://vocab.nerc.ac.uk/collection/S11/current/S1116/,https://vocab.nerc.ac.uk/collection/P01/current/LSTAGE01/
ZHAK-02266-FCBB-001,ZHAK-02266-FCBB-001-422,Morphology,lifeStage,adult,ZHAK-02266-FCBB-001-422-lifeStage,https://vocab.nerc.ac.uk/collection/S11/current/S1116/,https://vocab.nerc.ac.uk/collection/P01/current/LSTAGE01/
ZHAK-02267-FCBB-001,ZHAK-02267-FCBB-001-423,BOLD ID Engine,lifeStage,adult,ZHAK-02267-FCBB-001-423-lifeStage,https://vocab.nerc.ac.uk/collection/S11/current/S1116/,https://vocab.nerc.ac.uk/collection/P01/current/LSTAGE01/
ZHAK-02268-FCBB-001,ZHAK-02268-FCBB-001-424,Morphology,lifeStage,adult,ZHAK-02268-FCBB-001-424-lifeStage,https://vocab.nerc.ac.uk/collection/S11/current/S1116/,https://vocab.nerc.ac.uk/collection/P01/current/LSTAGE01/
ZHAK-02269-FCBB-001,ZHAK-02269-FCBB-001-425,Morphology,lifeStage,nauplius,ZHAK-02269-FCBB-001-425-lifeStage,https://vocab.nerc.ac.uk/collection/S11/current/S1130/,https://vocab.nerc.ac.uk/collection/P01/current/LSTAGE01/
ZHAK-02270-FCBB-001,ZHAK-02270-FCBB-001-426,BOLD ID Engine,lifeStage,adult,ZHAK-02270-FCBB-001-426-lifeStage,https://vocab.nerc.ac.uk/collection/S11/current/S1116/,https://vocab.nerc.ac.uk/collection/P01/current/LSTAGE01/
ZHAK-02271-FCBB-001,ZHAK-02271-FCBB-001-427,BOLD ID Engine,lifeStage,adult,ZHAK-02271-FCBB-001-427-lifeStage,https://vocab.nerc.ac.uk/collection/S11/current/S1116/,https://vocab.nerc.ac.uk/collection/P01/current/LSTAGE01/
ZHAK-02272-FCBB-001,ZHAK-02272-FCBB-001-428,BOLD ID Engine,lifeStage,adult,ZHAK-02272-FCBB-001-428-lifeStage,https://vocab.nerc.ac.uk/collection/S11/current/S1116/,https://vocab.nerc.ac.uk/collection/P01/current/LSTAGE01/
ZHAK-02273-FCBB-001,ZHAK-02273-FCBB-001-429,Morphology,lifeStage,megalopa,ZHAK-02273-FCBB-001-429-lifeStage,https://vocab.nerc.ac.uk/collection/S11/current/S1167/,https://vocab.nerc.ac.uk/collection/P01/current/LSTAGE01/
ZHAK-02274-FCBB-001,ZHAK-02274-FCBB-001-430,BOLD ID Engine,lifeStage,adult,ZHAK-02274-FCBB-001-430-lifeStage,https://vocab.nerc.ac.uk/collection/S11/current/S1116/,https://vocab.nerc.ac.uk/collection/P01/current/LSTAGE01/
ZHAK-02275-FCBB-001,ZHAK-02275-FCBB-001-431,BOLD ID Engine,lifeStage,adult,ZHAK-02275-FCBB-001-431-lifeStage,https://vocab.nerc.ac.uk/collection/S11/current/S1116/,https://vocab.nerc.ac.uk/collection/P01/current/LSTAGE01/
ZHAK-02276-FCBB-001,ZHAK-02276-FCBB-001-432,BOLD ID Engine,lifeStage,adult,ZHAK-02276-FCBB-001-432-lifeStage,https://vocab.nerc.ac.uk/collection/S11/current/S1116/,https://vocab.nerc.ac.uk/collection/P01/current/LSTAGE01/
ZHAK-02277-FCBB-001,ZHAK-02277-FCBB-001-433,Morphology,lifeStage,adult,ZHAK-02277-FCBB-001-433-lifeStage,https://vocab.nerc.ac.uk/collection/S11/current/S1116/,https://vocab.nerc.ac.uk/collection/P01/current/LSTAGE01/
ZHAK-02278-FCBB-001,ZHAK-02278-FCBB-001-434,BOLD ID Engine,lifeStage,adult,ZHAK-02278-FCBB-001-434-lifeStage,https://vocab.nerc.ac.uk/collection/S11/current/S1116/,https://vocab.nerc.ac.uk/collection/P01/current/LSTAGE01/
ZHAK-02279-FCBB-001,ZHAK-02279-FCBB-001-435,BOLD ID Engine,lifeStage,adult,ZHAK-02279-FCBB-001-435-lifeStage,https://vocab.nerc.ac.uk/collection/S11/current/S1116/,https://vocab.nerc.ac.uk/collection/P01/current/LSTAGE01/
ZHAK-02280-FCBB-001,ZHAK-02280-FCBB-001-436,Morphology,lifeStage,adult,ZHAK-02280-FCBB-001-436-lifeStage,https://vocab.nerc.ac.uk/collection/S11/current/S1116/,https://vocab.nerc.ac.uk/collection/P01/current/LSTAGE01/
ZHAK-02281-FCBB-001,ZHAK-02281-FCBB-001-437,BOLD ID Engine,lifeStage,adult,ZHAK-02281-FCBB-001-437-lifeStage,https://vocab.nerc.ac.uk/collection/S11/current/S1116/,https://vocab.nerc.ac.uk/collection/P01/current/LSTAGE01/
ZHAK-02282-FCBB-001,ZHAK-02282-FCBB-001-438,Morphology,lifeStage,adult,ZHAK-02282-FCBB-001-438-lifeStage,https://vocab.nerc.ac.uk/collection/S11/current/S1116/,https://vocab.nerc.ac.uk/collection/P01/current/LSTAGE01/
ZHAK-02283-FCBB-001,ZHAK-02283-FCBB-001-439,Morphology,lifeStage,adult,ZHAK-02283-FCBB-001-439-lifeStage,https://vocab.nerc.ac.uk/collection/S11/current/S1116/,https://vocab.nerc.ac.uk/collection/P01/current/LSTAGE01/
ZHAK-02284-FCBB-001,ZHAK-02284-FCBB-001-440,BOLD ID Engine,lifeStage,zoea,ZHAK-02284-FCBB-001-440-lifeStage,https://vocab.nerc.ac.uk/collection/S11/current/S1137/,https://vocab.nerc.ac.uk/collection/P01/current/LSTAGE01/
ZHAK-02285-FCBB-001,ZHAK-02285-FCBB-001-441,BOLD ID Engine,lifeStage,zoea,ZHAK-02285-FCBB-001-441-lifeStage,https://vocab.nerc.ac.uk/collection/S11/current/S1137/,https://vocab.nerc.ac.uk/collection/P01/current/LSTAGE01/
ZHAK-02286-FCBB-001,ZHAK-02286-FCBB-001-442,BOLD ID Engine,lifeStage,zoea,ZHAK-02286-FCBB-001-442-lifeStage,https://vocab.nerc.ac.uk/collection/S11/current/S1137/,https://vocab.nerc.ac.uk/collection/P01/current/LSTAGE01/
ZHAK-02287-FCBB-001,ZHAK-02287-FCBB-001-443,BOLD ID Engine,lifeStage,zoea,ZHAK-02287-FCBB-001-443-lifeStage,https://vocab.nerc.ac.uk/collection/S11/current/S1137/,https://vocab.nerc.ac.uk/collection/P01/current/LSTAGE01/
ZHAK-02288-FCBB-001,ZHAK-02288-FCBB-001-444,Morphology,lifeStage,zoea,ZHAK-02288-FCBB-001-444-lifeStage,https://vocab.nerc.ac.uk/collection/S11/current/S1137/,https://vocab.nerc.ac.uk/collection/P01/current/LSTAGE01/
ZHAK-02289-FCBB-001,ZHAK-02289-FCBB-001-445,BOLD ID Engine,lifeStage,adult,ZHAK-02289-FCBB-001-445-lifeStage,https://vocab.nerc.ac.uk/collection/S11/current/S1116/,https://vocab.nerc.ac.uk/collection/P01/current/LSTAGE01/
ZHAK-02290-FCBB-001,ZHAK-02290-FCBB-001-446,BOLD ID Engine,lifeStage,adult,ZHAK-02290-FCBB-001-446-lifeStage,https://vocab.nerc.ac.uk/collection/S11/current/S1116/,https://vocab.nerc.ac.uk/collection/P01/current/LSTAGE01/
ZHAK-02291-FCBB-001,ZHAK-02291-FCBB-001-447,BOLD ID Engine,lifeStage,adult,ZHAK-02291-FCBB-001-447-lifeStage,https://vocab.nerc.ac.uk/collection/S11/current/S1116/,https://vocab.nerc.ac.uk/collection/P01/current/LSTAGE01/
ZHAK-02292-FCBB-001,ZHAK-02292-FCBB-001-448,BOLD ID Engine,lifeStage,adult,ZHAK-02292-FCBB-001-448-lifeStage,https://vocab.nerc.ac.uk/collection/S11/current/S1116/,https://vocab.nerc.ac.uk/collection/P01/current/LSTAGE01/
ZHAK-02293-FCBB-001,ZHAK-02293-FCBB-001-449,BOLD ID Engine,lifeStage,nauplius,ZHAK-02293-FCBB-001-449-lifeStage,https://vocab.nerc.ac.uk/collection/S11/current/S1130/,https://vocab.nerc.ac.uk/collection/P01/current/LSTAGE01/
ZHAK-02294-FCBB-001,ZHAK-02294-FCBB-001-450,Morphology,lifeStage,adult,ZHAK-02294-FCBB-001-450-lifeStage,https://vocab.nerc.ac.uk/collection/S11/current/S1116/,https://vocab.nerc.ac.uk/collection/P01/current/LSTAGE01/
ZHAK-02295-FCBB-001,ZHAK-02295-FCBB-001-451,BOLD ID Engine,lifeStage,adult,ZHAK-02295-FCBB-001-451-lifeStage,https://vocab.nerc.ac.uk/collection/S11/current/S1116/,https://vocab.nerc.ac.uk/collection/P01/current/LSTAGE01/
ZHAK-02296-FCBB-001,ZHAK-02296-FCBB-001-452,BOLD ID Engine,lifeStage,adult,ZHAK-02296-FCBB-001-452-lifeStage,https://vocab.nerc.ac.uk/collection/S11/current/S1116/,https://vocab.nerc.ac.uk/collection/P01/current/LSTAGE01/
ZHAK-02297-FCBB-001,ZHAK-02297-FCBB-001-453,BOLD ID Engine,lifeStage,adult,ZHAK-02297-FCBB-001-453-lifeStage,https://vocab.nerc.ac.uk/collection/S11/current/S1116/,https://vocab.nerc.ac.uk/collection/P01/current/LSTAGE01/
ZHAK-02298-FCBB-001,ZHAK-02298-FCBB-001-454,BOLD ID Engine,lifeStage,adult,ZHAK-02298-FCBB-001-454-lifeStage,https://vocab.nerc.ac.uk/collection/S11/current/S1116/,https://vocab.nerc.ac.uk/collection/P01/current/LSTAGE01/
ZHAK-02299-FCBB-001,ZHAK-02299-FCBB-001-455,Morphology,lifeStage,adult,ZHAK-02299-FCBB-001-455-lifeStage,https://vocab.nerc.ac.uk/collection/S11/current/S1116/,https://vocab.nerc.ac.uk/collection/P01/current/LSTAGE01/
ZHAK-02300-FCBB-001,ZHAK-02300-FCBB-001-456,Morphology,lifeStage,adult,ZHAK-02300-FCBB-001-456-lifeStage,https://vocab.nerc.ac.uk/collection/S11/current/S1116/,https://vocab.nerc.ac.uk/collection/P01/current/LSTAGE01/
ZHAK-02301-FCBB-001,ZHAK-02301-FCBB-001-457,BOLD ID Engine,lifeStage,adult,ZHAK-02301-FCBB-001-457-lifeStage,https://vocab.nerc.ac.uk/collection/S11/current/S1116/,https://vocab.nerc.ac.uk/collection/P01/current/LSTAGE01/
ZHAK-02302-FCBB-001,ZHAK-02302-FCBB-001-458,Morphology,lifeStage,adult,ZHAK-02302-FCBB-001-458-lifeStage,https://vocab.nerc.ac.uk/collection/S11/current/S1116/,https://vocab.nerc.ac.uk/collection/P01/current/LSTAGE01/
ZHAK-02303-FCBB-001,ZHAK-02303-FCBB-001-459,BOLD ID Engine,lifeStage,adult,ZHAK-02303-FCBB-001-459-lifeStage,https://vocab.nerc.ac.uk/collection/S11/current/S1116/,https://vocab.nerc.ac.uk/collection/P01/current/LSTAGE01/
ZHAK-02304-FCBB-001,ZHAK-02304-FCBB-001-460,Morphology,lifeStage,adult,ZHAK-02304-FCBB-001-460-lifeStage,https://vocab.nerc.ac.uk/collection/S11/current/S1116/,https://vocab.nerc.ac.uk/collection/P01/current/LSTAGE01/
ZHAK-02305-FCBB-001,ZHAK-02305-FCBB-001-461,Morphology,lifeStage,adult,ZHAK-02305-FCBB-001-461-lifeStage,https://vocab.nerc.ac.uk/collection/S11/current/S1116/,https://vocab.nerc.ac.uk/collection/P01/current/LSTAGE01/
ZHAK-02306-FCBB-001,ZHAK-02306-FCBB-001-462,Morphology,lifeStage,adult,ZHAK-02306-FCBB-001-462-lifeStage,https://vocab.nerc.ac.uk/collection/S11/current/S1116/,https://vocab.nerc.ac.uk/collection/P01/current/LSTAGE01/
ZHAK-02520-FCBB-001,ZHAK-02520-FCBB-001-463,BOLD ID Engine,lifeStage,adult,ZHAK-02520-FCBB-001-463-lifeStage,https://vocab.nerc.ac.uk/collection/S11/current/S1116/,https://vocab.nerc.ac.uk/collection/P01/current/LSTAGE01/
ZHAK-02521-FCBB-001,ZHAK-02521-FCBB-001-464,Morphology,lifeStage,larva,ZHAK-02521-FCBB-001-464-lifeStage,https://vocab.nerc.ac.uk/collection/S11/current/S1128/,https://vocab.nerc.ac.uk/collection/P01/current/LSTAGE01/
ZHAK-02522-FCBB-001,ZHAK-02522-FCBB-001-465,Morphology,lifeStage,larva,ZHAK-02522-FCBB-001-465-lifeStage,https://vocab.nerc.ac.uk/collection/S11/current/S1128/,https://vocab.nerc.ac.uk/collection/P01/current/LSTAGE01/
ZHAK-02523-FCBB-001,ZHAK-02523-FCBB-001-466,Morphology,lifeStage,larva,ZHAK-02523-FCBB-001-466-lifeStage,https://vocab.nerc.ac.uk/collection/S11/current/S1128/,https://vocab.nerc.ac.uk/collection/P01/current/LSTAGE01/
ZHAK-02524-FCBB-001,ZHAK-02524-FCBB-001-467,BOLD ID Engine,lifeStage,larva,ZHAK-02524-FCBB-001-467-lifeStage,https://vocab.nerc.ac.uk/collection/S11/current/S1128/,https://vocab.nerc.ac.uk/collection/P01/current/LSTAGE01/
ZHAK-02525-FCBB-001,ZHAK-02525-FCBB-001-468,Morphology,lifeStage,larva,ZHAK-02525-FCBB-001-468-lifeStage,https://vocab.nerc.ac.uk/collection/S11/current/S1128/,https://vocab.nerc.ac.uk/collection/P01/current/LSTAGE01/
ZHAK-02526-FCBB-001,ZHAK-02526-FCBB-001-469,Morphology,lifeStage,larva,ZHAK-02526-FCBB-001-469-lifeStage,https://vocab.nerc.ac.uk/collection/S11/current/S1128/,https://vocab.nerc.ac.uk/collection/P01/current/LSTAGE01/
ZHAK-02527-FCBB-001,ZHAK-02527-FCBB-001-470,Morphology,lifeStage,larva,ZHAK-02527-FCBB-001-470-lifeStage,https://vocab.nerc.ac.uk/collection/S11/current/S1128/,https://vocab.nerc.ac.uk/collection/P01/current/LSTAGE01/
ZHAK-02330-FCBB-001,ZHAK-02330-FCBB-001-471,Morphology,lifeStage,adult,ZHAK-02330-FCBB-001-471-lifeStage,https://vocab.nerc.ac.uk/collection/S11/current/S1116/,https://vocab.nerc.ac.uk/collection/P01/current/LSTAGE01/
ZHAK-02331-FCBB-001,ZHAK-02331-FCBB-001-472,Morphology,lifeStage,adult,ZHAK-02331-FCBB-001-472-lifeStage,https://vocab.nerc.ac.uk/collection/S11/current/S1116/,https://vocab.nerc.ac.uk/collection/P01/current/LSTAGE01/
ZHAK-02332-FCBB-001,ZHAK-02332-FCBB-001-473,Morphology,lifeStage,adult,ZHAK-02332-FCBB-001-473-lifeStage,https://vocab.nerc.ac.uk/collection/S11/current/S1116/,https://vocab.nerc.ac.uk/collection/P01/current/LSTAGE01/
ZHAK-02333-FCBB-001,ZHAK-02333-FCBB-001-474,Morphology,lifeStage,metatrocophore,ZHAK-02333-FCBB-001-474-lifeStage, ,https://vocab.nerc.ac.uk/collection/P01/current/LSTAGE01/
ZHAK-02334-FCBB-001,ZHAK-02334-FCBB-001-475,Morphology,lifeStage,metatrocophore,ZHAK-02334-FCBB-001-475-lifeStage, ,https://vocab.nerc.ac.uk/collection/P01/current/LSTAGE01/
ZHAK-02335-FCBB-001,ZHAK-02335-FCBB-001-476,Morphology,lifeStage,metatrocophore,ZHAK-02335-FCBB-001-476-lifeStage, ,https://vocab.nerc.ac.uk/collection/P01/current/LSTAGE01/
ZHAK-02336-FCBB-001,ZHAK-02336-FCBB-001-477,Morphology,lifeStage,metatrocophore,ZHAK-02336-FCBB-001-477-lifeStage, ,https://vocab.nerc.ac.uk/collection/P01/current/LSTAGE01/
ZHAK-02337-FCBB-001,ZHAK-02337-FCBB-001-478,Morphology,lifeStage,metatrocophore,ZHAK-02337-FCBB-001-478-lifeStage, ,https://vocab.nerc.ac.uk/collection/P01/current/LSTAGE01/
ZHAK-02338-FCBB-001,ZHAK-02338-FCBB-001-479,Morphology,lifeStage,metatrocophore,ZHAK-02338-FCBB-001-479-lifeStage, ,https://vocab.nerc.ac.uk/collection/P01/current/LSTAGE01/
ZHAK-02339-FCBB-001,ZHAK-02339-FCBB-001-480,BOLD ID Engine,lifeStage,metatrocophore,ZHAK-02339-FCBB-001-480-lifeStage, ,https://vocab.nerc.ac.uk/collection/P01/current/LSTAGE01/
ZHAK-02340-FCBB-001,ZHAK-02340-FCBB-001-481,Morphology,lifeStage,metatrocophore,ZHAK-02340-FCBB-001-481-lifeStage, ,https://vocab.nerc.ac.uk/collection/P01/current/LSTAGE01/
ZHAK-02341-FCBB-001,ZHAK-02341-FCBB-001-482,Morphology,lifeStage,metatrocophore,ZHAK-02341-FCBB-001-482-lifeStage, ,https://vocab.nerc.ac.uk/collection/P01/current/LSTAGE01/
ZHAK-02342-FCBB-001,ZHAK-02342-FCBB-001-483,Morphology,lifeStage,metatrocophore,ZHAK-02342-FCBB-001-483-lifeStage, ,https://vocab.nerc.ac.uk/collection/P01/current/LSTAGE01/
ZHAK-02343-FCBB-001,ZHAK-02343-FCBB-001-484,Morphology,lifeStage,metatrocophore,ZHAK-02343-FCBB-001-484-lifeStage, ,https://vocab.nerc.ac.uk/collection/P01/current/LSTAGE01/
ZHAK-02344-FCBB-001,ZHAK-02344-FCBB-001-485,Morphology,lifeStage,metatrocophore,ZHAK-02344-FCBB-001-485-lifeStage, ,https://vocab.nerc.ac.uk/collection/P01/current/LSTAGE01/
ZHAK-02345-FCBB-001,ZHAK-02345-FCBB-001-486,Morphology,lifeStage,metatrocophore,ZHAK-02345-FCBB-001-486-lifeStage, ,https://vocab.nerc.ac.uk/collection/P01/current/LSTAGE01/
ZHAK-02346-FCBB-001,ZHAK-02346-FCBB-001-487,Morphology,lifeStage,metatrocophore,ZHAK-02346-FCBB-001-487-lifeStage, ,https://vocab.nerc.ac.uk/collection/P01/current/LSTAGE01/
ZHAK-02347-FCBB-001,ZHAK-02347-FCBB-001-488,Morphology,lifeStage,metatrocophore,ZHAK-02347-FCBB-001-488-lifeStage, ,https://vocab.nerc.ac.uk/collection/P01/current/LSTAGE01/
ZHAK-02348-FCBB-001,ZHAK-02348-FCBB-001-489,Morphology,lifeStage,metatrocophore,ZHAK-02348-FCBB-001-489-lifeStage, ,https://vocab.nerc.ac.uk/collection/P01/current/LSTAGE01/
ZHAK-02349-FCBB-001,ZHAK-02349-FCBB-001-490,Morphology,lifeStage,metatrocophore,ZHAK-02349-FCBB-001-490-lifeStage, ,https://vocab.nerc.ac.uk/collection/P01/current/LSTAGE01/
ZHAK-02350-FCBB-001,ZHAK-02350-FCBB-001-491,Morphology,lifeStage,metatrocophore,ZHAK-02350-FCBB-001-491-lifeStage, ,https://vocab.nerc.ac.uk/collection/P01/current/LSTAGE01/
ZHAK-02351-FCBB-001,ZHAK-02351-FCBB-001-492,Morphology,lifeStage,metatrocophore,ZHAK-02351-FCBB-001-492-lifeStage, ,https://vocab.nerc.ac.uk/collection/P01/current/LSTAGE01/
ZHAK-02352-FCBB-001,ZHAK-02352-FCBB-001-493,Morphology,lifeStage,metatrocophore,ZHAK-02352-FCBB-001-493-lifeStage, ,https://vocab.nerc.ac.uk/collection/P01/current/LSTAGE01/
ZHAK-03002-FCBB-001,ZHAK-03002-FCBB-001-501,Morphology,lifeStage,adult,ZHAK-03002-FCBB-001-501-lifeStage,https://vocab.nerc.ac.uk/collection/S11/current/S1116/,https://vocab.nerc.ac.uk/collection/P01/current/LSTAGE01/
ZHAK-03003-FCBB-001,ZHAK-03003-FCBB-001-502,Morphology,lifeStage,adult,ZHAK-03003-FCBB-001-502-lifeStage,https://vocab.nerc.ac.uk/collection/S11/current/S1116/,https://vocab.nerc.ac.uk/collection/P01/current/LSTAGE01/
ZHAK-03004-FCBB-001,ZHAK-03004-FCBB-001-503,Morphology,lifeStage,adult,ZHAK-03004-FCBB-001-503-lifeStage,https://vocab.nerc.ac.uk/collection/S11/current/S1116/,https://vocab.nerc.ac.uk/collection/P01/current/LSTAGE01/
ZHAK-03005-FCBB-001,ZHAK-03005-FCBB-001-504,Morphology,lifeStage,medusa,ZHAK-03005-FCBB-001-504-lifeStage,https://vocab.nerc.ac.uk/collection/S11/current/S1129/,https://vocab.nerc.ac.uk/collection/P01/current/LSTAGE01/
ZHAK-03006-FCBB-001,ZHAK-03006-FCBB-001-505,Morphology,lifeStage,adult,ZHAK-03006-FCBB-001-505-lifeStage,https://vocab.nerc.ac.uk/collection/S11/current/S1116/,https://vocab.nerc.ac.uk/collection/P01/current/LSTAGE01/
ZHAK-03007-FCBB-001,ZHAK-03007-FCBB-001-506,Morphology,lifeStage,adult,ZHAK-03007-FCBB-001-506-lifeStage,https://vocab.nerc.ac.uk/collection/S11/current/S1116/,https://vocab.nerc.ac.uk/collection/P01/current/LSTAGE01/
ZHAK-03008-FCBB-001,ZHAK-03008-FCBB-001-507,Morphology,lifeStage,adult,ZHAK-03008-FCBB-001-507-lifeStage,https://vocab.nerc.ac.uk/collection/S11/current/S1116/,https://vocab.nerc.ac.uk/collection/P01/current/LSTAGE01/
ZHAK-03009-FCBB-001,ZHAK-03009-FCBB-001-508,Morphology,lifeStage,adult,ZHAK-03009-FCBB-001-508-lifeStage,https://vocab.nerc.ac.uk/collection/S11/current/S1116/,https://vocab.nerc.ac.uk/collection/P01/current/LSTAGE01/
ZHAK-03010-FCBB-001,ZHAK-03010-FCBB-001-509,Morphology,lifeStage,adult,ZHAK-03010-FCBB-001-509-lifeStage,https://vocab.nerc.ac.uk/collection/S11/current/S1116/,https://vocab.nerc.ac.uk/collection/P01/current/LSTAGE01/
ZHAK-03011-FCBB-001,ZHAK-03011-FCBB-001-510,Morphology,lifeStage,adult,ZHAK-03011-FCBB-001-510-lifeStage,https://vocab.nerc.ac.uk/collection/S11/current/S1116/,https://vocab.nerc.ac.uk/collection/P01/current/LSTAGE01/
ZHAK-03012-FCBB-001,ZHAK-03012-FCBB-001-511,Morphology,lifeStage,larva,ZHAK-03012-FCBB-001-511-lifeStage,https://vocab.nerc.ac.uk/collection/S11/current/S1128/,https://vocab.nerc.ac.uk/collection/P01/current/LSTAGE01/
ZHAK-03013-FCBB-001,ZHAK-03013-FCBB-001-512,Morphology,lifeStage,larva,ZHAK-03013-FCBB-001-512-lifeStage,https://vocab.nerc.ac.uk/collection/S11/current/S1128/,https://vocab.nerc.ac.uk/collection/P01/current/LSTAGE01/
ZHAK-03014-FCBB-001,ZHAK-03014-FCBB-001-513,Morphology,lifeStage,adult,ZHAK-03014-FCBB-001-513-lifeStage,https://vocab.nerc.ac.uk/collection/S11/current/S1116/,https://vocab.nerc.ac.uk/collection/P01/current/LSTAGE01/
