sample_id,station_id,treatment,depth_m,verbatimEventDate,decimalLatitude,decimalLongitude,verbatimLocality,eventID,month,day,year,eventDate,eventType,language,license,bibliographicCitation,accessRights,rightsHolder,institutionCode,institutionID,modified,country,countryCode,geodeticDatum,minimumDepthInMeters,maximumDepthInMeters
FC-069,Station_01,bottom,10,"Sept.3, 2022",49.281783,-123.1601,English Bay,Hakai-FC-069,9,3,2022,2022-09-03,sampling,en,http://creativecommons.org/licenses/by/4.0/legalcode, , ,Hakai Institute,Hakai Institute,https://edmo.seadatanet.org/report/5148,2025-06-17,Canada,CA,WGS84,10,10
FC-070,Station_01,bottom,10,"Sept.3, 2022",49.281783,-123.1601,English Bay,Hakai-FC-070,9,3,2022,2022-09-03,sampling,en,http://creativecommons.org/licenses/by/4.0/legalcode, , ,Hakai Institute,Hakai Institute,https://edmo.seadatanet.org/report/5148,2025-06-17,Canada,CA,WGS84,10,10
FC-071,Station_01,bottom,10,"Sept.3, 2022",49.281783,-123.1601,English Bay,Hakai-FC-071,9,3,2022,2022-09-03,sampling,en,http://creativecommons.org/licenses/by/4.0/legalcode, , ,Hakai Institute,Hakai Institute,https://edmo.seadatanet.org/report/5148,2025-06-17,Canada,CA,WGS84,10,10
FC-063,Station_02,bottom,5,"Sept.3, 2022",49.281516,-123.15095,Kits Beach,Hakai-FC-063,9,3,2022,2022-09-03,sampling,en,http://creativecommons.org/licenses/by/4.0/legalcode, , ,Hakai Institute,Hakai Institute,https://edmo.seadatanet.org/report/5148,2025-06-17,Canada,CA,WGS84,5,5
FC-064,Station_02,bottom,5,"Sept.3, 2022",49.281516,-123.15095,Kits Beach,Hakai-FC-064,9,3,2022,2022-09-03,sampling,en,http://creativecommons.org/licenses/by/4.0/legalcode, , ,Hakai Institute,Hakai Institute,https://edmo.seadatanet.org/report/5148,2025-06-17,Canada,CA,WGS84,5,5
FC-065,Station_02,bottom,5,"Sept.3, 2022",49.281516,-123.15095,Kits Beach,Hakai-FC-065,9,3,2022,2022-09-03,sampling,en,http://creativecommons.org/licenses/by/4.0/legalcode, , ,Hakai Institute,Hakai Institute,https://edmo.seadatanet.org/report/5148,2025-06-17,Canada,CA,WGS84,5,5
FC-057,Station_03,bottom,5,"Sept.3, 2022",49.283216,-123.14965,Barge Chillin' Beach,Hakai-FC-057,9,3,2022,2022-09-03,sampling,en,http://creativecommons.org/licenses/by/4.0/legalcode, , ,Hakai Institute,Hakai Institute,https://edmo.seadatanet.org/report/5148,2025-06-17,Canada,CA,WGS84,5,5
FC-058,Station_03,bottom,5,"Sept.3, 2022",49.283216,-123.14965,Barge Chillin' Beach,Hakai-FC-058,9,3,2022,2022-09-03,sampling,en,http://creativecommons.org/licenses/by/4.0/legalcode, , ,Hakai Institute,Hakai Institute,https://edmo.seadatanet.org/report/5148,2025-06-17,Canada,CA,WGS84,5,5
FC-059,Station_03,bottom,5,"Sept.3, 2022",49.283216,-123.14965,Barge Chillin' Beach,Hakai-FC-059,9,3,2022,2022-09-03,sampling,en,http://creativecommons.org/licenses/by/4.0/legalcode, , ,Hakai Institute,Hakai Institute,https://edmo.seadatanet.org/report/5148,2025-06-17,Canada,CA,WGS84,5,5
FC-051,Station_04,bottom,5,"Sept.3, 2022",49.279283,-123.141783,Vanier Park,Hakai-FC-051,9,3,2022,2022-09-03,sampling,en,http://creativecommons.org/licenses/by/4.0/legalcode, , ,Hakai Institute,Hakai Institute,https://edmo.seadatanet.org/report/5148,2025-06-17,Canada,CA,WGS84,5,5
FC-052,Station_04,bottom,5,"Sept.3, 2022",49.279283,-123.141783,Vanier Park,Hakai-FC-052,9,3,2022,2022-09-03,sampling,en,http://creativecommons.org/licenses/by/4.0/legalcode, , ,Hakai Institute,Hakai Institute,https://edmo.seadatanet.org/report/5148,2025-06-17,Canada,CA,WGS84,5,5
FC-053,Station_04,bottom,5,"Sept.3, 2022",49.279283,-123.141783,Vanier Park,Hakai-FC-053,9,3,2022,2022-09-03,sampling,en,http://creativecommons.org/licenses/by/4.0/legalcode, , ,Hakai Institute,Hakai Institute,https://edmo.seadatanet.org/report/5148,2025-06-17,Canada,CA,WGS84,5,5
FC-045,Station_05,bottom,3,"Sept.3, 2022",49.27626,-123.1373,Burrard bridge / fuel dock,Hakai-FC-045,9,3,2022,2022-09-03,sampling,en,http://creativecommons.org/licenses/by/4.0/legalcode, , ,Hakai Institute,Hakai Institute,https://edmo.seadatanet.org/report/5148,2025-06-17,Canada,CA,WGS84,3,3
FC-046,Station_05,bottom,3,"Sept.3, 2022",49.27626,-123.1373,Burrard bridge / fuel dock,Hakai-FC-046,9,3,2022,2022-09-03,sampling,en,http://creativecommons.org/licenses/by/4.0/legalcode, , ,Hakai Institute,Hakai Institute,https://edmo.seadatanet.org/report/5148,2025-06-17,Canada,CA,WGS84,3,3
FC-047,Station_05,bottom,3,"Sept.3, 2022",49.27626,-123.1373,Burrard bridge / fuel dock,Hakai-FC-047,9,3,2022,2022-09-03,sampling,en,http://creativecommons.org/licenses/by/4.0/legalcode, , ,Hakai Institute,Hakai Institute,https://edmo.seadatanet.org/report/5148,2025-06-17,Canada,CA,WGS84,3,3
FC-039,Station_06,bottom,2,"Sept.3, 2022",49.27323,-123.13356,Granville Island,Hakai-FC-039,9,3,2022,2022-09-03,sampling,en,http://creativecommons.org/licenses/by/4.0/legalcode, , ,Hakai Institute,Hakai Institute,https://edmo.seadatanet.org/report/5148,2025-06-17,Canada,CA,WGS84,2,2
FC-040,Station_06,bottom,2,"Sept.3, 2022",49.27323,-123.13356,Granville Island,Hakai-FC-040,9,3,2022,2022-09-03,sampling,en,http://creativecommons.org/licenses/by/4.0/legalcode, , ,Hakai Institute,Hakai Institute,https://edmo.seadatanet.org/report/5148,2025-06-17,Canada,CA,WGS84,2,2
FC-041,Station_06,bottom,2,"Sept.3, 2022",49.27323,-123.13356,Granville Island,Hakai-FC-041,9,3,2022,2022-09-03,sampling,en,http://creativecommons.org/licenses/by/4.0/legalcode, , ,Hakai Institute,Hakai Institute,https://edmo.seadatanet.org/report/5148,2025-06-17,Canada,CA,WGS84,2,2
FC-033,Station_07,bottom,2,"Sept.3, 2022",49.27025,-123.12925,Spruce Harbour,Hakai-FC-033,9,3,2022,2022-09-03,sampling,en,http://creativecommons.org/licenses/by/4.0/legalcode, , ,Hakai Institute,Hakai Institute,https://edmo.seadatanet.org/report/5148,2025-06-17,Canada,CA,WGS84,2,2
FC-034,Station_07,bottom,2,"Sept.3, 2022",49.27025,-123.12925,Spruce Harbour,Hakai-FC-034,9,3,2022,2022-09-03,sampling,en,http://creativecommons.org/licenses/by/4.0/legalcode, , ,Hakai Institute,Hakai Institute,https://edmo.seadatanet.org/report/5148,2025-06-17,Canada,CA,WGS84,2,2
FC-035,Station_07,bottom,2,"Sept.3, 2022",49.27025,-123.12925,Spruce Harbour,Hakai-FC-035,9,3,2022,2022-09-03,sampling,en,http://creativecommons.org/licenses/by/4.0/legalcode, , ,Hakai Institute,Hakai Institute,https://edmo.seadatanet.org/report/5148,2025-06-17,Canada,CA,WGS84,2,2
FC-026,Station_08,bottom,2,"Sept.3, 2022",49.2705,-123.12346,David Lam Park,Hakai-FC-026,9,3,2022,2022-09-03,sampling,en,http://creativecommons.org/licenses/by/4.0/legalcode, , ,Hakai Institute,Hakai Institute,https://edmo.seadatanet.org/report/5148,2025-06-17,Canada,CA,WGS84,2,2
FC-027,Station_08,bottom,2,"Sept.3, 2022",49.2705,-123.12346,David Lam Park,Hakai-FC-027,9,3,2022,2022-09-03,sampling,en,http://creativecommons.org/licenses/by/4.0/legalcode, , ,Hakai Institute,Hakai Institute,https://edmo.seadatanet.org/report/5148,2025-06-17,Canada,CA,WGS84,2,2
FC-028,Station_08,bottom,2,"Sept.3, 2022",49.2705,-123.12346,David Lam Park,Hakai-FC-028,9,3,2022,2022-09-03,sampling,en,http://creativecommons.org/licenses/by/4.0/legalcode, , ,Hakai Institute,Hakai Institute,https://edmo.seadatanet.org/report/5148,2025-06-17,Canada,CA,WGS84,2,2
FC-020,Station_09,bottom,2,"Sept.3, 2022",49.272116,-123.1147,Cambie Bridge,Hakai-FC-020,9,3,2022,2022-09-03,sampling,en,http://creativecommons.org/licenses/by/4.0/legalcode, , ,Hakai Institute,Hakai Institute,https://edmo.seadatanet.org/report/5148,2025-06-17,Canada,CA,WGS84,2,2
FC-021,Station_09,bottom,2,"Sept.3, 2022",49.272116,-123.1147,Cambie Bridge,Hakai-FC-021,9,3,2022,2022-09-03,sampling,en,http://creativecommons.org/licenses/by/4.0/legalcode, , ,Hakai Institute,Hakai Institute,https://edmo.seadatanet.org/report/5148,2025-06-17,Canada,CA,WGS84,2,2
FC-022,Station_09,bottom,2,"Sept.3, 2022",49.272116,-123.1147,Cambie Bridge,Hakai-FC-022,9,3,2022,2022-09-03,sampling,en,http://creativecommons.org/licenses/by/4.0/legalcode, , ,Hakai Institute,Hakai Institute,https://edmo.seadatanet.org/report/5148,2025-06-17,Canada,CA,WGS84,2,2
FC-014,Station_10,bottom,2,"Sept.3, 2022",49.273483,-123.11055,Habitat Island,Hakai-FC-014,9,3,2022,2022-09-03,sampling,en,http://creativecommons.org/licenses/by/4.0/legalcode, , ,Hakai Institute,Hakai Institute,https://edmo.seadatanet.org/report/5148,2025-06-17,Canada,CA,WGS84,2,2
FC-015,Station_10,bottom,2,"Sept.3, 2022",49.273483,-123.11055,Habitat Island,Hakai-FC-015,9,3,2022,2022-09-03,sampling,en,http://creativecommons.org/licenses/by/4.0/legalcode, , ,Hakai Institute,Hakai Institute,https://edmo.seadatanet.org/report/5148,2025-06-17,Canada,CA,WGS84,2,2
FC-016,Station_10,bottom,2,"Sept.3, 2022",49.273483,-123.11055,Habitat Island,Hakai-FC-016,9,3,2022,2022-09-03,sampling,en,http://creativecommons.org/licenses/by/4.0/legalcode, , ,Hakai Institute,Hakai Institute,https://edmo.seadatanet.org/report/5148,2025-06-17,Canada,CA,WGS84,2,2
FC-008,Station_11,bottom,5,"Sept.3, 2022",49.2744,-123.105416,Science World north,Hakai-FC-008,9,3,2022,2022-09-03,sampling,en,http://creativecommons.org/licenses/by/4.0/legalcode, , ,Hakai Institute,Hakai Institute,https://edmo.seadatanet.org/report/5148,2025-06-17,Canada,CA,WGS84,5,5
FC-009,Station_11,bottom,5,"Sept.3, 2022",49.2744,-123.105416,Science World north,Hakai-FC-009,9,3,2022,2022-09-03,sampling,en,http://creativecommons.org/licenses/by/4.0/legalcode, , ,Hakai Institute,Hakai Institute,https://edmo.seadatanet.org/report/5148,2025-06-17,Canada,CA,WGS84,5,5
FC-010,Station_11,bottom,5,"Sept.3, 2022",49.2744,-123.105416,Science World north,Hakai-FC-010,9,3,2022,2022-09-03,sampling,en,http://creativecommons.org/licenses/by/4.0/legalcode, , ,Hakai Institute,Hakai Institute,https://edmo.seadatanet.org/report/5148,2025-06-17,Canada,CA,WGS84,5,5
FC-002,Station_12,bottom,2,"Sept.3, 2022",49.2726,-123.103583,Science World south,Hakai-FC-002,9,3,2022,2022-09-03,sampling,en,http://creativecommons.org/licenses/by/4.0/legalcode, , ,Hakai Institute,Hakai Institute,https://edmo.seadatanet.org/report/5148,2025-06-17,Canada,CA,WGS84,2,2
FC-003,Station_12,bottom,2,"Sept.3, 2022",49.2726,-123.103583,Science World south,Hakai-FC-003,9,3,2022,2022-09-03,sampling,en,http://creativecommons.org/licenses/by/4.0/legalcode, , ,Hakai Institute,Hakai Institute,https://edmo.seadatanet.org/report/5148,2025-06-17,Canada,CA,WGS84,2,2
FC-004,Station_12,bottom,2,"Sept.3, 2022",49.2726,-123.103583,Science World south,Hakai-FC-004,9,3,2022,2022-09-03,sampling,en,http://creativecommons.org/licenses/by/4.0/legalcode, , ,Hakai Institute,Hakai Institute,https://edmo.seadatanet.org/report/5148,2025-06-17,Canada,CA,WGS84,2,2
FC-072,Station_01,surface,0,"Sept.3, 2022",49.281783,-123.1601,English Bay,Hakai-FC-072,9,3,2022,2022-09-03,sampling,en,http://creativecommons.org/licenses/by/4.0/legalcode, , ,Hakai Institute,Hakai Institute,https://edmo.seadatanet.org/report/5148,2025-06-17,Canada,CA,WGS84,0,0
FC-073,Station_01,surface,0,"Sept.3, 2022",49.281783,-123.1601,English Bay,Hakai-FC-073,9,3,2022,2022-09-03,sampling,en,http://creativecommons.org/licenses/by/4.0/legalcode, , ,Hakai Institute,Hakai Institute,https://edmo.seadatanet.org/report/5148,2025-06-17,Canada,CA,WGS84,0,0
FC-074,Station_01,surface,0,"Sept.3, 2022",49.281783,-123.1601,English Bay,Hakai-FC-074,9,3,2022,2022-09-03,sampling,en,http://creativecommons.org/licenses/by/4.0/legalcode, , ,Hakai Institute,Hakai Institute,https://edmo.seadatanet.org/report/5148,2025-06-17,Canada,CA,WGS84,0,0
FC-066,Station_02,surface,0,"Sept.3, 2022",49.281516,-123.15095,Kits Beach,Hakai-FC-066,9,3,2022,2022-09-03,sampling,en,http://creativecommons.org/licenses/by/4.0/legalcode, , ,Hakai Institute,Hakai Institute,https://edmo.seadatanet.org/report/5148,2025-06-17,Canada,CA,WGS84,0,0
FC-067,Station_02,surface,0,"Sept.3, 2022",49.281516,-123.15095,Kits Beach,Hakai-FC-067,9,3,2022,2022-09-03,sampling,en,http://creativecommons.org/licenses/by/4.0/legalcode, , ,Hakai Institute,Hakai Institute,https://edmo.seadatanet.org/report/5148,2025-06-17,Canada,CA,WGS84,0,0
FC-068,Station_02,surface,0,"Sept.3, 2022",49.281516,-123.15095,Kits Beach,Hakai-FC-068,9,3,2022,2022-09-03,sampling,en,http://creativecommons.org/licenses/by/4.0/legalcode, , ,Hakai Institute,Hakai Institute,https://edmo.seadatanet.org/report/5148,2025-06-17,Canada,CA,WGS84,0,0
FC-060,Station_03,surface,0,"Sept.3, 2022",49.283216,-123.14965,Barge Chillin' Beach,Hakai-FC-060,9,3,2022,2022-09-03,sampling,en,http://creativecommons.org/licenses/by/4.0/legalcode, , ,Hakai Institute,Hakai Institute,https://edmo.seadatanet.org/report/5148,2025-06-17,Canada,CA,WGS84,0,0
FC-061,Station_03,surface,0,"Sept.3, 2022",49.283216,-123.14965,Barge Chillin' Beach,Hakai-FC-061,9,3,2022,2022-09-03,sampling,en,http://creativecommons.org/licenses/by/4.0/legalcode, , ,Hakai Institute,Hakai Institute,https://edmo.seadatanet.org/report/5148,2025-06-17,Canada,CA,WGS84,0,0
FC-062,Station_03,surface,0,"Sept.3, 2022",49.283216,-123.14965,Barge Chillin' Beach,Hakai-FC-062,9,3,2022,2022-09-03,sampling,en,http://creativecommons.org/licenses/by/4.0/legalcode, , ,Hakai Institute,Hakai Institute,https://edmo.seadatanet.org/report/5148,2025-06-17,Canada,CA,WGS84,0,0
FC-054,Station_04,surface,0,"Sept.3, 2022",49.279283,-123.141783,Vanier Park,Hakai-FC-054,9,3,2022,2022-09-03,sampling,en,http://creativecommons.org/licenses/by/4.0/legalcode, , ,Hakai Institute,Hakai Institute,https://edmo.seadatanet.org/report/5148,2025-06-17,Canada,CA,WGS84,0,0
FC-055,Station_04,surface,0,"Sept.3, 2022",49.279283,-123.141783,Vanier Park,Hakai-FC-055,9,3,2022,2022-09-03,sampling,en,http://creativecommons.org/licenses/by/4.0/legalcode, , ,Hakai Institute,Hakai Institute,https://edmo.seadatanet.org/report/5148,2025-06-17,Canada,CA,WGS84,0,0
FC-056,Station_04,surface,0,"Sept.3, 2022",49.279283,-123.141783,Vanier Park,Hakai-FC-056,9,3,2022,2022-09-03,sampling,en,http://creativecommons.org/licenses/by/4.0/legalcode, , ,Hakai Institute,Hakai Institute,https://edmo.seadatanet.org/report/5148,2025-06-17,Canada,CA,WGS84,0,0
FC-048,Station_05,surface,0,"Sept.3, 2022",49.27626,-123.1373,Burrard bridge / fuel dock,Hakai-FC-048,9,3,2022,2022-09-03,sampling,en,http://creativecommons.org/licenses/by/4.0/legalcode, , ,Hakai Institute,Hakai Institute,https://edmo.seadatanet.org/report/5148,2025-06-17,Canada,CA,WGS84,0,0
FC-049,Station_05,surface,0,"Sept.3, 2022",49.27626,-123.1373,Burrard bridge / fuel dock,Hakai-FC-049,9,3,2022,2022-09-03,sampling,en,http://creativecommons.org/licenses/by/4.0/legalcode, , ,Hakai Institute,Hakai Institute,https://edmo.seadatanet.org/report/5148,2025-06-17,Canada,CA,WGS84,0,0
FC-050,Station_05,surface,0,"Sept.3, 2022",49.27626,-123.1373,Burrard bridge / fuel dock,Hakai-FC-050,9,3,2022,2022-09-03,sampling,en,http://creativecommons.org/licenses/by/4.0/legalcode, , ,Hakai Institute,Hakai Institute,https://edmo.seadatanet.org/report/5148,2025-06-17,Canada,CA,WGS84,0,0
FC-042,Station_06,surface,0,"Sept.3, 2022",49.27323,-123.13356,Granville Island,Hakai-FC-042,9,3,2022,2022-09-03,sampling,en,http://creativecommons.org/licenses/by/4.0/legalcode, , ,Hakai Institute,Hakai Institute,https://edmo.seadatanet.org/report/5148,2025-06-17,Canada,CA,WGS84,0,0
FC-043,Station_06,surface,0,"Sept.3, 2022",49.27323,-123.13356,Granville Island,Hakai-FC-043,9,3,2022,2022-09-03,sampling,en,http://creativecommons.org/licenses/by/4.0/legalcode, , ,Hakai Institute,Hakai Institute,https://edmo.seadatanet.org/report/5148,2025-06-17,Canada,CA,WGS84,0,0
FC-044,Station_06,surface,0,"Sept.3, 2022",49.27323,-123.13356,Granville Island,Hakai-FC-044,9,3,2022,2022-09-03,sampling,en,http://creativecommons.org/licenses/by/4.0/legalcode, , ,Hakai Institute,Hakai Institute,https://edmo.seadatanet.org/report/5148,2025-06-17,Canada,CA,WGS84,0,0
FC-036,Station_07,surface,0,"Sept.3, 2022",49.27025,-123.12925,Spruce Harbour,Hakai-FC-036,9,3,2022,2022-09-03,sampling,en,http://creativecommons.org/licenses/by/4.0/legalcode, , ,Hakai Institute,Hakai Institute,https://edmo.seadatanet.org/report/5148,2025-06-17,Canada,CA,WGS84,0,0
FC-037,Station_07,surface,0,"Sept.3, 2022",49.27025,-123.12925,Spruce Harbour,Hakai-FC-037,9,3,2022,2022-09-03,sampling,en,http://creativecommons.org/licenses/by/4.0/legalcode, , ,Hakai Institute,Hakai Institute,https://edmo.seadatanet.org/report/5148,2025-06-17,Canada,CA,WGS84,0,0
FC-038,Station_07,surface,0,"Sept.3, 2022",49.27025,-123.12925,Spruce Harbour,Hakai-FC-038,9,3,2022,2022-09-03,sampling,en,http://creativecommons.org/licenses/by/4.0/legalcode, , ,Hakai Institute,Hakai Institute,https://edmo.seadatanet.org/report/5148,2025-06-17,Canada,CA,WGS84,0,0
FC-029,Station_08,surface,0,"Sept.3, 2022",49.2705,-123.12346,David Lam Park,Hakai-FC-029,9,3,2022,2022-09-03,sampling,en,http://creativecommons.org/licenses/by/4.0/legalcode, , ,Hakai Institute,Hakai Institute,https://edmo.seadatanet.org/report/5148,2025-06-17,Canada,CA,WGS84,0,0
FC-030,Station_08,surface,0,"Sept.3, 2022",49.2705,-123.12346,David Lam Park,Hakai-FC-030,9,3,2022,2022-09-03,sampling,en,http://creativecommons.org/licenses/by/4.0/legalcode, , ,Hakai Institute,Hakai Institute,https://edmo.seadatanet.org/report/5148,2025-06-17,Canada,CA,WGS84,0,0
FC-031,Station_08,surface,0,"Sept.3, 2022",49.2705,-123.12346,David Lam Park,Hakai-FC-031,9,3,2022,2022-09-03,sampling,en,http://creativecommons.org/licenses/by/4.0/legalcode, , ,Hakai Institute,Hakai Institute,https://edmo.seadatanet.org/report/5148,2025-06-17,Canada,CA,WGS84,0,0
FC-023,Station_09,surface,0,"Sept.3, 2022",49.272116,-123.1147,Cambie Bridge,Hakai-FC-023,9,3,2022,2022-09-03,sampling,en,http://creativecommons.org/licenses/by/4.0/legalcode, , ,Hakai Institute,Hakai Institute,https://edmo.seadatanet.org/report/5148,2025-06-17,Canada,CA,WGS84,0,0
FC-024,Station_09,surface,0,"Sept.3, 2022",49.272116,-123.1147,Cambie Bridge,Hakai-FC-024,9,3,2022,2022-09-03,sampling,en,http://creativecommons.org/licenses/by/4.0/legalcode, , ,Hakai Institute,Hakai Institute,https://edmo.seadatanet.org/report/5148,2025-06-17,Canada,CA,WGS84,0,0
FC-025,Station_09,surface,0,"Sept.3, 2022",49.272116,-123.1147,Cambie Bridge,Hakai-FC-025,9,3,2022,2022-09-03,sampling,en,http://creativecommons.org/licenses/by/4.0/legalcode, , ,Hakai Institute,Hakai Institute,https://edmo.seadatanet.org/report/5148,2025-06-17,Canada,CA,WGS84,0,0
FC-017,Station_10,surface,0,"Sept.3, 2022",49.273483,-123.11055,Habitat Island,Hakai-FC-017,9,3,2022,2022-09-03,sampling,en,http://creativecommons.org/licenses/by/4.0/legalcode, , ,Hakai Institute,Hakai Institute,https://edmo.seadatanet.org/report/5148,2025-06-17,Canada,CA,WGS84,0,0
FC-018,Station_10,surface,0,"Sept.3, 2022",49.273483,-123.11055,Habitat Island,Hakai-FC-018,9,3,2022,2022-09-03,sampling,en,http://creativecommons.org/licenses/by/4.0/legalcode, , ,Hakai Institute,Hakai Institute,https://edmo.seadatanet.org/report/5148,2025-06-17,Canada,CA,WGS84,0,0
FC-019,Station_10,surface,0,"Sept.3, 2022",49.273483,-123.11055,Habitat Island,Hakai-FC-019,9,3,2022,2022-09-03,sampling,en,http://creativecommons.org/licenses/by/4.0/legalcode, , ,Hakai Institute,Hakai Institute,https://edmo.seadatanet.org/report/5148,2025-06-17,Canada,CA,WGS84,0,0
FC-011,Station_11,surface,0,"Sept.3, 2022",49.2744,-123.105416,Science World north,Hakai-FC-011,9,3,2022,2022-09-03,sampling,en,http://creativecommons.org/licenses/by/4.0/legalcode, , ,Hakai Institute,Hakai Institute,https://edmo.seadatanet.org/report/5148,2025-06-17,Canada,CA,WGS84,0,0
FC-012,Station_11,surface,0,"Sept.3, 2022",49.2744,-123.105416,Science World north,Hakai-FC-012,9,3,2022,2022-09-03,sampling,en,http://creativecommons.org/licenses/by/4.0/legalcode, , ,Hakai Institute,Hakai Institute,https://edmo.seadatanet.org/report/5148,2025-06-17,Canada,CA,WGS84,0,0
FC-013,Station_11,surface,0,"Sept.3, 2022",49.2744,-123.105416,Science World north,Hakai-FC-013,9,3,2022,2022-09-03,sampling,en,http://creativecommons.org/licenses/by/4.0/legalcode, , ,Hakai Institute,Hakai Institute,https://edmo.seadatanet.org/report/5148,2025-06-17,Canada,CA,WGS84,0,0
FC-005,Station_12,surface,0,"Sept.3, 2022",49.2726,-123.103583,Science World south,Hakai-FC-005,9,3,2022,2022-09-03,sampling,en,http://creativecommons.org/licenses/by/4.0/legalcode, , ,Hakai Institute,Hakai Institute,https://edmo.seadatanet.org/report/5148,2025-06-17,Canada,CA,WGS84,0,0
FC-006,Station_12,surface,0,"Sept.3, 2022",49.2726,-123.103583,Science World south,Hakai-FC-006,9,3,2022,2022-09-03,sampling,en,http://creativecommons.org/licenses/by/4.0/legalcode, , ,Hakai Institute,Hakai Institute,https://edmo.seadatanet.org/report/5148,2025-06-17,Canada,CA,WGS84,0,0
FC-007,Station_12,surface,0,"Sept.3, 2022",49.2726,-123.103583,Science World south,Hakai-FC-007,9,3,2022,2022-09-03,sampling,en,http://creativecommons.org/licenses/by/4.0/legalcode, , ,Hakai Institute,Hakai Institute,https://edmo.seadatanet.org/report/5148,2025-06-17,Canada,CA,WGS84,0,0
