resourceID,relatedResourceID,relationshipOfResource,resourceRElationshipID
BHAK-12002-FCBB-001-001,BHAK-12002-FCBB,same as,BHAK-12002-FCBB-001-001-rr-001
BHAK-12003-FCBB-001-002,BHAK-12003-FCBB,same as,BHAK-12003-FCBB-001-002-rr-002
BHAK-12004-FCBB-001-003,BHAK-12004-FCBB,same as,BHAK-12004-FCBB-001-003-rr-003
BHAK-12005-FCBB-001-004,BHAK-12005-FCBB,same as,BHAK-12005-FCBB-001-004-rr-004
BHAK-12006-FCBB-001-005,BHAK-12006-FCBB,same as,BHAK-12006-FCBB-001-005-rr-005
BHAK-12007-FCBB-001-006,BHAK-12007-FCBB,same as,BHAK-12007-FCBB-001-006-rr-006
BHAK-12008-FCBB-001-007,BHAK-12008-FCBB,same as,BHAK-12008-FCBB-001-007-rr-007
BHAK-12009-FCBB-001-008,BHAK-12009-FCBB,same as,BHAK-12009-FCBB-001-008-rr-008
BHAK-12010-FCBB-001-009,BHAK-12010-FCBB,same as,BHAK-12010-FCBB-001-009-rr-009
BHAK-12011-FCBB-001-010,BHAK-12011-FCBB,same as,BHAK-12011-FCBB-001-010-rr-010
BHAK-12013-FCBB-001-011,BHAK-12013-FCBB,same as,BHAK-12013-FCBB-001-011-rr-011
BHAK-12014-FCBB-001-012,BHAK-12014-FCBB,same as,BHAK-12014-FCBB-001-012-rr-012
BHAK-12015-FCBB-001-013,BHAK-12015-FCBB,same as,BHAK-12015-FCBB-001-013-rr-013
BHAK-12016-FCBB-001-014,BHAK-12016-FCBB,same as,BHAK-12016-FCBB-001-014-rr-014
BHAK-12012-FCBB-001-015,BHAK-12012-FCBB,same as,BHAK-12012-FCBB-001-015-rr-015
BHAK-12017-FCBB-001-016,BHAK-12017-FCBB,same as,BHAK-12017-FCBB-001-016-rr-016
BHAK-12018-FCBB-001-017,BHAK-12018-FCBB,same as,BHAK-12018-FCBB-001-017-rr-017
BHAK-12019-FCBB-001-018,BHAK-12019-FCBB,same as,BHAK-12019-FCBB-001-018-rr-018
BHAK-12028-FCBB-001-019,BHAK-12028-FCBB,same as,BHAK-12028-FCBB-001-019-rr-019
BHAK-12029-FCBB-001-020,BHAK-12029-FCBB,same as,BHAK-12029-FCBB-001-020-rr-020
BHAK-12025-FCBB-001-021,BHAK-12025-FCBB,same as,BHAK-12025-FCBB-001-021-rr-021
BHAK-12026-FCBB-001-022,BHAK-12026-FCBB,same as,BHAK-12026-FCBB-001-022-rr-022
BHAK-12027-FCBB-001-023,BHAK-12027-FCBB,same as,BHAK-12027-FCBB-001-023-rr-023
BHAK-12031-FCBB-001-024,BHAK-12031-FCBB,same as,BHAK-12031-FCBB-001-024-rr-024
BHAK-12032-FCBB-001-025,BHAK-12032-FCBB,same as,BHAK-12032-FCBB-001-025-rr-025
BHAK-12033-FCBB-001-026,BHAK-12033-FCBB,same as,BHAK-12033-FCBB-001-026-rr-026
BHAK-12034-FCBB-001-027,BHAK-12034-FCBB,same as,BHAK-12034-FCBB-001-027-rr-027
BHAK-12035-FCBB-001-028,BHAK-12035-FCBB,same as,BHAK-12035-FCBB-001-028-rr-028
BHAK-12036-FCBB-001-029,BHAK-12036-FCBB,same as,BHAK-12036-FCBB-001-029-rr-029
BHAK-12037-FCBB-001-030,BHAK-12037-FCBB,same as,BHAK-12037-FCBB-001-030-rr-030
BHAK-12038-FCBB-001-031,BHAK-12038-FCBB,same as,BHAK-12038-FCBB-001-031-rr-031
BHAK-12039-FCBB-001-032,BHAK-12039-FCBB,same as,BHAK-12039-FCBB-001-032-rr-032
BHAK-12040-FCBB-001-033,BHAK-12040-FCBB,same as,BHAK-12040-FCBB-001-033-rr-033
BHAK-12041-FCBB-001-034,BHAK-12041-FCBB,same as,BHAK-12041-FCBB-001-034-rr-034
BHAK-12042-FCBB-001-035,BHAK-12042-FCBB,same as,BHAK-12042-FCBB-001-035-rr-035
BHAK-12043-FCBB-001-036,BHAK-12043-FCBB,same as,BHAK-12043-FCBB-001-036-rr-036
BHAK-12044-FCBB-001-037,BHAK-12044-FCBB,same as,BHAK-12044-FCBB-001-037-rr-037
BHAK-12020-FCBB-001-038,BHAK-12020-FCBB,same as,BHAK-12020-FCBB-001-038-rr-038
BHAK-12021-FCBB-001-039,BHAK-12021-FCBB,same as,BHAK-12021-FCBB-001-039-rr-039
BHAK-12022-FCBB-001-040,BHAK-12022-FCBB,same as,BHAK-12022-FCBB-001-040-rr-040
BHAK-12030-FCBB-001-041,BHAK-12030-FCBB,same as,BHAK-12030-FCBB-001-041-rr-041
BHAK-12091-FCBB-001-042,BHAK-12091-FCBB,same as,BHAK-12091-FCBB-001-042-rr-042
BHAK-12023-FCBB-001-043,BHAK-12023-FCBB,same as,BHAK-12023-FCBB-001-043-rr-043
BHAK-12024-FCBB-001-044,BHAK-12024-FCBB,same as,BHAK-12024-FCBB-001-044-rr-044
BHAK-12046-FCBB-001-045,BHAK-12046-FCBB,same as,BHAK-12046-FCBB-001-045-rr-045
BHAK-12047-FCBB-001-046,BHAK-12047-FCBB,same as,BHAK-12047-FCBB-001-046-rr-046
BHAK-12048-FCBB-001-047,BHAK-12048-FCBB,same as,BHAK-12048-FCBB-001-047-rr-047
BHAK-12049-FCBB-001-048,BHAK-12049-FCBB,same as,BHAK-12049-FCBB-001-048-rr-048
BHAK-12050-FCBB-001-049,BHAK-12050-FCBB,same as,BHAK-12050-FCBB-001-049-rr-049
BHAK-12051-FCBB-001-050,BHAK-12051-FCBB,same as,BHAK-12051-FCBB-001-050-rr-050
BHAK-12052-FCBB-001-051,BHAK-12052-FCBB,same as,BHAK-12052-FCBB-001-051-rr-051
BHAK-12053-FCBB-001-052,BHAK-12053-FCBB,same as,BHAK-12053-FCBB-001-052-rr-052
BHAK-12054-FCBB-001-053,BHAK-12054-FCBB,same as,BHAK-12054-FCBB-001-053-rr-053
BHAK-12055-FCBB-001-054,BHAK-12055-FCBB,same as,BHAK-12055-FCBB-001-054-rr-054
BHAK-12056-FCBB-001-055,BHAK-12056-FCBB,same as,BHAK-12056-FCBB-001-055-rr-055
BHAK-12057-FCBB-001-056,BHAK-12057-FCBB,same as,BHAK-12057-FCBB-001-056-rr-056
BHAK-12058-FCBB-001-057,BHAK-12058-FCBB,same as,BHAK-12058-FCBB-001-057-rr-057
BHAK-12059-FCBB-001-058,BHAK-12059-FCBB,same as,BHAK-12059-FCBB-001-058-rr-058
BHAK-12060-FCBB-001-059,BHAK-12060-FCBB,same as,BHAK-12060-FCBB-001-059-rr-059
BHAK-12061-FCBB-001-060,BHAK-12061-FCBB,same as,BHAK-12061-FCBB-001-060-rr-060
BHAK-12062-FCBB-001-061,BHAK-12062-FCBB,same as,BHAK-12062-FCBB-001-061-rr-061
BHAK-12063-FCBB-001-062,BHAK-12063-FCBB,same as,BHAK-12063-FCBB-001-062-rr-062
BHAK-12064-FCBB-001-063,BHAK-12064-FCBB,same as,BHAK-12064-FCBB-001-063-rr-063
BHAK-12065-FCBB-001-064,BHAK-12065-FCBB,same as,BHAK-12065-FCBB-001-064-rr-064
BHAK-12073-FCBB-001-065,BHAK-12073-FCBB,same as,BHAK-12073-FCBB-001-065-rr-065
BHAK-12074-FCBB-001-066,BHAK-12074-FCBB,same as,BHAK-12074-FCBB-001-066-rr-066
BHAK-12076-FCBB-001-067,BHAK-12076-FCBB,same as,BHAK-12076-FCBB-001-067-rr-067
BHAK-12077-FCBB-001-068,BHAK-12077-FCBB,same as,BHAK-12077-FCBB-001-068-rr-068
BHAK-12078-FCBB-001-069,BHAK-12078-FCBB,same as,BHAK-12078-FCBB-001-069-rr-069
BHAK-12079-FCBB-001-070,BHAK-12079-FCBB,same as,BHAK-12079-FCBB-001-070-rr-070
BHAK-12080-FCBB-001-071,BHAK-12080-FCBB,same as,BHAK-12080-FCBB-001-071-rr-071
BHAK-12081-FCBB-001-072,BHAK-12081-FCBB,same as,BHAK-12081-FCBB-001-072-rr-072
BHAK-12082-FCBB-001-073,BHAK-12082-FCBB,same as,BHAK-12082-FCBB-001-073-rr-073
BHAK-12083-FCBB-001-074,BHAK-12083-FCBB,same as,BHAK-12083-FCBB-001-074-rr-074
BHAK-12084-FCBB-001-075,BHAK-12084-FCBB,same as,BHAK-12084-FCBB-001-075-rr-075
BHAK-12085-FCBB-001-076,BHAK-12085-FCBB,same as,BHAK-12085-FCBB-001-076-rr-076
BHAK-12086-FCBB-001-077,BHAK-12086-FCBB,same as,BHAK-12086-FCBB-001-077-rr-077
BHAK-12087-FCBB-001-078,BHAK-12087-FCBB,same as,BHAK-12087-FCBB-001-078-rr-078
BHAK-12088-FCBB-001-079,BHAK-12088-FCBB,same as,BHAK-12088-FCBB-001-079-rr-079
BHAK-12089-FCBB-001-080,BHAK-12089-FCBB,same as,BHAK-12089-FCBB-001-080-rr-080
BHAK-12090-FCBB-001-081,BHAK-12090-FCBB,same as,BHAK-12090-FCBB-001-081-rr-081
BHAK-12066-FCBB-001-082,BHAK-12066-FCBB,same as,BHAK-12066-FCBB-001-082-rr-082
BHAK-12067-FCBB-001-083,BHAK-12067-FCBB,same as,BHAK-12067-FCBB-001-083-rr-083
BHAK-12068-FCBB-001-084,BHAK-12068-FCBB,same as,BHAK-12068-FCBB-001-084-rr-084
BHAK-12069-FCBB-001-085,BHAK-12069-FCBB,same as,BHAK-12069-FCBB-001-085-rr-085
BHAK-12070-FCBB-001-086,BHAK-12070-FCBB,same as,BHAK-12070-FCBB-001-086-rr-086
BHAK-12071-FCBB-001-087,BHAK-12071-FCBB,same as,BHAK-12071-FCBB-001-087-rr-087
BHAK-12072-FCBB-001-088,BHAK-12072-FCBB,same as,BHAK-12072-FCBB-001-088-rr-088
BHAK-12096-FCBB-001-089,BHAK-12096-FCBB,same as,BHAK-12096-FCBB-001-089-rr-089
BHAK-12097-FCBB-001-090,BHAK-12097-FCBB,same as,BHAK-12097-FCBB-001-090-rr-090
BHAK-12098-FCBB-001-091,BHAK-12098-FCBB,same as,BHAK-12098-FCBB-001-091-rr-091
BHAK-12099-FCBB-001-092,BHAK-12099-FCBB,same as,BHAK-12099-FCBB-001-092-rr-092
BHAK-12100-FCBB-001-093,BHAK-12100-FCBB,same as,BHAK-12100-FCBB-001-093-rr-093
BHAK-12101-FCBB-001-094,BHAK-12101-FCBB,same as,BHAK-12101-FCBB-001-094-rr-094
BHAK-12102-FCBB-001-095,BHAK-12102-FCBB,same as,BHAK-12102-FCBB-001-095-rr-095
BHAK-12103-FCBB-001-096,BHAK-12103-FCBB,same as,BHAK-12103-FCBB-001-096-rr-096
BHAK-12104-FCBB-001-097,BHAK-12104-FCBB,same as,BHAK-12104-FCBB-001-097-rr-097
BHAK-12105-FCBB-001-098,BHAK-12105-FCBB,same as,BHAK-12105-FCBB-001-098-rr-098
BHAK-12106-FCBB-001-099,BHAK-12106-FCBB,same as,BHAK-12106-FCBB-001-099-rr-099
BHAK-12107-FCBB-001-100,BHAK-12107-FCBB,same as,BHAK-12107-FCBB-001-100-rr-100
BHAK-12108-FCBB-001-101,BHAK-12108-FCBB,same as,BHAK-12108-FCBB-001-101-rr-101
BHAK-12109-FCBB-001-102,BHAK-12109-FCBB,same as,BHAK-12109-FCBB-001-102-rr-102
BHAK-12110-FCBB-001-103,BHAK-12110-FCBB,same as,BHAK-12110-FCBB-001-103-rr-103
BHAK-12111-FCBB-001-104,BHAK-12111-FCBB,same as,BHAK-12111-FCBB-001-104-rr-104
BHAK-12112-FCBB-001-105,BHAK-12112-FCBB,same as,BHAK-12112-FCBB-001-105-rr-105
BHAK-12113-FCBB-001-106,BHAK-12113-FCBB,same as,BHAK-12113-FCBB-001-106-rr-106
BHAK-12114-FCBB-001-107,BHAK-12114-FCBB,same as,BHAK-12114-FCBB-001-107-rr-107
BHAK-12115-FCBB-001-108,BHAK-12115-FCBB,same as,BHAK-12115-FCBB-001-108-rr-108
BHAK-12116-FCBB-001-109,BHAK-12116-FCBB,same as,BHAK-12116-FCBB-001-109-rr-109
BHAK-12117-FCBB-001-110,BHAK-12117-FCBB,same as,BHAK-12117-FCBB-001-110-rr-110
BHAK-12144-FCBB-001-111,BHAK-12144-FCBB,same as,BHAK-12144-FCBB-001-111-rr-111
BHAK-12145-FCBB-001-112,BHAK-12145-FCBB,same as,BHAK-12145-FCBB-001-112-rr-112
BHAK-12146-FCBB-001-113,BHAK-12146-FCBB,same as,BHAK-12146-FCBB-001-113-rr-113
BHAK-12147-FCBB-001-114,BHAK-12147-FCBB,same as,BHAK-12147-FCBB-001-114-rr-114
BHAK-12148-FCBB-001-115,BHAK-12148-FCBB,same as,BHAK-12148-FCBB-001-115-rr-115
BHAK-12149-FCBB-001-116,BHAK-12149-FCBB,same as,BHAK-12149-FCBB-001-116-rr-116
BHAK-12151-FCBB-001-117,BHAK-12151-FCBB,same as,BHAK-12151-FCBB-001-117-rr-117
BHAK-12152-FCBB-001-118,BHAK-12152-FCBB,same as,BHAK-12152-FCBB-001-118-rr-118
BHAK-12153-FCBB-001-119,BHAK-12153-FCBB,same as,BHAK-12153-FCBB-001-119-rr-119
BHAK-12154-FCBB-001-120,BHAK-12154-FCBB,same as,BHAK-12154-FCBB-001-120-rr-120
BHAK-12155-FCBB-001-121,BHAK-12155-FCBB,same as,BHAK-12155-FCBB-001-121-rr-121
BHAK-12156-FCBB-001-122,BHAK-12156-FCBB,same as,BHAK-12156-FCBB-001-122-rr-122
BHAK-12157-FCBB-001-123,BHAK-12157-FCBB,same as,BHAK-12157-FCBB-001-123-rr-123
BHAK-12158-FCBB-001-124,BHAK-12158-FCBB,same as,BHAK-12158-FCBB-001-124-rr-124
BHAK-12159-FCBB-001-125,BHAK-12159-FCBB,same as,BHAK-12159-FCBB-001-125-rr-125
BHAK-12160-FCBB-001-126,BHAK-12160-FCBB,same as,BHAK-12160-FCBB-001-126-rr-126
BHAK-12161-FCBB-001-127,BHAK-12161-FCBB,same as,BHAK-12161-FCBB-001-127-rr-127
BHAK-12162-FCBB-001-128,BHAK-12162-FCBB,same as,BHAK-12162-FCBB-001-128-rr-128
BHAK-12163-FCBB-001-129,BHAK-12163-FCBB,same as,BHAK-12163-FCBB-001-129-rr-129
BHAK-12166-FCBB-001-130,BHAK-12166-FCBB,same as,BHAK-12166-FCBB-001-130-rr-130
BHAK-12167-FCBB-001-131,BHAK-12167-FCBB,same as,BHAK-12167-FCBB-001-131-rr-131
BHAK-12168-FCBB-001-132,BHAK-12168-FCBB,same as,BHAK-12168-FCBB-001-132-rr-132
BHAK-12169-FCBB-001-133,BHAK-12169-FCBB,same as,BHAK-12169-FCBB-001-133-rr-133
BHAK-12170-FCBB-001-134,BHAK-12170-FCBB,same as,BHAK-12170-FCBB-001-134-rr-134
BHAK-12171-FCBB-001-135,BHAK-12171-FCBB,same as,BHAK-12171-FCBB-001-135-rr-135
BHAK-12172-FCBB-001-136,BHAK-12172-FCBB,same as,BHAK-12172-FCBB-001-136-rr-136
BHAK-12211-FCBB-001-137,BHAK-12211-FCBB,same as,BHAK-12211-FCBB-001-137-rr-137
BHAK-12212-FCBB-001-138,BHAK-12212-FCBB,same as,BHAK-12212-FCBB-001-138-rr-138
BHAK-12213-FCBB-001-139,BHAK-12213-FCBB,same as,BHAK-12213-FCBB-001-139-rr-139
BHAK-12214-FCBB-001-140,BHAK-12214-FCBB,same as,BHAK-12214-FCBB-001-140-rr-140
BHAK-12215-FCBB-001-141,BHAK-12215-FCBB,same as,BHAK-12215-FCBB-001-141-rr-141
BHAK-12216-FCBB-001-142,BHAK-12216-FCBB,same as,BHAK-12216-FCBB-001-142-rr-142
BHAK-12217-FCBB-001-143,BHAK-12217-FCBB,same as,BHAK-12217-FCBB-001-143-rr-143
BHAK-12218-FCBB-001-144,BHAK-12218-FCBB,same as,BHAK-12218-FCBB-001-144-rr-144
BHAK-12219-FCBB-001-145,BHAK-12219-FCBB,same as,BHAK-12219-FCBB-001-145-rr-145
BHAK-12220-FCBB-001-146,BHAK-12220-FCBB,same as,BHAK-12220-FCBB-001-146-rr-146
BHAK-12221-FCBB-001-147,BHAK-12221-FCBB,same as,BHAK-12221-FCBB-001-147-rr-147
BHAK-12222-FCBB-001-148,BHAK-12222-FCBB,same as,BHAK-12222-FCBB-001-148-rr-148
BHAK-12223-FCBB-001-149,BHAK-12223-FCBB,same as,BHAK-12223-FCBB-001-149-rr-149
BHAK-12224-FCBB-001-150,BHAK-12224-FCBB,same as,BHAK-12224-FCBB-001-150-rr-150
BHAK-12225-FCBB-001-151,BHAK-12225-FCBB,same as,BHAK-12225-FCBB-001-151-rr-151
BHAK-12226-FCBB-001-152,BHAK-12226-FCBB,same as,BHAK-12226-FCBB-001-152-rr-152
BHAK-12227-FCBB-001-153,BHAK-12227-FCBB,same as,BHAK-12227-FCBB-001-153-rr-153
BHAK-12228-FCBB-001-154,BHAK-12228-FCBB,same as,BHAK-12228-FCBB-001-154-rr-154
BHAK-12181-FCBB-001-155,BHAK-12181-FCBB,same as,BHAK-12181-FCBB-001-155-rr-155
BHAK-12182-FCBB-001-156,BHAK-12182-FCBB,same as,BHAK-12182-FCBB-001-156-rr-156
BHAK-12183-FCBB-001-157,BHAK-12183-FCBB,same as,BHAK-12183-FCBB-001-157-rr-157
BHAK-12184-FCBB-001-158,BHAK-12184-FCBB,same as,BHAK-12184-FCBB-001-158-rr-158
BHAK-12185-FCBB-001-159,BHAK-12185-FCBB,same as,BHAK-12185-FCBB-001-159-rr-159
BHAK-12186-FCBB-001-160,BHAK-12186-FCBB,same as,BHAK-12186-FCBB-001-160-rr-160
BHAK-12187-FCBB-001-161,BHAK-12187-FCBB,same as,BHAK-12187-FCBB-001-161-rr-161
BHAK-12188-FCBB-001-162,BHAK-12188-FCBB,same as,BHAK-12188-FCBB-001-162-rr-162
BHAK-12189-FCBB-001-163,BHAK-12189-FCBB,same as,BHAK-12189-FCBB-001-163-rr-163
BHAK-12190-FCBB-001-164,BHAK-12190-FCBB,same as,BHAK-12190-FCBB-001-164-rr-164
BHAK-12191-FCBB-001-165,BHAK-12191-FCBB,same as,BHAK-12191-FCBB-001-165-rr-165
BHAK-12192-FCBB-001-166,BHAK-12192-FCBB,same as,BHAK-12192-FCBB-001-166-rr-166
BHAK-12209-FCBB-001-167,BHAK-12209-FCBB,same as,BHAK-12209-FCBB-001-167-rr-167
BHAK-12210-FCBB-001-168,BHAK-12210-FCBB,same as,BHAK-12210-FCBB-001-168-rr-168
BHAK-12264-FCBB-001-169,BHAK-12264-FCBB,same as,BHAK-12264-FCBB-001-169-rr-169
BHAK-12281-FCBB-001-170,BHAK-12281-FCBB,same as,BHAK-12281-FCBB-001-170-rr-170
BHAK-12282-FCBB-001-171,BHAK-12282-FCBB,same as,BHAK-12282-FCBB-001-171-rr-171
BHAK-12283-FCBB-001-172,BHAK-12283-FCBB,same as,BHAK-12283-FCBB-001-172-rr-172
BHAK-12284-FCBB-001-173,BHAK-12284-FCBB,same as,BHAK-12284-FCBB-001-173-rr-173
BHAK-12285-FCBB-001-174,BHAK-12285-FCBB,same as,BHAK-12285-FCBB-001-174-rr-174
BHAK-12286-FCBB-001-175,BHAK-12286-FCBB,same as,BHAK-12286-FCBB-001-175-rr-175
BHAK-12287-FCBB-001-176,BHAK-12287-FCBB,same as,BHAK-12287-FCBB-001-176-rr-176
BHAK-12288-FCBB-001-177,BHAK-12288-FCBB,same as,BHAK-12288-FCBB-001-177-rr-177
BHAK-12289-FCBB-001-178,BHAK-12289-FCBB,same as,BHAK-12289-FCBB-001-178-rr-178
BHAK-12273-FCBB-001-179,BHAK-12273-FCBB,same as,BHAK-12273-FCBB-001-179-rr-179
BHAK-12274-FCBB-001-180,BHAK-12274-FCBB,same as,BHAK-12274-FCBB-001-180-rr-180
BHAK-12275-FCBB-001-181,BHAK-12275-FCBB,same as,BHAK-12275-FCBB-001-181-rr-181
BHAK-12276-FCBB-001-182,BHAK-12276-FCBB,same as,BHAK-12276-FCBB-001-182-rr-182
BHAK-12277-FCBB-001-183,BHAK-12277-FCBB,same as,BHAK-12277-FCBB-001-183-rr-183
BHAK-12278-FCBB-001-184,BHAK-12278-FCBB,same as,BHAK-12278-FCBB-001-184-rr-184
BHAK-12279-FCBB-001-185,BHAK-12279-FCBB,same as,BHAK-12279-FCBB-001-185-rr-185
BHAK-12280-FCBB-001-186,BHAK-12280-FCBB,same as,BHAK-12280-FCBB-001-186-rr-186
BHAK-12331-FCBB-001-187,BHAK-12331-FCBB,same as,BHAK-12331-FCBB-001-187-rr-187
BHAK-12332-FCBB-001-188,BHAK-12332-FCBB,same as,BHAK-12332-FCBB-001-188-rr-188
BHAK-12229-FCBB-001-189,BHAK-12229-FCBB,same as,BHAK-12229-FCBB-001-189-rr-189
BHAK-12230-FCBB-001-190,BHAK-12230-FCBB,same as,BHAK-12230-FCBB-001-190-rr-190
BHAK-12231-FCBB-001-191,BHAK-12231-FCBB,same as,BHAK-12231-FCBB-001-191-rr-191
BHAK-12232-FCBB-001-192,BHAK-12232-FCBB,same as,BHAK-12232-FCBB-001-192-rr-192
BHAK-12233-FCBB-001-193,BHAK-12233-FCBB,same as,BHAK-12233-FCBB-001-193-rr-193
BHAK-12234-FCBB-001-194,BHAK-12234-FCBB,same as,BHAK-12234-FCBB-001-194-rr-194
BHAK-12196-FCBB-001-195,BHAK-12196-FCBB,same as,BHAK-12196-FCBB-001-195-rr-195
BHAK-12197-FCBB-001-196,BHAK-12197-FCBB,same as,BHAK-12197-FCBB-001-196-rr-196
BHAK-12198-FCBB-001-197,BHAK-12198-FCBB,same as,BHAK-12198-FCBB-001-197-rr-197
BHAK-12199-FCBB-001-198,BHAK-12199-FCBB,same as,BHAK-12199-FCBB-001-198-rr-198
BHAK-12200-FCBB-001-199,BHAK-12200-FCBB,same as,BHAK-12200-FCBB-001-199-rr-199
BHAK-12201-FCBB-001-200,BHAK-12201-FCBB,same as,BHAK-12201-FCBB-001-200-rr-200
BHAK-12202-FCBB-001-201,BHAK-12202-FCBB,same as,BHAK-12202-FCBB-001-201-rr-201
BHAK-12203-FCBB-001-202,BHAK-12203-FCBB,same as,BHAK-12203-FCBB-001-202-rr-202
BHAK-12204-FCBB-001-203,BHAK-12204-FCBB,same as,BHAK-12204-FCBB-001-203-rr-203
BHAK-12241-FCBB-001-204,BHAK-12241-FCBB,same as,BHAK-12241-FCBB-001-204-rr-204
BHAK-12242-FCBB-001-205,BHAK-12242-FCBB,same as,BHAK-12242-FCBB-001-205-rr-205
BHAK-12243-FCBB-001-206,BHAK-12243-FCBB,same as,BHAK-12243-FCBB-001-206-rr-206
BHAK-12244-FCBB-001-207,BHAK-12244-FCBB,same as,BHAK-12244-FCBB-001-207-rr-207
BHAK-12245-FCBB-001-208,BHAK-12245-FCBB,same as,BHAK-12245-FCBB-001-208-rr-208
BHAK-12246-FCBB-001-209,BHAK-12246-FCBB,same as,BHAK-12246-FCBB-001-209-rr-209
BHAK-12247-FCBB-001-210,BHAK-12247-FCBB,same as,BHAK-12247-FCBB-001-210-rr-210
BHAK-12118-FCBB-001-211,BHAK-12118-FCBB,same as,BHAK-12118-FCBB-001-211-rr-211
BHAK-12119-FCBB-001-212,BHAK-12119-FCBB,same as,BHAK-12119-FCBB-001-212-rr-212
BHAK-12120-FCBB-001-213,BHAK-12120-FCBB,same as,BHAK-12120-FCBB-001-213-rr-213
BHAK-12121-FCBB-001-214,BHAK-12121-FCBB,same as,BHAK-12121-FCBB-001-214-rr-214
BHAK-12122-FCBB-001-215,BHAK-12122-FCBB,same as,BHAK-12122-FCBB-001-215-rr-215
BHAK-12123-FCBB-001-216,BHAK-12123-FCBB,same as,BHAK-12123-FCBB-001-216-rr-216
BHAK-12124-FCBB-001-217,BHAK-12124-FCBB,same as,BHAK-12124-FCBB-001-217-rr-217
BHAK-12125-FCBB-001-218,BHAK-12125-FCBB,same as,BHAK-12125-FCBB-001-218-rr-218
BHAK-12126-FCBB-001-219,BHAK-12126-FCBB,same as,BHAK-12126-FCBB-001-219-rr-219
BHAK-12127-FCBB-001-220,BHAK-12127-FCBB,same as,BHAK-12127-FCBB-001-220-rr-220
BHAK-12128-FCBB-001-221,BHAK-12128-FCBB,same as,BHAK-12128-FCBB-001-221-rr-221
BHAK-12129-FCBB-001-222,BHAK-12129-FCBB,same as,BHAK-12129-FCBB-001-222-rr-222
BHAK-12130-FCBB-001-223,BHAK-12130-FCBB,same as,BHAK-12130-FCBB-001-223-rr-223
BHAK-12075-FCBB-001-224,BHAK-12075-FCBB,same as,BHAK-12075-FCBB-001-224-rr-224
BHAK-12136-FCBB-001-225,BHAK-12136-FCBB,same as,BHAK-12136-FCBB-001-225-rr-225
BHAK-12137-FCBB-001-226,BHAK-12137-FCBB,same as,BHAK-12137-FCBB-001-226-rr-226
BHAK-12138-FCBB-001-227,BHAK-12138-FCBB,same as,BHAK-12138-FCBB-001-227-rr-227
BHAK-12139-FCBB-001-228,BHAK-12139-FCBB,same as,BHAK-12139-FCBB-001-228-rr-228
BHAK-12140-FCBB-001-229,BHAK-12140-FCBB,same as,BHAK-12140-FCBB-001-229-rr-229
BHAK-12141-FCBB-001-230,BHAK-12141-FCBB,same as,BHAK-12141-FCBB-001-230-rr-230
BHAK-12142-FCBB-001-231,BHAK-12142-FCBB,same as,BHAK-12142-FCBB-001-231-rr-231
BHAK-12143-FCBB-001-232,BHAK-12143-FCBB,same as,BHAK-12143-FCBB-001-232-rr-232
BHAK-12135-FCBB-001-233,BHAK-12135-FCBB,same as,BHAK-12135-FCBB-001-233-rr-233
BHAK-12134-FCBB-001-234,BHAK-12134-FCBB,same as,BHAK-12134-FCBB-001-234-rr-234
BHAK-12133-FCBB-001-235,BHAK-12133-FCBB,same as,BHAK-12133-FCBB-001-235-rr-235
BHAK-12132-FCBB-001-236,BHAK-12132-FCBB,same as,BHAK-12132-FCBB-001-236-rr-236
BHAK-12131-FCBB-001-237,BHAK-12131-FCBB,same as,BHAK-12131-FCBB-001-237-rr-237
BHAK-12150-FCBB-001-238,BHAK-12150-FCBB,same as,BHAK-12150-FCBB-001-238-rr-238
BHAK-12165-FCBB-001-239,BHAK-12165-FCBB,same as,BHAK-12165-FCBB-001-239-rr-239
BHAK-12164-FCBB-001-240,BHAK-12164-FCBB,same as,BHAK-12164-FCBB-001-240-rr-240
BHAK-12180-FCBB-001-241,BHAK-12180-FCBB,same as,BHAK-12180-FCBB-001-241-rr-241
BHAK-12179-FCBB-001-242,BHAK-12179-FCBB,same as,BHAK-12179-FCBB-001-242-rr-242
BHAK-12178-FCBB-001-243,BHAK-12178-FCBB,same as,BHAK-12178-FCBB-001-243-rr-243
BHAK-12177-FCBB-001-244,BHAK-12177-FCBB,same as,BHAK-12177-FCBB-001-244-rr-244
BHAK-12176-FCBB-001-245,BHAK-12176-FCBB,same as,BHAK-12176-FCBB-001-245-rr-245
BHAK-12175-FCBB-001-246,BHAK-12175-FCBB,same as,BHAK-12175-FCBB-001-246-rr-246
BHAK-12174-FCBB-001-247,BHAK-12174-FCBB,same as,BHAK-12174-FCBB-001-247-rr-247
BHAK-12173-FCBB-001-248,BHAK-12173-FCBB,same as,BHAK-12173-FCBB-001-248-rr-248
BHAK-12240-FCBB-001-249,BHAK-12240-FCBB,same as,BHAK-12240-FCBB-001-249-rr-249
BHAK-12239-FCBB-001-250,BHAK-12239-FCBB,same as,BHAK-12239-FCBB-001-250-rr-250
BHAK-12238-FCBB-001-251,BHAK-12238-FCBB,same as,BHAK-12238-FCBB-001-251-rr-251
BHAK-12237-FCBB-001-252,BHAK-12237-FCBB,same as,BHAK-12237-FCBB-001-252-rr-252
BHAK-12236-FCBB-001-253,BHAK-12236-FCBB,same as,BHAK-12236-FCBB-001-253-rr-253
BHAK-12235-FCBB-001-254,BHAK-12235-FCBB,same as,BHAK-12235-FCBB-001-254-rr-254
BHAK-12270-FCBB-001-255,BHAK-12270-FCBB,same as,BHAK-12270-FCBB-001-255-rr-255
BHAK-12265-FCBB-001-256,BHAK-12265-FCBB,same as,BHAK-12265-FCBB-001-256-rr-256
BHAK-12266-FCBB-001-257,BHAK-12266-FCBB,same as,BHAK-12266-FCBB-001-257-rr-257
BHAK-12268-FCBB-001-258,BHAK-12268-FCBB,same as,BHAK-12268-FCBB-001-258-rr-258
BHAK-12269-FCBB-001-259,BHAK-12269-FCBB,same as,BHAK-12269-FCBB-001-259-rr-259
BHAK-12295-FCBB-001-260,BHAK-12295-FCBB,same as,BHAK-12295-FCBB-001-260-rr-260
BHAK-12300-FCBB-001-261,BHAK-12300-FCBB,same as,BHAK-12300-FCBB-001-261-rr-261
BHAK-12299-FCBB-001-262,BHAK-12299-FCBB,same as,BHAK-12299-FCBB-001-262-rr-262
BHAK-12298-FCBB-001-263,BHAK-12298-FCBB,same as,BHAK-12298-FCBB-001-263-rr-263
BHAK-12297-FCBB-001-264,BHAK-12297-FCBB,same as,BHAK-12297-FCBB-001-264-rr-264
BHAK-12296-FCBB-001-265,BHAK-12296-FCBB,same as,BHAK-12296-FCBB-001-265-rr-265
BHAK-12267-FCBB-001-266,BHAK-12267-FCBB,same as,BHAK-12267-FCBB-001-266-rr-266
BHAK-12316-FCBB-001-267,BHAK-12316-FCBB,same as,BHAK-12316-FCBB-001-267-rr-267
BHAK-12317-FCBB-001-268,BHAK-12317-FCBB,same as,BHAK-12317-FCBB-001-268-rr-268
BHAK-12318-FCBB-001-269,BHAK-12318-FCBB,same as,BHAK-12318-FCBB-001-269-rr-269
BHAK-12319-FCBB-001-270,BHAK-12319-FCBB,same as,BHAK-12319-FCBB-001-270-rr-270
BHAK-12320-FCBB-001-271,BHAK-12320-FCBB,same as,BHAK-12320-FCBB-001-271-rr-271
BHAK-12321-FCBB-001-272,BHAK-12321-FCBB,same as,BHAK-12321-FCBB-001-272-rr-272
BHAK-12322-FCBB-001-273,BHAK-12322-FCBB,same as,BHAK-12322-FCBB-001-273-rr-273
BHAK-12323-FCBB-001-274,BHAK-12323-FCBB,same as,BHAK-12323-FCBB-001-274-rr-274
BHAK-12248-FCBB-001-275,BHAK-12248-FCBB,same as,BHAK-12248-FCBB-001-275-rr-275
BHAK-12249-FCBB-001-276,BHAK-12249-FCBB,same as,BHAK-12249-FCBB-001-276-rr-276
BHAK-12250-FCBB-001-277,BHAK-12250-FCBB,same as,BHAK-12250-FCBB-001-277-rr-277
BHAK-12251-FCBB-001-278,BHAK-12251-FCBB,same as,BHAK-12251-FCBB-001-278-rr-278
BHAK-12252-FCBB-001-279,BHAK-12252-FCBB,same as,BHAK-12252-FCBB-001-279-rr-279
BHAK-12253-FCBB-001-280,BHAK-12253-FCBB,same as,BHAK-12253-FCBB-001-280-rr-280
BHAK-12254-FCBB-001-281,BHAK-12254-FCBB,same as,BHAK-12254-FCBB-001-281-rr-281
BHAK-12255-FCBB-001-282,BHAK-12255-FCBB,same as,BHAK-12255-FCBB-001-282-rr-282
BHAK-12256-FCBB-001-283,BHAK-12256-FCBB,same as,BHAK-12256-FCBB-001-283-rr-283
BHAK-12257-FCBB-001-284,BHAK-12257-FCBB,same as,BHAK-12257-FCBB-001-284-rr-284
BHAK-12258-FCBB-001-285,BHAK-12258-FCBB,same as,BHAK-12258-FCBB-001-285-rr-285
BHAK-12259-FCBB-001-286,BHAK-12259-FCBB,same as,BHAK-12259-FCBB-001-286-rr-286
BHAK-12260-FCBB-001-287,BHAK-12260-FCBB,same as,BHAK-12260-FCBB-001-287-rr-287
BHAK-12261-FCBB-001-288,BHAK-12261-FCBB,same as,BHAK-12261-FCBB-001-288-rr-288
BHAK-12262-FCBB-001-289,BHAK-12262-FCBB,same as,BHAK-12262-FCBB-001-289-rr-289
BHAK-12263-FCBB-001-290,BHAK-12263-FCBB,same as,BHAK-12263-FCBB-001-290-rr-290
BHAK-12205-FCBB-001-291,BHAK-12205-FCBB,same as,BHAK-12205-FCBB-001-291-rr-291
BHAK-12206-FCBB-001-292,BHAK-12206-FCBB,same as,BHAK-12206-FCBB-001-292-rr-292
BHAK-12207-FCBB-001-293,BHAK-12207-FCBB,same as,BHAK-12207-FCBB-001-293-rr-293
BHAK-12208-FCBB-001-294,BHAK-12208-FCBB,same as,BHAK-12208-FCBB-001-294-rr-294
BHAK-12271-FCBB-001-295,BHAK-12271-FCBB,same as,BHAK-12271-FCBB-001-295-rr-295
BHAK-12272-FCBB-001-296,BHAK-12272-FCBB,same as,BHAK-12272-FCBB-001-296-rr-296
BHAK-12290-FCBB-001-297,BHAK-12290-FCBB,same as,BHAK-12290-FCBB-001-297-rr-297
BHAK-12291-FCBB-001-298,BHAK-12291-FCBB,same as,BHAK-12291-FCBB-001-298-rr-298
BHAK-12292-FCBB-001-299,BHAK-12292-FCBB,same as,BHAK-12292-FCBB-001-299-rr-299
BHAK-12293-FCBB-001-300,BHAK-12293-FCBB,same as,BHAK-12293-FCBB-001-300-rr-300
BHAK-12294-FCBB-001-301,BHAK-12294-FCBB,same as,BHAK-12294-FCBB-001-301-rr-301
BHAK-12333-FCBB-001-302,BHAK-12333-FCBB,same as,BHAK-12333-FCBB-001-302-rr-302
BHAK-12334-FCBB-001-303,BHAK-12334-FCBB,same as,BHAK-12334-FCBB-001-303-rr-303
BHAK-12335-FCBB-001-304,BHAK-12335-FCBB,same as,BHAK-12335-FCBB-001-304-rr-304
BHAK-12336-FCBB-001-305,BHAK-12336-FCBB,same as,BHAK-12336-FCBB-001-305-rr-305
BHAK-12337-FCBB-001-306,BHAK-12337-FCBB,same as,BHAK-12337-FCBB-001-306-rr-306
BHAK-12496-FCBB-001-307,BHAK-12496-FCBB,same as,BHAK-12496-FCBB-001-307-rr-307
BHAK-12497-FCBB-001-308,BHAK-12497-FCBB,same as,BHAK-12497-FCBB-001-308-rr-308
BHAK-12498-FCBB-001-309,BHAK-12498-FCBB,same as,BHAK-12498-FCBB-001-309-rr-309
BHAK-12499-FCBB-001-310,BHAK-12499-FCBB,same as,BHAK-12499-FCBB-001-310-rr-310
BHAK-12500-FCBB-001-311,BHAK-12500-FCBB,same as,BHAK-12500-FCBB-001-311-rr-311
BHAK-12501-FCBB-001-312,BHAK-12501-FCBB,same as,BHAK-12501-FCBB-001-312-rr-312
BHAK-12502-FCBB-001-313,BHAK-12502-FCBB,same as,BHAK-12502-FCBB-001-313-rr-313
BHAK-12503-FCBB-001-314,BHAK-12503-FCBB,same as,BHAK-12503-FCBB-001-314-rr-314
BHAK-12504-FCBB-001-315,BHAK-12504-FCBB,same as,BHAK-12504-FCBB-001-315-rr-315
BHAK-12505-FCBB-001-316,BHAK-12505-FCBB,same as,BHAK-12505-FCBB-001-316-rr-316
BHAK-12506-FCBB-001-317,BHAK-12506-FCBB,same as,BHAK-12506-FCBB-001-317-rr-317
BHAK-12507-FCBB-001-318,BHAK-12507-FCBB,same as,BHAK-12507-FCBB-001-318-rr-318
BHAK-12324-FCBB-001-319,BHAK-12324-FCBB,same as,BHAK-12324-FCBB-001-319-rr-319
BHAK-12325-FCBB-001-320,BHAK-12325-FCBB,same as,BHAK-12325-FCBB-001-320-rr-320
BHAK-12326-FCBB-001-321,BHAK-12326-FCBB,same as,BHAK-12326-FCBB-001-321-rr-321
BHAK-12327-FCBB-001-322,BHAK-12327-FCBB,same as,BHAK-12327-FCBB-001-322-rr-322
BHAK-12328-FCBB-001-323,BHAK-12328-FCBB,same as,BHAK-12328-FCBB-001-323-rr-323
BHAK-12303-FCBB-001-324,BHAK-12303-FCBB,same as,BHAK-12303-FCBB-001-324-rr-324
BHAK-12304-FCBB-001-325,BHAK-12304-FCBB,same as,BHAK-12304-FCBB-001-325-rr-325
BHAK-12305-FCBB-001-326,BHAK-12305-FCBB,same as,BHAK-12305-FCBB-001-326-rr-326
BHAK-12306-FCBB-001-327,BHAK-12306-FCBB,same as,BHAK-12306-FCBB-001-327-rr-327
BHAK-12310-FCBB-001-328,BHAK-12310-FCBB,same as,BHAK-12310-FCBB-001-328-rr-328
BHAK-12307-FCBB-001-329,BHAK-12307-FCBB,same as,BHAK-12307-FCBB-001-329-rr-329
BHAK-12308-FCBB-001-330,BHAK-12308-FCBB,same as,BHAK-12308-FCBB-001-330-rr-330
BHAK-12309-FCBB-001-331,BHAK-12309-FCBB,same as,BHAK-12309-FCBB-001-331-rr-331
BHAK-12311-FCBB-001-332,BHAK-12311-FCBB,same as,BHAK-12311-FCBB-001-332-rr-332
BHAK-12312-FCBB-001-333,BHAK-12312-FCBB,same as,BHAK-12312-FCBB-001-333-rr-333
BHAK-12495-FCBB-001-334,BHAK-12495-FCBB,same as,BHAK-12495-FCBB-001-334-rr-334
BHAK-12481-FCBB-001-335,BHAK-12481-FCBB,same as,BHAK-12481-FCBB-001-335-rr-335
BHAK-12482-FCBB-001-336,BHAK-12482-FCBB,same as,BHAK-12482-FCBB-001-336-rr-336
BHAK-12483-FCBB-001-337,BHAK-12483-FCBB,same as,BHAK-12483-FCBB-001-337-rr-337
BHAK-12338-FCBB-001-338,BHAK-12338-FCBB,same as,BHAK-12338-FCBB-001-338-rr-338
BHAK-12339-FCBB-001-339,BHAK-12339-FCBB,same as,BHAK-12339-FCBB-001-339-rr-339
BHAK-12340-FCBB-001-340,BHAK-12340-FCBB,same as,BHAK-12340-FCBB-001-340-rr-340
BHAK-12341-FCBB-001-341,BHAK-12341-FCBB,same as,BHAK-12341-FCBB-001-341-rr-341
BHAK-12342-FCBB-001-342,BHAK-12342-FCBB,same as,BHAK-12342-FCBB-001-342-rr-342
BHAK-12343-FCBB-001-343,BHAK-12343-FCBB,same as,BHAK-12343-FCBB-001-343-rr-343
BHAK-12344-FCBB-001-344,BHAK-12344-FCBB,same as,BHAK-12344-FCBB-001-344-rr-344
BHAK-12345-FCBB-001-345,BHAK-12345-FCBB,same as,BHAK-12345-FCBB-001-345-rr-345
BHAK-12346-FCBB-001-346,BHAK-12346-FCBB,same as,BHAK-12346-FCBB-001-346-rr-346
BHAK-12347-FCBB-001-347,BHAK-12347-FCBB,same as,BHAK-12347-FCBB-001-347-rr-347
BHAK-12348-FCBB-001-348,BHAK-12348-FCBB,same as,BHAK-12348-FCBB-001-348-rr-348
BHAK-12349-FCBB-001-349,BHAK-12349-FCBB,same as,BHAK-12349-FCBB-001-349-rr-349
BHAK-12350-FCBB-001-350,BHAK-12350-FCBB,same as,BHAK-12350-FCBB-001-350-rr-350
BHAK-12351-FCBB-001-351,BHAK-12351-FCBB,same as,BHAK-12351-FCBB-001-351-rr-351
BHAK-12352-FCBB-001-352,BHAK-12352-FCBB,same as,BHAK-12352-FCBB-001-352-rr-352
BHAK-12353-FCBB-001-353,BHAK-12353-FCBB,same as,BHAK-12353-FCBB-001-353-rr-353
BHAK-12354-FCBB-001-354,BHAK-12354-FCBB,same as,BHAK-12354-FCBB-001-354-rr-354
BHAK-12355-FCBB-001-355,BHAK-12355-FCBB,same as,BHAK-12355-FCBB-001-355-rr-355
BHAK-12356-FCBB-001-356,BHAK-12356-FCBB,same as,BHAK-12356-FCBB-001-356-rr-356
BHAK-12357-FCBB-001-357,BHAK-12357-FCBB,same as,BHAK-12357-FCBB-001-357-rr-357
BHAK-12358-FCBB-001-358,BHAK-12358-FCBB,same as,BHAK-12358-FCBB-001-358-rr-358
BHAK-12359-FCBB-001-359,BHAK-12359-FCBB,same as,BHAK-12359-FCBB-001-359-rr-359
BHAK-12508-FCBB-001-360,BHAK-12508-FCBB,same as,BHAK-12508-FCBB-001-360-rr-360
BHAK-12509-FCBB-001-361,BHAK-12509-FCBB,same as,BHAK-12509-FCBB-001-361-rr-361
BHAK-12510-FCBB-001-362,BHAK-12510-FCBB,same as,BHAK-12510-FCBB-001-362-rr-362
BHAK-12301-FCBB-001-363,BHAK-12301-FCBB,same as,BHAK-12301-FCBB-001-363-rr-363
BHAK-12302-FCBB-001-364,BHAK-12302-FCBB,same as,BHAK-12302-FCBB-001-364-rr-364
BHAK-12313-FCBB-001-365,BHAK-12313-FCBB,same as,BHAK-12313-FCBB-001-365-rr-365
BHAK-12314-FCBB-001-366,BHAK-12314-FCBB,same as,BHAK-12314-FCBB-001-366-rr-366
BHAK-12315-FCBB-001-367,BHAK-12315-FCBB,same as,BHAK-12315-FCBB-001-367-rr-367
BHAK-12329-FCBB-001-368,BHAK-12329-FCBB,same as,BHAK-12329-FCBB-001-368-rr-368
BHAK-12330-FCBB-001-369,BHAK-12330-FCBB,same as,BHAK-12330-FCBB-001-369-rr-369
BHAK-12488-FCBB-001-370,BHAK-12488-FCBB,same as,BHAK-12488-FCBB-001-370-rr-370
BHAK-12489-FCBB-001-371,BHAK-12489-FCBB,same as,BHAK-12489-FCBB-001-371-rr-371
BHAK-12360-FCBB-001-372,BHAK-12360-FCBB,same as,BHAK-12360-FCBB-001-372-rr-372
ZHAK-01253-FCBB-001-373,ZHAK-01253-FCBB,same as,ZHAK-01253-FCBB-001-373-rr-373
ZHAK-01254-FCBB-001-374,ZHAK-01254-FCBB,same as,ZHAK-01254-FCBB-001-374-rr-374
ZHAK-01255-FCBB-001-375,ZHAK-01255-FCBB,same as,ZHAK-01255-FCBB-001-375-rr-375
ZHAK-01256-FCBB-001-376,ZHAK-01256-FCBB,same as,ZHAK-01256-FCBB-001-376-rr-376
ZHAK-02425-FCBB-001-377,ZHAK-02425-FCBB,same as,ZHAK-02425-FCBB-001-377-rr-377
ZHAK-02426-FCBB-001-378,ZHAK-02426-FCBB,same as,ZHAK-02426-FCBB-001-378-rr-378
ZHAK-02427-FCBB-001-379,ZHAK-02427-FCBB,same as,ZHAK-02427-FCBB-001-379-rr-379
ZHAK-02428-FCBB-001-380,ZHAK-02428-FCBB,same as,ZHAK-02428-FCBB-001-380-rr-380
ZHAK-02429-FCBB-001-381,ZHAK-02429-FCBB,same as,ZHAK-02429-FCBB-001-381-rr-381
ZHAK-02430-FCBB-001-382,ZHAK-02430-FCBB,same as,ZHAK-02430-FCBB-001-382-rr-382
ZHAK-02431-FCBB-001-383,ZHAK-02431-FCBB,same as,ZHAK-02431-FCBB-001-383-rr-383
ZHAK-02432-FCBB-001-384,ZHAK-02432-FCBB,same as,ZHAK-02432-FCBB-001-384-rr-384
ZHAK-02433-FCBB-001-385,ZHAK-02433-FCBB,same as,ZHAK-02433-FCBB-001-385-rr-385
ZHAK-02434-FCBB-001-386,ZHAK-02434-FCBB,same as,ZHAK-02434-FCBB-001-386-rr-386
ZHAK-02435-FCBB-001-387,ZHAK-02435-FCBB,same as,ZHAK-02435-FCBB-001-387-rr-387
ZHAK-02436-FCBB-001-388,ZHAK-02436-FCBB,same as,ZHAK-02436-FCBB-001-388-rr-388
ZHAK-02437-FCBB-001-389,ZHAK-02437-FCBB,same as,ZHAK-02437-FCBB-001-389-rr-389
ZHAK-02438-FCBB-001-390,ZHAK-02438-FCBB,same as,ZHAK-02438-FCBB-001-390-rr-390
ZHAK-02235-FCBB-001-391,ZHAK-02235-FCBB,same as,ZHAK-02235-FCBB-001-391-rr-391
ZHAK-02236-FCBB-001-392,ZHAK-02236-FCBB,same as,ZHAK-02236-FCBB-001-392-rr-392
ZHAK-02237-FCBB-001-393,ZHAK-02237-FCBB,same as,ZHAK-02237-FCBB-001-393-rr-393
ZHAK-02238-FCBB-001-394,ZHAK-02238-FCBB,same as,ZHAK-02238-FCBB-001-394-rr-394
ZHAK-02239-FCBB-001-395,ZHAK-02239-FCBB,same as,ZHAK-02239-FCBB-001-395-rr-395
ZHAK-02240-FCBB-001-396,ZHAK-02240-FCBB,same as,ZHAK-02240-FCBB-001-396-rr-396
ZHAK-02241-FCBB-001-397,ZHAK-02241-FCBB,same as,ZHAK-02241-FCBB-001-397-rr-397
ZHAK-02242-FCBB-001-398,ZHAK-02242-FCBB,same as,ZHAK-02242-FCBB-001-398-rr-398
ZHAK-02243-FCBB-001-399,ZHAK-02243-FCBB,same as,ZHAK-02243-FCBB-001-399-rr-399
ZHAK-02244-FCBB-001-400,ZHAK-02244-FCBB,same as,ZHAK-02244-FCBB-001-400-rr-400
ZHAK-02245-FCBB-001-401,ZHAK-02245-FCBB,same as,ZHAK-02245-FCBB-001-401-rr-401
ZHAK-02246-FCBB-001-402,ZHAK-02246-FCBB,same as,ZHAK-02246-FCBB-001-402-rr-402
ZHAK-02247-FCBB-001-403,ZHAK-02247-FCBB,same as,ZHAK-02247-FCBB-001-403-rr-403
ZHAK-02248-FCBB-001-404,ZHAK-02248-FCBB,same as,ZHAK-02248-FCBB-001-404-rr-404
ZHAK-02249-FCBB-001-405,ZHAK-02249-FCBB,same as,ZHAK-02249-FCBB-001-405-rr-405
ZHAK-02250-FCBB-001-406,ZHAK-02250-FCBB,same as,ZHAK-02250-FCBB-001-406-rr-406
ZHAK-02251-FCBB-001-407,ZHAK-02251-FCBB,same as,ZHAK-02251-FCBB-001-407-rr-407
ZHAK-02252-FCBB-001-408,ZHAK-02252-FCBB,same as,ZHAK-02252-FCBB-001-408-rr-408
ZHAK-02253-FCBB-001-409,ZHAK-02253-FCBB,same as,ZHAK-02253-FCBB-001-409-rr-409
ZHAK-02254-FCBB-001-410,ZHAK-02254-FCBB,same as,ZHAK-02254-FCBB-001-410-rr-410
ZHAK-02255-FCBB-001-411,ZHAK-02255-FCBB,same as,ZHAK-02255-FCBB-001-411-rr-411
ZHAK-02256-FCBB-001-412,ZHAK-02256-FCBB,same as,ZHAK-02256-FCBB-001-412-rr-412
ZHAK-02257-FCBB-001-413,ZHAK-02257-FCBB,same as,ZHAK-02257-FCBB-001-413-rr-413
ZHAK-02258-FCBB-001-414,ZHAK-02258-FCBB,same as,ZHAK-02258-FCBB-001-414-rr-414
ZHAK-02259-FCBB-001-415,ZHAK-02259-FCBB,same as,ZHAK-02259-FCBB-001-415-rr-415
ZHAK-02260-FCBB-001-416,ZHAK-02260-FCBB,same as,ZHAK-02260-FCBB-001-416-rr-416
ZHAK-02261-FCBB-001-417,ZHAK-02261-FCBB,same as,ZHAK-02261-FCBB-001-417-rr-417
ZHAK-02262-FCBB-001-418,ZHAK-02262-FCBB,same as,ZHAK-02262-FCBB-001-418-rr-418
ZHAK-02263-FCBB-001-419,ZHAK-02263-FCBB,same as,ZHAK-02263-FCBB-001-419-rr-419
ZHAK-02264-FCBB-001-420,ZHAK-02264-FCBB,same as,ZHAK-02264-FCBB-001-420-rr-420
ZHAK-02265-FCBB-001-421,ZHAK-02265-FCBB,same as,ZHAK-02265-FCBB-001-421-rr-421
ZHAK-02266-FCBB-001-422,ZHAK-02266-FCBB,same as,ZHAK-02266-FCBB-001-422-rr-422
ZHAK-02267-FCBB-001-423,ZHAK-02267-FCBB,same as,ZHAK-02267-FCBB-001-423-rr-423
ZHAK-02268-FCBB-001-424,ZHAK-02268-FCBB,same as,ZHAK-02268-FCBB-001-424-rr-424
ZHAK-02269-FCBB-001-425,ZHAK-02269-FCBB,same as,ZHAK-02269-FCBB-001-425-rr-425
ZHAK-02270-FCBB-001-426,ZHAK-02270-FCBB,same as,ZHAK-02270-FCBB-001-426-rr-426
ZHAK-02271-FCBB-001-427,ZHAK-02271-FCBB,same as,ZHAK-02271-FCBB-001-427-rr-427
ZHAK-02272-FCBB-001-428,ZHAK-02272-FCBB,same as,ZHAK-02272-FCBB-001-428-rr-428
ZHAK-02273-FCBB-001-429,ZHAK-02273-FCBB,same as,ZHAK-02273-FCBB-001-429-rr-429
ZHAK-02274-FCBB-001-430,ZHAK-02274-FCBB,same as,ZHAK-02274-FCBB-001-430-rr-430
ZHAK-02275-FCBB-001-431,ZHAK-02275-FCBB,same as,ZHAK-02275-FCBB-001-431-rr-431
ZHAK-02276-FCBB-001-432,ZHAK-02276-FCBB,same as,ZHAK-02276-FCBB-001-432-rr-432
ZHAK-02277-FCBB-001-433,ZHAK-02277-FCBB,same as,ZHAK-02277-FCBB-001-433-rr-433
ZHAK-02278-FCBB-001-434,ZHAK-02278-FCBB,same as,ZHAK-02278-FCBB-001-434-rr-434
ZHAK-02279-FCBB-001-435,ZHAK-02279-FCBB,same as,ZHAK-02279-FCBB-001-435-rr-435
ZHAK-02280-FCBB-001-436,ZHAK-02280-FCBB,same as,ZHAK-02280-FCBB-001-436-rr-436
ZHAK-02281-FCBB-001-437,ZHAK-02281-FCBB,same as,ZHAK-02281-FCBB-001-437-rr-437
ZHAK-02282-FCBB-001-438,ZHAK-02282-FCBB,same as,ZHAK-02282-FCBB-001-438-rr-438
ZHAK-02283-FCBB-001-439,ZHAK-02283-FCBB,same as,ZHAK-02283-FCBB-001-439-rr-439
ZHAK-02284-FCBB-001-440,ZHAK-02284-FCBB,same as,ZHAK-02284-FCBB-001-440-rr-440
ZHAK-02285-FCBB-001-441,ZHAK-02285-FCBB,same as,ZHAK-02285-FCBB-001-441-rr-441
ZHAK-02286-FCBB-001-442,ZHAK-02286-FCBB,same as,ZHAK-02286-FCBB-001-442-rr-442
ZHAK-02287-FCBB-001-443,ZHAK-02287-FCBB,same as,ZHAK-02287-FCBB-001-443-rr-443
ZHAK-02288-FCBB-001-444,ZHAK-02288-FCBB,same as,ZHAK-02288-FCBB-001-444-rr-444
ZHAK-02289-FCBB-001-445,ZHAK-02289-FCBB,same as,ZHAK-02289-FCBB-001-445-rr-445
ZHAK-02290-FCBB-001-446,ZHAK-02290-FCBB,same as,ZHAK-02290-FCBB-001-446-rr-446
ZHAK-02291-FCBB-001-447,ZHAK-02291-FCBB,same as,ZHAK-02291-FCBB-001-447-rr-447
ZHAK-02292-FCBB-001-448,ZHAK-02292-FCBB,same as,ZHAK-02292-FCBB-001-448-rr-448
ZHAK-02293-FCBB-001-449,ZHAK-02293-FCBB,same as,ZHAK-02293-FCBB-001-449-rr-449
ZHAK-02294-FCBB-001-450,ZHAK-02294-FCBB,same as,ZHAK-02294-FCBB-001-450-rr-450
ZHAK-02295-FCBB-001-451,ZHAK-02295-FCBB,same as,ZHAK-02295-FCBB-001-451-rr-451
ZHAK-02296-FCBB-001-452,ZHAK-02296-FCBB,same as,ZHAK-02296-FCBB-001-452-rr-452
ZHAK-02297-FCBB-001-453,ZHAK-02297-FCBB,same as,ZHAK-02297-FCBB-001-453-rr-453
ZHAK-02298-FCBB-001-454,ZHAK-02298-FCBB,same as,ZHAK-02298-FCBB-001-454-rr-454
ZHAK-02299-FCBB-001-455,ZHAK-02299-FCBB,same as,ZHAK-02299-FCBB-001-455-rr-455
ZHAK-02300-FCBB-001-456,ZHAK-02300-FCBB,same as,ZHAK-02300-FCBB-001-456-rr-456
ZHAK-02301-FCBB-001-457,ZHAK-02301-FCBB,same as,ZHAK-02301-FCBB-001-457-rr-457
ZHAK-02302-FCBB-001-458,ZHAK-02302-FCBB,same as,ZHAK-02302-FCBB-001-458-rr-458
ZHAK-02303-FCBB-001-459,ZHAK-02303-FCBB,same as,ZHAK-02303-FCBB-001-459-rr-459
ZHAK-02304-FCBB-001-460,ZHAK-02304-FCBB,same as,ZHAK-02304-FCBB-001-460-rr-460
ZHAK-02305-FCBB-001-461,ZHAK-02305-FCBB,same as,ZHAK-02305-FCBB-001-461-rr-461
ZHAK-02306-FCBB-001-462,ZHAK-02306-FCBB,same as,ZHAK-02306-FCBB-001-462-rr-462
ZHAK-02520-FCBB-001-463,ZHAK-02520-FCBB,same as,ZHAK-02520-FCBB-001-463-rr-463
ZHAK-02521-FCBB-001-464,ZHAK-02521-FCBB,same as,ZHAK-02521-FCBB-001-464-rr-464
ZHAK-02522-FCBB-001-465,ZHAK-02522-FCBB,same as,ZHAK-02522-FCBB-001-465-rr-465
ZHAK-02523-FCBB-001-466,ZHAK-02523-FCBB,same as,ZHAK-02523-FCBB-001-466-rr-466
ZHAK-02524-FCBB-001-467,ZHAK-02524-FCBB,same as,ZHAK-02524-FCBB-001-467-rr-467
ZHAK-02525-FCBB-001-468,ZHAK-02525-FCBB,same as,ZHAK-02525-FCBB-001-468-rr-468
ZHAK-02526-FCBB-001-469,ZHAK-02526-FCBB,same as,ZHAK-02526-FCBB-001-469-rr-469
ZHAK-02527-FCBB-001-470,ZHAK-02527-FCBB,same as,ZHAK-02527-FCBB-001-470-rr-470
ZHAK-02330-FCBB-001-471,ZHAK-02330-FCBB,same as,ZHAK-02330-FCBB-001-471-rr-471
ZHAK-02331-FCBB-001-472,ZHAK-02331-FCBB,same as,ZHAK-02331-FCBB-001-472-rr-472
ZHAK-02332-FCBB-001-473,ZHAK-02332-FCBB,same as,ZHAK-02332-FCBB-001-473-rr-473
ZHAK-02333-FCBB-001-474,ZHAK-02333-FCBB,same as,ZHAK-02333-FCBB-001-474-rr-474
ZHAK-02334-FCBB-001-475,ZHAK-02334-FCBB,same as,ZHAK-02334-FCBB-001-475-rr-475
ZHAK-02335-FCBB-001-476,ZHAK-02335-FCBB,same as,ZHAK-02335-FCBB-001-476-rr-476
ZHAK-02336-FCBB-001-477,ZHAK-02336-FCBB,same as,ZHAK-02336-FCBB-001-477-rr-477
ZHAK-02337-FCBB-001-478,ZHAK-02337-FCBB,same as,ZHAK-02337-FCBB-001-478-rr-478
ZHAK-02338-FCBB-001-479,ZHAK-02338-FCBB,same as,ZHAK-02338-FCBB-001-479-rr-479
ZHAK-02339-FCBB-001-480,ZHAK-02339-FCBB,same as,ZHAK-02339-FCBB-001-480-rr-480
ZHAK-02340-FCBB-001-481,ZHAK-02340-FCBB,same as,ZHAK-02340-FCBB-001-481-rr-481
ZHAK-02341-FCBB-001-482,ZHAK-02341-FCBB,same as,ZHAK-02341-FCBB-001-482-rr-482
ZHAK-02342-FCBB-001-483,ZHAK-02342-FCBB,same as,ZHAK-02342-FCBB-001-483-rr-483
ZHAK-02343-FCBB-001-484,ZHAK-02343-FCBB,same as,ZHAK-02343-FCBB-001-484-rr-484
ZHAK-02344-FCBB-001-485,ZHAK-02344-FCBB,same as,ZHAK-02344-FCBB-001-485-rr-485
ZHAK-02345-FCBB-001-486,ZHAK-02345-FCBB,same as,ZHAK-02345-FCBB-001-486-rr-486
ZHAK-02346-FCBB-001-487,ZHAK-02346-FCBB,same as,ZHAK-02346-FCBB-001-487-rr-487
ZHAK-02347-FCBB-001-488,ZHAK-02347-FCBB,same as,ZHAK-02347-FCBB-001-488-rr-488
ZHAK-02348-FCBB-001-489,ZHAK-02348-FCBB,same as,ZHAK-02348-FCBB-001-489-rr-489
ZHAK-02349-FCBB-001-490,ZHAK-02349-FCBB,same as,ZHAK-02349-FCBB-001-490-rr-490
ZHAK-02350-FCBB-001-491,ZHAK-02350-FCBB,same as,ZHAK-02350-FCBB-001-491-rr-491
ZHAK-02351-FCBB-001-492,ZHAK-02351-FCBB,same as,ZHAK-02351-FCBB-001-492-rr-492
ZHAK-02352-FCBB-001-493,ZHAK-02352-FCBB,same as,ZHAK-02352-FCBB-001-493-rr-493
ZHAK-02995-FCBB-001-494,ZHAK-02995-FCBB,same as,ZHAK-02995-FCBB-001-494-rr-494
ZHAK-02996-FCBB-001-495,ZHAK-02996-FCBB,same as,ZHAK-02996-FCBB-001-495-rr-495
ZHAK-02997-FCBB-001-496,ZHAK-02997-FCBB,same as,ZHAK-02997-FCBB-001-496-rr-496
ZHAK-02998-FCBB-001-497,ZHAK-02998-FCBB,same as,ZHAK-02998-FCBB-001-497-rr-497
ZHAK-02999-FCBB-001-498,ZHAK-02999-FCBB,same as,ZHAK-02999-FCBB-001-498-rr-498
ZHAK-03000-FCBB-001-499,ZHAK-03000-FCBB,same as,ZHAK-03000-FCBB-001-499-rr-499
ZHAK-03001-FCBB-001-500,ZHAK-03001-FCBB,same as,ZHAK-03001-FCBB-001-500-rr-500
ZHAK-03002-FCBB-001-501,ZHAK-03002-FCBB,same as,ZHAK-03002-FCBB-001-501-rr-501
ZHAK-03003-FCBB-001-502,ZHAK-03003-FCBB,same as,ZHAK-03003-FCBB-001-502-rr-502
ZHAK-03004-FCBB-001-503,ZHAK-03004-FCBB,same as,ZHAK-03004-FCBB-001-503-rr-503
ZHAK-03005-FCBB-001-504,ZHAK-03005-FCBB,same as,ZHAK-03005-FCBB-001-504-rr-504
ZHAK-03006-FCBB-001-505,ZHAK-03006-FCBB,same as,ZHAK-03006-FCBB-001-505-rr-505
ZHAK-03007-FCBB-001-506,ZHAK-03007-FCBB,same as,ZHAK-03007-FCBB-001-506-rr-506
ZHAK-03008-FCBB-001-507,ZHAK-03008-FCBB,same as,ZHAK-03008-FCBB-001-507-rr-507
ZHAK-03009-FCBB-001-508,ZHAK-03009-FCBB,same as,ZHAK-03009-FCBB-001-508-rr-508
ZHAK-03010-FCBB-001-509,ZHAK-03010-FCBB,same as,ZHAK-03010-FCBB-001-509-rr-509
ZHAK-03011-FCBB-001-510,ZHAK-03011-FCBB,same as,ZHAK-03011-FCBB-001-510-rr-510
ZHAK-03012-FCBB-001-511,ZHAK-03012-FCBB,same as,ZHAK-03012-FCBB-001-511-rr-511
ZHAK-03013-FCBB-001-512,ZHAK-03013-FCBB,same as,ZHAK-03013-FCBB-001-512-rr-512
ZHAK-03014-FCBB-001-513,ZHAK-03014-FCBB,same as,ZHAK-03014-FCBB-001-513-rr-513
