eventID,measurementValue,measurementType,measurementTypeID,measurementUnit,measurementUnitID,measurementID,occurrenceID,measurementMethod,measurementValueID
Hakai-FCBB-FC-002,950,Water volume filtered,https://vocab.nerc.ac.uk/collection/P01/current/VOLWBSMP/,ml,https://vocab.nerc.ac.uk/collection/P06/current/VVML/,Hakai-FCBB-FC-002-volFiltered,,,
Hakai-FCBB-FC-004,975,Water volume filtered,https://vocab.nerc.ac.uk/collection/P01/current/VOLWBSMP/,ml,https://vocab.nerc.ac.uk/collection/P06/current/VVML/,Hakai-FCBB-FC-004-volFiltered,,,
Hakai-FCBB-FC-005,950,Water volume filtered,https://vocab.nerc.ac.uk/collection/P01/current/VOLWBSMP/,ml,https://vocab.nerc.ac.uk/collection/P06/current/VVML/,Hakai-FCBB-FC-005-volFiltered,,,
Hakai-FCBB-FC-006,950,Water volume filtered,https://vocab.nerc.ac.uk/collection/P01/current/VOLWBSMP/,ml,https://vocab.nerc.ac.uk/collection/P06/current/VVML/,Hakai-FCBB-FC-006-volFiltered,,,
Hakai-FCBB-FC-007,975,Water volume filtered,https://vocab.nerc.ac.uk/collection/P01/current/VOLWBSMP/,ml,https://vocab.nerc.ac.uk/collection/P06/current/VVML/,Hakai-FCBB-FC-007-volFiltered,,,
Hakai-FCBB-FC-008,940,Water volume filtered,https://vocab.nerc.ac.uk/collection/P01/current/VOLWBSMP/,ml,https://vocab.nerc.ac.uk/collection/P06/current/VVML/,Hakai-FCBB-FC-008-volFiltered,,,
Hakai-FCBB-FC-009,960,Water volume filtered,https://vocab.nerc.ac.uk/collection/P01/current/VOLWBSMP/,ml,https://vocab.nerc.ac.uk/collection/P06/current/VVML/,Hakai-FCBB-FC-009-volFiltered,,,
Hakai-FCBB-FC-010,925,Water volume filtered,https://vocab.nerc.ac.uk/collection/P01/current/VOLWBSMP/,ml,https://vocab.nerc.ac.uk/collection/P06/current/VVML/,Hakai-FCBB-FC-010-volFiltered,,,
Hakai-FCBB-FC-011,1000,Water volume filtered,https://vocab.nerc.ac.uk/collection/P01/current/VOLWBSMP/,ml,https://vocab.nerc.ac.uk/collection/P06/current/VVML/,Hakai-FCBB-FC-011-volFiltered,,,
Hakai-FCBB-FC-012,975,Water volume filtered,https://vocab.nerc.ac.uk/collection/P01/current/VOLWBSMP/,ml,https://vocab.nerc.ac.uk/collection/P06/current/VVML/,Hakai-FCBB-FC-012-volFiltered,,,
Hakai-FCBB-FC-013,950,Water volume filtered,https://vocab.nerc.ac.uk/collection/P01/current/VOLWBSMP/,ml,https://vocab.nerc.ac.uk/collection/P06/current/VVML/,Hakai-FCBB-FC-013-volFiltered,,,
Hakai-FCBB-FC-014,1000,Water volume filtered,https://vocab.nerc.ac.uk/collection/P01/current/VOLWBSMP/,ml,https://vocab.nerc.ac.uk/collection/P06/current/VVML/,Hakai-FCBB-FC-014-volFiltered,,,
Hakai-FCBB-FC-015,900,Water volume filtered,https://vocab.nerc.ac.uk/collection/P01/current/VOLWBSMP/,ml,https://vocab.nerc.ac.uk/collection/P06/current/VVML/,Hakai-FCBB-FC-015-volFiltered,,,
Hakai-FCBB-FC-016,925,Water volume filtered,https://vocab.nerc.ac.uk/collection/P01/current/VOLWBSMP/,ml,https://vocab.nerc.ac.uk/collection/P06/current/VVML/,Hakai-FCBB-FC-016-volFiltered,,,
Hakai-FCBB-FC-017,925,Water volume filtered,https://vocab.nerc.ac.uk/collection/P01/current/VOLWBSMP/,ml,https://vocab.nerc.ac.uk/collection/P06/current/VVML/,Hakai-FCBB-FC-017-volFiltered,,,
Hakai-FCBB-FC-018,950,Water volume filtered,https://vocab.nerc.ac.uk/collection/P01/current/VOLWBSMP/,ml,https://vocab.nerc.ac.uk/collection/P06/current/VVML/,Hakai-FCBB-FC-018-volFiltered,,,
Hakai-FCBB-FC-019,950,Water volume filtered,https://vocab.nerc.ac.uk/collection/P01/current/VOLWBSMP/,ml,https://vocab.nerc.ac.uk/collection/P06/current/VVML/,Hakai-FCBB-FC-019-volFiltered,,,
Hakai-FCBB-FC-020,1010,Water volume filtered,https://vocab.nerc.ac.uk/collection/P01/current/VOLWBSMP/,ml,https://vocab.nerc.ac.uk/collection/P06/current/VVML/,Hakai-FCBB-FC-020-volFiltered,,,
Hakai-FCBB-FC-021,950,Water volume filtered,https://vocab.nerc.ac.uk/collection/P01/current/VOLWBSMP/,ml,https://vocab.nerc.ac.uk/collection/P06/current/VVML/,Hakai-FCBB-FC-021-volFiltered,,,
Hakai-FCBB-FC-022,1000,Water volume filtered,https://vocab.nerc.ac.uk/collection/P01/current/VOLWBSMP/,ml,https://vocab.nerc.ac.uk/collection/P06/current/VVML/,Hakai-FCBB-FC-022-volFiltered,,,
Hakai-FCBB-FC-023,925,Water volume filtered,https://vocab.nerc.ac.uk/collection/P01/current/VOLWBSMP/,ml,https://vocab.nerc.ac.uk/collection/P06/current/VVML/,Hakai-FCBB-FC-023-volFiltered,,,
Hakai-FCBB-FC-024,900,Water volume filtered,https://vocab.nerc.ac.uk/collection/P01/current/VOLWBSMP/,ml,https://vocab.nerc.ac.uk/collection/P06/current/VVML/,Hakai-FCBB-FC-024-volFiltered,,,
Hakai-FCBB-FC-026,975,Water volume filtered,https://vocab.nerc.ac.uk/collection/P01/current/VOLWBSMP/,ml,https://vocab.nerc.ac.uk/collection/P06/current/VVML/,Hakai-FCBB-FC-026-volFiltered,,,
Hakai-FCBB-FC-027,1000,Water volume filtered,https://vocab.nerc.ac.uk/collection/P01/current/VOLWBSMP/,ml,https://vocab.nerc.ac.uk/collection/P06/current/VVML/,Hakai-FCBB-FC-027-volFiltered,,,
Hakai-FCBB-FC-028,1000,Water volume filtered,https://vocab.nerc.ac.uk/collection/P01/current/VOLWBSMP/,ml,https://vocab.nerc.ac.uk/collection/P06/current/VVML/,Hakai-FCBB-FC-028-volFiltered,,,
Hakai-FCBB-FC-029,1000,Water volume filtered,https://vocab.nerc.ac.uk/collection/P01/current/VOLWBSMP/,ml,https://vocab.nerc.ac.uk/collection/P06/current/VVML/,Hakai-FCBB-FC-029-volFiltered,,,
Hakai-FCBB-FC-030,950,Water volume filtered,https://vocab.nerc.ac.uk/collection/P01/current/VOLWBSMP/,ml,https://vocab.nerc.ac.uk/collection/P06/current/VVML/,Hakai-FCBB-FC-030-volFiltered,,,
Hakai-FCBB-FC-031,950,Water volume filtered,https://vocab.nerc.ac.uk/collection/P01/current/VOLWBSMP/,ml,https://vocab.nerc.ac.uk/collection/P06/current/VVML/,Hakai-FCBB-FC-031-volFiltered,,,
Hakai-FCBB-FC-033,950,Water volume filtered,https://vocab.nerc.ac.uk/collection/P01/current/VOLWBSMP/,ml,https://vocab.nerc.ac.uk/collection/P06/current/VVML/,Hakai-FCBB-FC-033-volFiltered,,,
Hakai-FCBB-FC-035,950,Water volume filtered,https://vocab.nerc.ac.uk/collection/P01/current/VOLWBSMP/,ml,https://vocab.nerc.ac.uk/collection/P06/current/VVML/,Hakai-FCBB-FC-035-volFiltered,,,
Hakai-FCBB-FC-036,1000,Water volume filtered,https://vocab.nerc.ac.uk/collection/P01/current/VOLWBSMP/,ml,https://vocab.nerc.ac.uk/collection/P06/current/VVML/,Hakai-FCBB-FC-036-volFiltered,,,
Hakai-FCBB-FC-037,950,Water volume filtered,https://vocab.nerc.ac.uk/collection/P01/current/VOLWBSMP/,ml,https://vocab.nerc.ac.uk/collection/P06/current/VVML/,Hakai-FCBB-FC-037-volFiltered,,,
Hakai-FCBB-FC-038,925,Water volume filtered,https://vocab.nerc.ac.uk/collection/P01/current/VOLWBSMP/,ml,https://vocab.nerc.ac.uk/collection/P06/current/VVML/,Hakai-FCBB-FC-038-volFiltered,,,
Hakai-FCBB-FC-039,800,Water volume filtered,https://vocab.nerc.ac.uk/collection/P01/current/VOLWBSMP/,ml,https://vocab.nerc.ac.uk/collection/P06/current/VVML/,Hakai-FCBB-FC-039-volFiltered,,,
Hakai-FCBB-FC-040,945,Water volume filtered,https://vocab.nerc.ac.uk/collection/P01/current/VOLWBSMP/,ml,https://vocab.nerc.ac.uk/collection/P06/current/VVML/,Hakai-FCBB-FC-040-volFiltered,,,
Hakai-FCBB-FC-041,1000,Water volume filtered,https://vocab.nerc.ac.uk/collection/P01/current/VOLWBSMP/,ml,https://vocab.nerc.ac.uk/collection/P06/current/VVML/,Hakai-FCBB-FC-041-volFiltered,,,
Hakai-FCBB-FC-042,850,Water volume filtered,https://vocab.nerc.ac.uk/collection/P01/current/VOLWBSMP/,ml,https://vocab.nerc.ac.uk/collection/P06/current/VVML/,Hakai-FCBB-FC-042-volFiltered,,,
Hakai-FCBB-FC-043,1000,Water volume filtered,https://vocab.nerc.ac.uk/collection/P01/current/VOLWBSMP/,ml,https://vocab.nerc.ac.uk/collection/P06/current/VVML/,Hakai-FCBB-FC-043-volFiltered,,,
Hakai-FCBB-FC-044,950,Water volume filtered,https://vocab.nerc.ac.uk/collection/P01/current/VOLWBSMP/,ml,https://vocab.nerc.ac.uk/collection/P06/current/VVML/,Hakai-FCBB-FC-044-volFiltered,,,
Hakai-FCBB-FC-045,950,Water volume filtered,https://vocab.nerc.ac.uk/collection/P01/current/VOLWBSMP/,ml,https://vocab.nerc.ac.uk/collection/P06/current/VVML/,Hakai-FCBB-FC-045-volFiltered,,,
Hakai-FCBB-FC-046,1000,Water volume filtered,https://vocab.nerc.ac.uk/collection/P01/current/VOLWBSMP/,ml,https://vocab.nerc.ac.uk/collection/P06/current/VVML/,Hakai-FCBB-FC-046-volFiltered,,,
Hakai-FCBB-FC-047,1000,Water volume filtered,https://vocab.nerc.ac.uk/collection/P01/current/VOLWBSMP/,ml,https://vocab.nerc.ac.uk/collection/P06/current/VVML/,Hakai-FCBB-FC-047-volFiltered,,,
Hakai-FCBB-FC-048,1000,Water volume filtered,https://vocab.nerc.ac.uk/collection/P01/current/VOLWBSMP/,ml,https://vocab.nerc.ac.uk/collection/P06/current/VVML/,Hakai-FCBB-FC-048-volFiltered,,,
Hakai-FCBB-FC-049,925,Water volume filtered,https://vocab.nerc.ac.uk/collection/P01/current/VOLWBSMP/,ml,https://vocab.nerc.ac.uk/collection/P06/current/VVML/,Hakai-FCBB-FC-049-volFiltered,,,
Hakai-FCBB-FC-050,1000,Water volume filtered,https://vocab.nerc.ac.uk/collection/P01/current/VOLWBSMP/,ml,https://vocab.nerc.ac.uk/collection/P06/current/VVML/,Hakai-FCBB-FC-050-volFiltered,,,
Hakai-FCBB-FC-051,1000,Water volume filtered,https://vocab.nerc.ac.uk/collection/P01/current/VOLWBSMP/,ml,https://vocab.nerc.ac.uk/collection/P06/current/VVML/,Hakai-FCBB-FC-051-volFiltered,,,
Hakai-FCBB-FC-052,1000,Water volume filtered,https://vocab.nerc.ac.uk/collection/P01/current/VOLWBSMP/,ml,https://vocab.nerc.ac.uk/collection/P06/current/VVML/,Hakai-FCBB-FC-052-volFiltered,,,
Hakai-FCBB-FC-054,950,Water volume filtered,https://vocab.nerc.ac.uk/collection/P01/current/VOLWBSMP/,ml,https://vocab.nerc.ac.uk/collection/P06/current/VVML/,Hakai-FCBB-FC-054-volFiltered,,,
Hakai-FCBB-FC-055,1000,Water volume filtered,https://vocab.nerc.ac.uk/collection/P01/current/VOLWBSMP/,ml,https://vocab.nerc.ac.uk/collection/P06/current/VVML/,Hakai-FCBB-FC-055-volFiltered,,,
Hakai-FCBB-FC-056,950,Water volume filtered,https://vocab.nerc.ac.uk/collection/P01/current/VOLWBSMP/,ml,https://vocab.nerc.ac.uk/collection/P06/current/VVML/,Hakai-FCBB-FC-056-volFiltered,,,
Hakai-FCBB-FC-057,975,Water volume filtered,https://vocab.nerc.ac.uk/collection/P01/current/VOLWBSMP/,ml,https://vocab.nerc.ac.uk/collection/P06/current/VVML/,Hakai-FCBB-FC-057-volFiltered,,,
Hakai-FCBB-FC-058,1000,Water volume filtered,https://vocab.nerc.ac.uk/collection/P01/current/VOLWBSMP/,ml,https://vocab.nerc.ac.uk/collection/P06/current/VVML/,Hakai-FCBB-FC-058-volFiltered,,,
Hakai-FCBB-FC-059,950,Water volume filtered,https://vocab.nerc.ac.uk/collection/P01/current/VOLWBSMP/,ml,https://vocab.nerc.ac.uk/collection/P06/current/VVML/,Hakai-FCBB-FC-059-volFiltered,,,
Hakai-FCBB-FC-060,950,Water volume filtered,https://vocab.nerc.ac.uk/collection/P01/current/VOLWBSMP/,ml,https://vocab.nerc.ac.uk/collection/P06/current/VVML/,Hakai-FCBB-FC-060-volFiltered,,,
Hakai-FCBB-FC-061,1000,Water volume filtered,https://vocab.nerc.ac.uk/collection/P01/current/VOLWBSMP/,ml,https://vocab.nerc.ac.uk/collection/P06/current/VVML/,Hakai-FCBB-FC-061-volFiltered,,,
Hakai-FCBB-FC-062,950,Water volume filtered,https://vocab.nerc.ac.uk/collection/P01/current/VOLWBSMP/,ml,https://vocab.nerc.ac.uk/collection/P06/current/VVML/,Hakai-FCBB-FC-062-volFiltered,,,
Hakai-FCBB-FC-063,950,Water volume filtered,https://vocab.nerc.ac.uk/collection/P01/current/VOLWBSMP/,ml,https://vocab.nerc.ac.uk/collection/P06/current/VVML/,Hakai-FCBB-FC-063-volFiltered,,,
Hakai-FCBB-FC-064,1000,Water volume filtered,https://vocab.nerc.ac.uk/collection/P01/current/VOLWBSMP/,ml,https://vocab.nerc.ac.uk/collection/P06/current/VVML/,Hakai-FCBB-FC-064-volFiltered,,,
Hakai-FCBB-FC-065,950,Water volume filtered,https://vocab.nerc.ac.uk/collection/P01/current/VOLWBSMP/,ml,https://vocab.nerc.ac.uk/collection/P06/current/VVML/,Hakai-FCBB-FC-065-volFiltered,,,
Hakai-FCBB-FC-067,950,Water volume filtered,https://vocab.nerc.ac.uk/collection/P01/current/VOLWBSMP/,ml,https://vocab.nerc.ac.uk/collection/P06/current/VVML/,Hakai-FCBB-FC-067-volFiltered,,,
Hakai-FCBB-FC-068,950,Water volume filtered,https://vocab.nerc.ac.uk/collection/P01/current/VOLWBSMP/,ml,https://vocab.nerc.ac.uk/collection/P06/current/VVML/,Hakai-FCBB-FC-068-volFiltered,,,
Hakai-FCBB-FC-069,900,Water volume filtered,https://vocab.nerc.ac.uk/collection/P01/current/VOLWBSMP/,ml,https://vocab.nerc.ac.uk/collection/P06/current/VVML/,Hakai-FCBB-FC-069-volFiltered,,,
Hakai-FCBB-FC-070,970,Water volume filtered,https://vocab.nerc.ac.uk/collection/P01/current/VOLWBSMP/,ml,https://vocab.nerc.ac.uk/collection/P06/current/VVML/,Hakai-FCBB-FC-070-volFiltered,,,
Hakai-FCBB-FC-071,950,Water volume filtered,https://vocab.nerc.ac.uk/collection/P01/current/VOLWBSMP/,ml,https://vocab.nerc.ac.uk/collection/P06/current/VVML/,Hakai-FCBB-FC-071-volFiltered,,,
Hakai-FCBB-FC-073,950,Water volume filtered,https://vocab.nerc.ac.uk/collection/P01/current/VOLWBSMP/,ml,https://vocab.nerc.ac.uk/collection/P06/current/VVML/,Hakai-FCBB-FC-073-volFiltered,,,
Hakai-FCBB-FC-074,900,Water volume filtered,https://vocab.nerc.ac.uk/collection/P01/current/VOLWBSMP/,ml,https://vocab.nerc.ac.uk/collection/P06/current/VVML/,Hakai-FCBB-FC-074-volFiltered,,,
BHAK-12005-FCBB-001,juvenile,lifeStage,https://vocab.nerc.ac.uk/collection/P01/current/LSTAGE01/,,,BHAK-12005-FCBB-001-004-lifeStage,BHAK-12005-FCBB-001-004,BOLD ID Engine,https://vocab.nerc.ac.uk/collection/S11/current/S1127/
BHAK-12006-FCBB-001,juvenile,lifeStage,https://vocab.nerc.ac.uk/collection/P01/current/LSTAGE01/,,,BHAK-12006-FCBB-001-005-lifeStage,BHAK-12006-FCBB-001-005,BOLD ID Engine,https://vocab.nerc.ac.uk/collection/S11/current/S1127/
BHAK-12032-FCBB-001,M,sex,https://vocab.nerc.ac.uk/collection/P01/current/ENTSEX01/,,,BHAK-12032-FCBB-001-025-sex,BHAK-12032-FCBB-001-025,Morphology,https://vocab.nerc.ac.uk/collection/S10/current/S103/
BHAK-12036-FCBB-001,F,sex,https://vocab.nerc.ac.uk/collection/P01/current/ENTSEX01/,,,BHAK-12036-FCBB-001-029-sex,BHAK-12036-FCBB-001-029,Morphology,https://vocab.nerc.ac.uk/collection/S10/current/S102/
BHAK-12037-FCBB-001,M,sex,https://vocab.nerc.ac.uk/collection/P01/current/ENTSEX01/,,,BHAK-12037-FCBB-001-030-sex,BHAK-12037-FCBB-001-030,Morphology,https://vocab.nerc.ac.uk/collection/S10/current/S103/
BHAK-12038-FCBB-001,M,sex,https://vocab.nerc.ac.uk/collection/P01/current/ENTSEX01/,,,BHAK-12038-FCBB-001-031-sex,BHAK-12038-FCBB-001-031,Morphology,https://vocab.nerc.ac.uk/collection/S10/current/S103/
BHAK-12176-FCBB-001,M,sex,https://vocab.nerc.ac.uk/collection/P01/current/ENTSEX01/,,,BHAK-12176-FCBB-001-245-sex,BHAK-12176-FCBB-001-245,Morphology,https://vocab.nerc.ac.uk/collection/S10/current/S103/
BHAK-12270-FCBB-001,juvenile,lifeStage,https://vocab.nerc.ac.uk/collection/P01/current/LSTAGE01/,,,BHAK-12270-FCBB-001-255-lifeStage,BHAK-12270-FCBB-001-255,Morphology,https://vocab.nerc.ac.uk/collection/S11/current/S1127/
BHAK-12295-FCBB-001,juvenile,lifeStage,https://vocab.nerc.ac.uk/collection/P01/current/LSTAGE01/,,,BHAK-12295-FCBB-001-260-lifeStage,BHAK-12295-FCBB-001-260,Morphology,https://vocab.nerc.ac.uk/collection/S11/current/S1127/
BHAK-12300-FCBB-001,juvenile,lifeStage,https://vocab.nerc.ac.uk/collection/P01/current/LSTAGE01/,,,BHAK-12300-FCBB-001-261-lifeStage,BHAK-12300-FCBB-001-261,BOLD ID Engine,https://vocab.nerc.ac.uk/collection/S11/current/S1127/
BHAK-12296-FCBB-001,F,sex,https://vocab.nerc.ac.uk/collection/P01/current/ENTSEX01/,,,BHAK-12296-FCBB-001-265-sex,BHAK-12296-FCBB-001-265,Morphology,https://vocab.nerc.ac.uk/collection/S10/current/S102/
BHAK-12324-FCBB-001,juvenile,lifeStage,https://vocab.nerc.ac.uk/collection/P01/current/LSTAGE01/,,,BHAK-12324-FCBB-001-319-lifeStage,BHAK-12324-FCBB-001-319,BOLD ID Engine,https://vocab.nerc.ac.uk/collection/S11/current/S1127/
BHAK-12325-FCBB-001,juvenile,lifeStage,https://vocab.nerc.ac.uk/collection/P01/current/LSTAGE01/,,,BHAK-12325-FCBB-001-320-lifeStage,BHAK-12325-FCBB-001-320,BOLD ID Engine,https://vocab.nerc.ac.uk/collection/S11/current/S1127/
BHAK-12312-FCBB-001,F,sex,https://vocab.nerc.ac.uk/collection/P01/current/ENTSEX01/,,,BHAK-12312-FCBB-001-333-sex,BHAK-12312-FCBB-001-333,Morphology,https://vocab.nerc.ac.uk/collection/S10/current/S102/
BHAK-12495-FCBB-001,M,sex,https://vocab.nerc.ac.uk/collection/P01/current/ENTSEX01/,,,BHAK-12495-FCBB-001-334-sex,BHAK-12495-FCBB-001-334,Morphology,https://vocab.nerc.ac.uk/collection/S10/current/S103/
ZHAK-01253-FCBB-001,larva,lifeStage,https://vocab.nerc.ac.uk/collection/P01/current/LSTAGE01/,,,ZHAK-01253-FCBB-001-373-lifeStage,ZHAK-01253-FCBB-001-373,BOLD ID Engine,https://vocab.nerc.ac.uk/collection/S11/current/S1128/
ZHAK-01254-FCBB-001,larva,lifeStage,https://vocab.nerc.ac.uk/collection/P01/current/LSTAGE01/,,,ZHAK-01254-FCBB-001-374-lifeStage,ZHAK-01254-FCBB-001-374,Morphology,https://vocab.nerc.ac.uk/collection/S11/current/S1128/
ZHAK-01255-FCBB-001,larva,lifeStage,https://vocab.nerc.ac.uk/collection/P01/current/LSTAGE01/,,,ZHAK-01255-FCBB-001-375-lifeStage,ZHAK-01255-FCBB-001-375,BOLD ID Engine,https://vocab.nerc.ac.uk/collection/S11/current/S1128/
ZHAK-01256-FCBB-001,larva,lifeStage,https://vocab.nerc.ac.uk/collection/P01/current/LSTAGE01/,,,ZHAK-01256-FCBB-001-376-lifeStage,ZHAK-01256-FCBB-001-376,BOLD ID Engine,https://vocab.nerc.ac.uk/collection/S11/current/S1128/
ZHAK-02425-FCBB-001,juvenile,lifeStage,https://vocab.nerc.ac.uk/collection/P01/current/LSTAGE01/,,,ZHAK-02425-FCBB-001-377-lifeStage,ZHAK-02425-FCBB-001-377,BOLD ID Engine,https://vocab.nerc.ac.uk/collection/S11/current/S1127/
ZHAK-02426-FCBB-001,juvenile,lifeStage,https://vocab.nerc.ac.uk/collection/P01/current/LSTAGE01/,,,ZHAK-02426-FCBB-001-378-lifeStage,ZHAK-02426-FCBB-001-378,Morphology,https://vocab.nerc.ac.uk/collection/S11/current/S1127/
ZHAK-02427-FCBB-001,juvenile,lifeStage,https://vocab.nerc.ac.uk/collection/P01/current/LSTAGE01/,,,ZHAK-02427-FCBB-001-379-lifeStage,ZHAK-02427-FCBB-001-379,Morphology,https://vocab.nerc.ac.uk/collection/S11/current/S1127/
ZHAK-02428-FCBB-001,juvenile,lifeStage,https://vocab.nerc.ac.uk/collection/P01/current/LSTAGE01/,,,ZHAK-02428-FCBB-001-380-lifeStage,ZHAK-02428-FCBB-001-380,Morphology,https://vocab.nerc.ac.uk/collection/S11/current/S1127/
ZHAK-02429-FCBB-001,juvenile,lifeStage,https://vocab.nerc.ac.uk/collection/P01/current/LSTAGE01/,,,ZHAK-02429-FCBB-001-381-lifeStage,ZHAK-02429-FCBB-001-381,Morphology,https://vocab.nerc.ac.uk/collection/S11/current/S1127/
ZHAK-02430-FCBB-001,juvenile,lifeStage,https://vocab.nerc.ac.uk/collection/P01/current/LSTAGE01/,,,ZHAK-02430-FCBB-001-382-lifeStage,ZHAK-02430-FCBB-001-382,Morphology,https://vocab.nerc.ac.uk/collection/S11/current/S1127/
ZHAK-02431-FCBB-001,juvenile,lifeStage,https://vocab.nerc.ac.uk/collection/P01/current/LSTAGE01/,,,ZHAK-02431-FCBB-001-383-lifeStage,ZHAK-02431-FCBB-001-383,Morphology,https://vocab.nerc.ac.uk/collection/S11/current/S1127/
ZHAK-02432-FCBB-001,juvenile,lifeStage,https://vocab.nerc.ac.uk/collection/P01/current/LSTAGE01/,,,ZHAK-02432-FCBB-001-384-lifeStage,ZHAK-02432-FCBB-001-384,Morphology,https://vocab.nerc.ac.uk/collection/S11/current/S1127/
ZHAK-02433-FCBB-001,juvenile,lifeStage,https://vocab.nerc.ac.uk/collection/P01/current/LSTAGE01/,,,ZHAK-02433-FCBB-001-385-lifeStage,ZHAK-02433-FCBB-001-385,BOLD ID Engine,https://vocab.nerc.ac.uk/collection/S11/current/S1127/
ZHAK-02434-FCBB-001,juvenile,lifeStage,https://vocab.nerc.ac.uk/collection/P01/current/LSTAGE01/,,,ZHAK-02434-FCBB-001-386-lifeStage,ZHAK-02434-FCBB-001-386,BOLD ID Engine,https://vocab.nerc.ac.uk/collection/S11/current/S1127/
ZHAK-02435-FCBB-001,juvenile,lifeStage,https://vocab.nerc.ac.uk/collection/P01/current/LSTAGE01/,,,ZHAK-02435-FCBB-001-387-lifeStage,ZHAK-02435-FCBB-001-387,Morphology,https://vocab.nerc.ac.uk/collection/S11/current/S1127/
ZHAK-02436-FCBB-001,juvenile,lifeStage,https://vocab.nerc.ac.uk/collection/P01/current/LSTAGE01/,,,ZHAK-02436-FCBB-001-388-lifeStage,ZHAK-02436-FCBB-001-388,Morphology,https://vocab.nerc.ac.uk/collection/S11/current/S1127/
ZHAK-02437-FCBB-001,juvenile,lifeStage,https://vocab.nerc.ac.uk/collection/P01/current/LSTAGE01/,,,ZHAK-02437-FCBB-001-389-lifeStage,ZHAK-02437-FCBB-001-389,Morphology,https://vocab.nerc.ac.uk/collection/S11/current/S1127/
ZHAK-02438-FCBB-001,juvenile,lifeStage,https://vocab.nerc.ac.uk/collection/P01/current/LSTAGE01/,,,ZHAK-02438-FCBB-001-390-lifeStage,ZHAK-02438-FCBB-001-390,Morphology,https://vocab.nerc.ac.uk/collection/S11/current/S1127/
ZHAK-02235-FCBB-001,adult,lifeStage,https://vocab.nerc.ac.uk/collection/P01/current/LSTAGE01/,,,ZHAK-02235-FCBB-001-391-lifeStage,ZHAK-02235-FCBB-001-391,BOLD ID Engine,https://vocab.nerc.ac.uk/collection/S11/current/S1116/
ZHAK-02236-FCBB-001,adult,lifeStage,https://vocab.nerc.ac.uk/collection/P01/current/LSTAGE01/,,,ZHAK-02236-FCBB-001-392-lifeStage,ZHAK-02236-FCBB-001-392,BOLD ID Engine,https://vocab.nerc.ac.uk/collection/S11/current/S1116/
ZHAK-02237-FCBB-001,adult,lifeStage,https://vocab.nerc.ac.uk/collection/P01/current/LSTAGE01/,,,ZHAK-02237-FCBB-001-393-lifeStage,ZHAK-02237-FCBB-001-393,BOLD ID Engine,https://vocab.nerc.ac.uk/collection/S11/current/S1116/
ZHAK-02238-FCBB-001,adult,lifeStage,https://vocab.nerc.ac.uk/collection/P01/current/LSTAGE01/,,,ZHAK-02238-FCBB-001-394-lifeStage,ZHAK-02238-FCBB-001-394,BOLD ID Engine,https://vocab.nerc.ac.uk/collection/S11/current/S1116/
ZHAK-02239-FCBB-001,adult,lifeStage,https://vocab.nerc.ac.uk/collection/P01/current/LSTAGE01/,,,ZHAK-02239-FCBB-001-395-lifeStage,ZHAK-02239-FCBB-001-395,Morphology,https://vocab.nerc.ac.uk/collection/S11/current/S1116/
ZHAK-02240-FCBB-001,adult,lifeStage,https://vocab.nerc.ac.uk/collection/P01/current/LSTAGE01/,,,ZHAK-02240-FCBB-001-396-lifeStage,ZHAK-02240-FCBB-001-396,BOLD ID Engine,https://vocab.nerc.ac.uk/collection/S11/current/S1116/
ZHAK-02241-FCBB-001,megalopa,lifeStage,https://vocab.nerc.ac.uk/collection/P01/current/LSTAGE01/,,,ZHAK-02241-FCBB-001-397-lifeStage,ZHAK-02241-FCBB-001-397,Morphology,https://vocab.nerc.ac.uk/collection/S11/current/S1167/
ZHAK-02242-FCBB-001,adult,lifeStage,https://vocab.nerc.ac.uk/collection/P01/current/LSTAGE01/,,,ZHAK-02242-FCBB-001-398-lifeStage,ZHAK-02242-FCBB-001-398,BOLD ID Engine,https://vocab.nerc.ac.uk/collection/S11/current/S1116/
ZHAK-02243-FCBB-001,megalopa,lifeStage,https://vocab.nerc.ac.uk/collection/P01/current/LSTAGE01/,,,ZHAK-02243-FCBB-001-399-lifeStage,ZHAK-02243-FCBB-001-399,Morphology,https://vocab.nerc.ac.uk/collection/S11/current/S1167/
ZHAK-02244-FCBB-001,megalopa,lifeStage,https://vocab.nerc.ac.uk/collection/P01/current/LSTAGE01/,,,ZHAK-02244-FCBB-001-400-lifeStage,ZHAK-02244-FCBB-001-400,Morphology,https://vocab.nerc.ac.uk/collection/S11/current/S1167/
ZHAK-02245-FCBB-001,adult,lifeStage,https://vocab.nerc.ac.uk/collection/P01/current/LSTAGE01/,,,ZHAK-02245-FCBB-001-401-lifeStage,ZHAK-02245-FCBB-001-401,BOLD ID Engine,https://vocab.nerc.ac.uk/collection/S11/current/S1116/
ZHAK-02246-FCBB-001,adult,lifeStage,https://vocab.nerc.ac.uk/collection/P01/current/LSTAGE01/,,,ZHAK-02246-FCBB-001-402-lifeStage,ZHAK-02246-FCBB-001-402,Morphology,https://vocab.nerc.ac.uk/collection/S11/current/S1116/
ZHAK-02247-FCBB-001,adult,lifeStage,https://vocab.nerc.ac.uk/collection/P01/current/LSTAGE01/,,,ZHAK-02247-FCBB-001-403-lifeStage,ZHAK-02247-FCBB-001-403,Morphology,https://vocab.nerc.ac.uk/collection/S11/current/S1116/
ZHAK-02248-FCBB-001,adult,lifeStage,https://vocab.nerc.ac.uk/collection/P01/current/LSTAGE01/,,,ZHAK-02248-FCBB-001-404-lifeStage,ZHAK-02248-FCBB-001-404,BOLD ID Engine,https://vocab.nerc.ac.uk/collection/S11/current/S1116/
ZHAK-02249-FCBB-001,adult,lifeStage,https://vocab.nerc.ac.uk/collection/P01/current/LSTAGE01/,,,ZHAK-02249-FCBB-001-405-lifeStage,ZHAK-02249-FCBB-001-405,BOLD ID Engine,https://vocab.nerc.ac.uk/collection/S11/current/S1116/
ZHAK-02250-FCBB-001,adult,lifeStage,https://vocab.nerc.ac.uk/collection/P01/current/LSTAGE01/,,,ZHAK-02250-FCBB-001-406-lifeStage,ZHAK-02250-FCBB-001-406,Morphology,https://vocab.nerc.ac.uk/collection/S11/current/S1116/
ZHAK-02251-FCBB-001,megalopa,lifeStage,https://vocab.nerc.ac.uk/collection/P01/current/LSTAGE01/,,,ZHAK-02251-FCBB-001-407-lifeStage,ZHAK-02251-FCBB-001-407,Morphology,https://vocab.nerc.ac.uk/collection/S11/current/S1167/
ZHAK-02252-FCBB-001,adult,lifeStage,https://vocab.nerc.ac.uk/collection/P01/current/LSTAGE01/,,,ZHAK-02252-FCBB-001-408-lifeStage,ZHAK-02252-FCBB-001-408,Morphology,https://vocab.nerc.ac.uk/collection/S11/current/S1116/
ZHAK-02253-FCBB-001,adult,lifeStage,https://vocab.nerc.ac.uk/collection/P01/current/LSTAGE01/,,,ZHAK-02253-FCBB-001-409-lifeStage,ZHAK-02253-FCBB-001-409,BOLD ID Engine,https://vocab.nerc.ac.uk/collection/S11/current/S1116/
ZHAK-02254-FCBB-001,adult,lifeStage,https://vocab.nerc.ac.uk/collection/P01/current/LSTAGE01/,,,ZHAK-02254-FCBB-001-410-lifeStage,ZHAK-02254-FCBB-001-410,BOLD ID Engine,https://vocab.nerc.ac.uk/collection/S11/current/S1116/
ZHAK-02255-FCBB-001,megalopa,lifeStage,https://vocab.nerc.ac.uk/collection/P01/current/LSTAGE01/,,,ZHAK-02255-FCBB-001-411-lifeStage,ZHAK-02255-FCBB-001-411,Morphology,https://vocab.nerc.ac.uk/collection/S11/current/S1167/
ZHAK-02256-FCBB-001,adult,lifeStage,https://vocab.nerc.ac.uk/collection/P01/current/LSTAGE01/,,,ZHAK-02256-FCBB-001-412-lifeStage,ZHAK-02256-FCBB-001-412,BOLD ID Engine,https://vocab.nerc.ac.uk/collection/S11/current/S1116/
ZHAK-02257-FCBB-001,adult,lifeStage,https://vocab.nerc.ac.uk/collection/P01/current/LSTAGE01/,,,ZHAK-02257-FCBB-001-413-lifeStage,ZHAK-02257-FCBB-001-413,BOLD ID Engine,https://vocab.nerc.ac.uk/collection/S11/current/S1116/
ZHAK-02258-FCBB-001,adult,lifeStage,https://vocab.nerc.ac.uk/collection/P01/current/LSTAGE01/,,,ZHAK-02258-FCBB-001-414-lifeStage,ZHAK-02258-FCBB-001-414,Morphology,https://vocab.nerc.ac.uk/collection/S11/current/S1116/
ZHAK-02259-FCBB-001,adult,lifeStage,https://vocab.nerc.ac.uk/collection/P01/current/LSTAGE01/,,,ZHAK-02259-FCBB-001-415-lifeStage,ZHAK-02259-FCBB-001-415,BOLD ID Engine,https://vocab.nerc.ac.uk/collection/S11/current/S1116/
ZHAK-02260-FCBB-001,adult,lifeStage,https://vocab.nerc.ac.uk/collection/P01/current/LSTAGE01/,,,ZHAK-02260-FCBB-001-416-lifeStage,ZHAK-02260-FCBB-001-416,BOLD ID Engine,https://vocab.nerc.ac.uk/collection/S11/current/S1116/
ZHAK-02261-FCBB-001,adult,lifeStage,https://vocab.nerc.ac.uk/collection/P01/current/LSTAGE01/,,,ZHAK-02261-FCBB-001-417-lifeStage,ZHAK-02261-FCBB-001-417,BOLD ID Engine,https://vocab.nerc.ac.uk/collection/S11/current/S1116/
ZHAK-02262-FCBB-001,adult,lifeStage,https://vocab.nerc.ac.uk/collection/P01/current/LSTAGE01/,,,ZHAK-02262-FCBB-001-418-lifeStage,ZHAK-02262-FCBB-001-418,BOLD ID Engine,https://vocab.nerc.ac.uk/collection/S11/current/S1116/
ZHAK-02263-FCBB-001,adult,lifeStage,https://vocab.nerc.ac.uk/collection/P01/current/LSTAGE01/,,,ZHAK-02263-FCBB-001-419-lifeStage,ZHAK-02263-FCBB-001-419,BOLD ID Engine,https://vocab.nerc.ac.uk/collection/S11/current/S1116/
ZHAK-02264-FCBB-001,megalopa,lifeStage,https://vocab.nerc.ac.uk/collection/P01/current/LSTAGE01/,,,ZHAK-02264-FCBB-001-420-lifeStage,ZHAK-02264-FCBB-001-420,Morphology,https://vocab.nerc.ac.uk/collection/S11/current/S1167/
ZHAK-02265-FCBB-001,adult,lifeStage,https://vocab.nerc.ac.uk/collection/P01/current/LSTAGE01/,,,ZHAK-02265-FCBB-001-421-lifeStage,ZHAK-02265-FCBB-001-421,BOLD ID Engine,https://vocab.nerc.ac.uk/collection/S11/current/S1116/
ZHAK-02266-FCBB-001,adult,lifeStage,https://vocab.nerc.ac.uk/collection/P01/current/LSTAGE01/,,,ZHAK-02266-FCBB-001-422-lifeStage,ZHAK-02266-FCBB-001-422,Morphology,https://vocab.nerc.ac.uk/collection/S11/current/S1116/
ZHAK-02267-FCBB-001,adult,lifeStage,https://vocab.nerc.ac.uk/collection/P01/current/LSTAGE01/,,,ZHAK-02267-FCBB-001-423-lifeStage,ZHAK-02267-FCBB-001-423,BOLD ID Engine,https://vocab.nerc.ac.uk/collection/S11/current/S1116/
ZHAK-02268-FCBB-001,adult,lifeStage,https://vocab.nerc.ac.uk/collection/P01/current/LSTAGE01/,,,ZHAK-02268-FCBB-001-424-lifeStage,ZHAK-02268-FCBB-001-424,Morphology,https://vocab.nerc.ac.uk/collection/S11/current/S1116/
ZHAK-02269-FCBB-001,nauplius,lifeStage,https://vocab.nerc.ac.uk/collection/P01/current/LSTAGE01/,,,ZHAK-02269-FCBB-001-425-lifeStage,ZHAK-02269-FCBB-001-425,Morphology,https://vocab.nerc.ac.uk/collection/S11/current/S1130/
ZHAK-02270-FCBB-001,adult,lifeStage,https://vocab.nerc.ac.uk/collection/P01/current/LSTAGE01/,,,ZHAK-02270-FCBB-001-426-lifeStage,ZHAK-02270-FCBB-001-426,BOLD ID Engine,https://vocab.nerc.ac.uk/collection/S11/current/S1116/
ZHAK-02271-FCBB-001,adult,lifeStage,https://vocab.nerc.ac.uk/collection/P01/current/LSTAGE01/,,,ZHAK-02271-FCBB-001-427-lifeStage,ZHAK-02271-FCBB-001-427,BOLD ID Engine,https://vocab.nerc.ac.uk/collection/S11/current/S1116/
ZHAK-02272-FCBB-001,adult,lifeStage,https://vocab.nerc.ac.uk/collection/P01/current/LSTAGE01/,,,ZHAK-02272-FCBB-001-428-lifeStage,ZHAK-02272-FCBB-001-428,BOLD ID Engine,https://vocab.nerc.ac.uk/collection/S11/current/S1116/
ZHAK-02273-FCBB-001,megalopa,lifeStage,https://vocab.nerc.ac.uk/collection/P01/current/LSTAGE01/,,,ZHAK-02273-FCBB-001-429-lifeStage,ZHAK-02273-FCBB-001-429,Morphology,https://vocab.nerc.ac.uk/collection/S11/current/S1167/
ZHAK-02274-FCBB-001,adult,lifeStage,https://vocab.nerc.ac.uk/collection/P01/current/LSTAGE01/,,,ZHAK-02274-FCBB-001-430-lifeStage,ZHAK-02274-FCBB-001-430,BOLD ID Engine,https://vocab.nerc.ac.uk/collection/S11/current/S1116/
ZHAK-02275-FCBB-001,adult,lifeStage,https://vocab.nerc.ac.uk/collection/P01/current/LSTAGE01/,,,ZHAK-02275-FCBB-001-431-lifeStage,ZHAK-02275-FCBB-001-431,BOLD ID Engine,https://vocab.nerc.ac.uk/collection/S11/current/S1116/
ZHAK-02276-FCBB-001,adult,lifeStage,https://vocab.nerc.ac.uk/collection/P01/current/LSTAGE01/,,,ZHAK-02276-FCBB-001-432-lifeStage,ZHAK-02276-FCBB-001-432,BOLD ID Engine,https://vocab.nerc.ac.uk/collection/S11/current/S1116/
ZHAK-02277-FCBB-001,adult,lifeStage,https://vocab.nerc.ac.uk/collection/P01/current/LSTAGE01/,,,ZHAK-02277-FCBB-001-433-lifeStage,ZHAK-02277-FCBB-001-433,Morphology,https://vocab.nerc.ac.uk/collection/S11/current/S1116/
ZHAK-02278-FCBB-001,adult,lifeStage,https://vocab.nerc.ac.uk/collection/P01/current/LSTAGE01/,,,ZHAK-02278-FCBB-001-434-lifeStage,ZHAK-02278-FCBB-001-434,BOLD ID Engine,https://vocab.nerc.ac.uk/collection/S11/current/S1116/
ZHAK-02279-FCBB-001,adult,lifeStage,https://vocab.nerc.ac.uk/collection/P01/current/LSTAGE01/,,,ZHAK-02279-FCBB-001-435-lifeStage,ZHAK-02279-FCBB-001-435,BOLD ID Engine,https://vocab.nerc.ac.uk/collection/S11/current/S1116/
ZHAK-02280-FCBB-001,adult,lifeStage,https://vocab.nerc.ac.uk/collection/P01/current/LSTAGE01/,,,ZHAK-02280-FCBB-001-436-lifeStage,ZHAK-02280-FCBB-001-436,Morphology,https://vocab.nerc.ac.uk/collection/S11/current/S1116/
ZHAK-02281-FCBB-001,adult,lifeStage,https://vocab.nerc.ac.uk/collection/P01/current/LSTAGE01/,,,ZHAK-02281-FCBB-001-437-lifeStage,ZHAK-02281-FCBB-001-437,BOLD ID Engine,https://vocab.nerc.ac.uk/collection/S11/current/S1116/
ZHAK-02282-FCBB-001,adult,lifeStage,https://vocab.nerc.ac.uk/collection/P01/current/LSTAGE01/,,,ZHAK-02282-FCBB-001-438-lifeStage,ZHAK-02282-FCBB-001-438,Morphology,https://vocab.nerc.ac.uk/collection/S11/current/S1116/
ZHAK-02283-FCBB-001,adult,lifeStage,https://vocab.nerc.ac.uk/collection/P01/current/LSTAGE01/,,,ZHAK-02283-FCBB-001-439-lifeStage,ZHAK-02283-FCBB-001-439,Morphology,https://vocab.nerc.ac.uk/collection/S11/current/S1116/
ZHAK-02284-FCBB-001,zoea,lifeStage,https://vocab.nerc.ac.uk/collection/P01/current/LSTAGE01/,,,ZHAK-02284-FCBB-001-440-lifeStage,ZHAK-02284-FCBB-001-440,BOLD ID Engine,https://vocab.nerc.ac.uk/collection/S11/current/S1137/
ZHAK-02285-FCBB-001,zoea,lifeStage,https://vocab.nerc.ac.uk/collection/P01/current/LSTAGE01/,,,ZHAK-02285-FCBB-001-441-lifeStage,ZHAK-02285-FCBB-001-441,BOLD ID Engine,https://vocab.nerc.ac.uk/collection/S11/current/S1137/
ZHAK-02286-FCBB-001,zoea,lifeStage,https://vocab.nerc.ac.uk/collection/P01/current/LSTAGE01/,,,ZHAK-02286-FCBB-001-442-lifeStage,ZHAK-02286-FCBB-001-442,BOLD ID Engine,https://vocab.nerc.ac.uk/collection/S11/current/S1137/
ZHAK-02287-FCBB-001,zoea,lifeStage,https://vocab.nerc.ac.uk/collection/P01/current/LSTAGE01/,,,ZHAK-02287-FCBB-001-443-lifeStage,ZHAK-02287-FCBB-001-443,BOLD ID Engine,https://vocab.nerc.ac.uk/collection/S11/current/S1137/
ZHAK-02288-FCBB-001,zoea,lifeStage,https://vocab.nerc.ac.uk/collection/P01/current/LSTAGE01/,,,ZHAK-02288-FCBB-001-444-lifeStage,ZHAK-02288-FCBB-001-444,Morphology,https://vocab.nerc.ac.uk/collection/S11/current/S1137/
ZHAK-02289-FCBB-001,adult,lifeStage,https://vocab.nerc.ac.uk/collection/P01/current/LSTAGE01/,,,ZHAK-02289-FCBB-001-445-lifeStage,ZHAK-02289-FCBB-001-445,BOLD ID Engine,https://vocab.nerc.ac.uk/collection/S11/current/S1116/
ZHAK-02290-FCBB-001,adult,lifeStage,https://vocab.nerc.ac.uk/collection/P01/current/LSTAGE01/,,,ZHAK-02290-FCBB-001-446-lifeStage,ZHAK-02290-FCBB-001-446,BOLD ID Engine,https://vocab.nerc.ac.uk/collection/S11/current/S1116/
ZHAK-02291-FCBB-001,adult,lifeStage,https://vocab.nerc.ac.uk/collection/P01/current/LSTAGE01/,,,ZHAK-02291-FCBB-001-447-lifeStage,ZHAK-02291-FCBB-001-447,BOLD ID Engine,https://vocab.nerc.ac.uk/collection/S11/current/S1116/
ZHAK-02292-FCBB-001,adult,lifeStage,https://vocab.nerc.ac.uk/collection/P01/current/LSTAGE01/,,,ZHAK-02292-FCBB-001-448-lifeStage,ZHAK-02292-FCBB-001-448,BOLD ID Engine,https://vocab.nerc.ac.uk/collection/S11/current/S1116/
ZHAK-02293-FCBB-001,nauplius,lifeStage,https://vocab.nerc.ac.uk/collection/P01/current/LSTAGE01/,,,ZHAK-02293-FCBB-001-449-lifeStage,ZHAK-02293-FCBB-001-449,BOLD ID Engine,https://vocab.nerc.ac.uk/collection/S11/current/S1130/
ZHAK-02294-FCBB-001,adult,lifeStage,https://vocab.nerc.ac.uk/collection/P01/current/LSTAGE01/,,,ZHAK-02294-FCBB-001-450-lifeStage,ZHAK-02294-FCBB-001-450,Morphology,https://vocab.nerc.ac.uk/collection/S11/current/S1116/
ZHAK-02295-FCBB-001,adult,lifeStage,https://vocab.nerc.ac.uk/collection/P01/current/LSTAGE01/,,,ZHAK-02295-FCBB-001-451-lifeStage,ZHAK-02295-FCBB-001-451,BOLD ID Engine,https://vocab.nerc.ac.uk/collection/S11/current/S1116/
ZHAK-02296-FCBB-001,adult,lifeStage,https://vocab.nerc.ac.uk/collection/P01/current/LSTAGE01/,,,ZHAK-02296-FCBB-001-452-lifeStage,ZHAK-02296-FCBB-001-452,BOLD ID Engine,https://vocab.nerc.ac.uk/collection/S11/current/S1116/
ZHAK-02297-FCBB-001,adult,lifeStage,https://vocab.nerc.ac.uk/collection/P01/current/LSTAGE01/,,,ZHAK-02297-FCBB-001-453-lifeStage,ZHAK-02297-FCBB-001-453,BOLD ID Engine,https://vocab.nerc.ac.uk/collection/S11/current/S1116/
ZHAK-02298-FCBB-001,adult,lifeStage,https://vocab.nerc.ac.uk/collection/P01/current/LSTAGE01/,,,ZHAK-02298-FCBB-001-454-lifeStage,ZHAK-02298-FCBB-001-454,BOLD ID Engine,https://vocab.nerc.ac.uk/collection/S11/current/S1116/
ZHAK-02299-FCBB-001,adult,lifeStage,https://vocab.nerc.ac.uk/collection/P01/current/LSTAGE01/,,,ZHAK-02299-FCBB-001-455-lifeStage,ZHAK-02299-FCBB-001-455,Morphology,https://vocab.nerc.ac.uk/collection/S11/current/S1116/
ZHAK-02300-FCBB-001,adult,lifeStage,https://vocab.nerc.ac.uk/collection/P01/current/LSTAGE01/,,,ZHAK-02300-FCBB-001-456-lifeStage,ZHAK-02300-FCBB-001-456,Morphology,https://vocab.nerc.ac.uk/collection/S11/current/S1116/
ZHAK-02301-FCBB-001,adult,lifeStage,https://vocab.nerc.ac.uk/collection/P01/current/LSTAGE01/,,,ZHAK-02301-FCBB-001-457-lifeStage,ZHAK-02301-FCBB-001-457,BOLD ID Engine,https://vocab.nerc.ac.uk/collection/S11/current/S1116/
ZHAK-02302-FCBB-001,adult,lifeStage,https://vocab.nerc.ac.uk/collection/P01/current/LSTAGE01/,,,ZHAK-02302-FCBB-001-458-lifeStage,ZHAK-02302-FCBB-001-458,Morphology,https://vocab.nerc.ac.uk/collection/S11/current/S1116/
ZHAK-02303-FCBB-001,adult,lifeStage,https://vocab.nerc.ac.uk/collection/P01/current/LSTAGE01/,,,ZHAK-02303-FCBB-001-459-lifeStage,ZHAK-02303-FCBB-001-459,BOLD ID Engine,https://vocab.nerc.ac.uk/collection/S11/current/S1116/
ZHAK-02304-FCBB-001,adult,lifeStage,https://vocab.nerc.ac.uk/collection/P01/current/LSTAGE01/,,,ZHAK-02304-FCBB-001-460-lifeStage,ZHAK-02304-FCBB-001-460,Morphology,https://vocab.nerc.ac.uk/collection/S11/current/S1116/
ZHAK-02305-FCBB-001,adult,lifeStage,https://vocab.nerc.ac.uk/collection/P01/current/LSTAGE01/,,,ZHAK-02305-FCBB-001-461-lifeStage,ZHAK-02305-FCBB-001-461,Morphology,https://vocab.nerc.ac.uk/collection/S11/current/S1116/
ZHAK-02306-FCBB-001,adult,lifeStage,https://vocab.nerc.ac.uk/collection/P01/current/LSTAGE01/,,,ZHAK-02306-FCBB-001-462-lifeStage,ZHAK-02306-FCBB-001-462,Morphology,https://vocab.nerc.ac.uk/collection/S11/current/S1116/
ZHAK-02520-FCBB-001,adult,lifeStage,https://vocab.nerc.ac.uk/collection/P01/current/LSTAGE01/,,,ZHAK-02520-FCBB-001-463-lifeStage,ZHAK-02520-FCBB-001-463,BOLD ID Engine,https://vocab.nerc.ac.uk/collection/S11/current/S1116/
ZHAK-02521-FCBB-001,larva,lifeStage,https://vocab.nerc.ac.uk/collection/P01/current/LSTAGE01/,,,ZHAK-02521-FCBB-001-464-lifeStage,ZHAK-02521-FCBB-001-464,Morphology,https://vocab.nerc.ac.uk/collection/S11/current/S1128/
ZHAK-02522-FCBB-001,larva,lifeStage,https://vocab.nerc.ac.uk/collection/P01/current/LSTAGE01/,,,ZHAK-02522-FCBB-001-465-lifeStage,ZHAK-02522-FCBB-001-465,Morphology,https://vocab.nerc.ac.uk/collection/S11/current/S1128/
ZHAK-02523-FCBB-001,larva,lifeStage,https://vocab.nerc.ac.uk/collection/P01/current/LSTAGE01/,,,ZHAK-02523-FCBB-001-466-lifeStage,ZHAK-02523-FCBB-001-466,Morphology,https://vocab.nerc.ac.uk/collection/S11/current/S1128/
ZHAK-02524-FCBB-001,larva,lifeStage,https://vocab.nerc.ac.uk/collection/P01/current/LSTAGE01/,,,ZHAK-02524-FCBB-001-467-lifeStage,ZHAK-02524-FCBB-001-467,BOLD ID Engine,https://vocab.nerc.ac.uk/collection/S11/current/S1128/
ZHAK-02525-FCBB-001,larva,lifeStage,https://vocab.nerc.ac.uk/collection/P01/current/LSTAGE01/,,,ZHAK-02525-FCBB-001-468-lifeStage,ZHAK-02525-FCBB-001-468,Morphology,https://vocab.nerc.ac.uk/collection/S11/current/S1128/
ZHAK-02526-FCBB-001,larva,lifeStage,https://vocab.nerc.ac.uk/collection/P01/current/LSTAGE01/,,,ZHAK-02526-FCBB-001-469-lifeStage,ZHAK-02526-FCBB-001-469,Morphology,https://vocab.nerc.ac.uk/collection/S11/current/S1128/
ZHAK-02527-FCBB-001,larva,lifeStage,https://vocab.nerc.ac.uk/collection/P01/current/LSTAGE01/,,,ZHAK-02527-FCBB-001-470-lifeStage,ZHAK-02527-FCBB-001-470,Morphology,https://vocab.nerc.ac.uk/collection/S11/current/S1128/
ZHAK-02330-FCBB-001,adult,lifeStage,https://vocab.nerc.ac.uk/collection/P01/current/LSTAGE01/,,,ZHAK-02330-FCBB-001-471-lifeStage,ZHAK-02330-FCBB-001-471,Morphology,https://vocab.nerc.ac.uk/collection/S11/current/S1116/
ZHAK-02331-FCBB-001,adult,lifeStage,https://vocab.nerc.ac.uk/collection/P01/current/LSTAGE01/,,,ZHAK-02331-FCBB-001-472-lifeStage,ZHAK-02331-FCBB-001-472,Morphology,https://vocab.nerc.ac.uk/collection/S11/current/S1116/
ZHAK-02332-FCBB-001,adult,lifeStage,https://vocab.nerc.ac.uk/collection/P01/current/LSTAGE01/,,,ZHAK-02332-FCBB-001-473-lifeStage,ZHAK-02332-FCBB-001-473,Morphology,https://vocab.nerc.ac.uk/collection/S11/current/S1116/
ZHAK-02333-FCBB-001,metatrocophore,lifeStage,https://vocab.nerc.ac.uk/collection/P01/current/LSTAGE01/,,,ZHAK-02333-FCBB-001-474-lifeStage,ZHAK-02333-FCBB-001-474,Morphology,
ZHAK-02334-FCBB-001,metatrocophore,lifeStage,https://vocab.nerc.ac.uk/collection/P01/current/LSTAGE01/,,,ZHAK-02334-FCBB-001-475-lifeStage,ZHAK-02334-FCBB-001-475,Morphology,
ZHAK-02335-FCBB-001,metatrocophore,lifeStage,https://vocab.nerc.ac.uk/collection/P01/current/LSTAGE01/,,,ZHAK-02335-FCBB-001-476-lifeStage,ZHAK-02335-FCBB-001-476,Morphology,
ZHAK-02336-FCBB-001,metatrocophore,lifeStage,https://vocab.nerc.ac.uk/collection/P01/current/LSTAGE01/,,,ZHAK-02336-FCBB-001-477-lifeStage,ZHAK-02336-FCBB-001-477,Morphology,
ZHAK-02337-FCBB-001,metatrocophore,lifeStage,https://vocab.nerc.ac.uk/collection/P01/current/LSTAGE01/,,,ZHAK-02337-FCBB-001-478-lifeStage,ZHAK-02337-FCBB-001-478,Morphology,
ZHAK-02338-FCBB-001,metatrocophore,lifeStage,https://vocab.nerc.ac.uk/collection/P01/current/LSTAGE01/,,,ZHAK-02338-FCBB-001-479-lifeStage,ZHAK-02338-FCBB-001-479,Morphology,
ZHAK-02339-FCBB-001,metatrocophore,lifeStage,https://vocab.nerc.ac.uk/collection/P01/current/LSTAGE01/,,,ZHAK-02339-FCBB-001-480-lifeStage,ZHAK-02339-FCBB-001-480,BOLD ID Engine,
ZHAK-02340-FCBB-001,metatrocophore,lifeStage,https://vocab.nerc.ac.uk/collection/P01/current/LSTAGE01/,,,ZHAK-02340-FCBB-001-481-lifeStage,ZHAK-02340-FCBB-001-481,Morphology,
ZHAK-02341-FCBB-001,metatrocophore,lifeStage,https://vocab.nerc.ac.uk/collection/P01/current/LSTAGE01/,,,ZHAK-02341-FCBB-001-482-lifeStage,ZHAK-02341-FCBB-001-482,Morphology,
ZHAK-02342-FCBB-001,metatrocophore,lifeStage,https://vocab.nerc.ac.uk/collection/P01/current/LSTAGE01/,,,ZHAK-02342-FCBB-001-483-lifeStage,ZHAK-02342-FCBB-001-483,Morphology,
ZHAK-02343-FCBB-001,metatrocophore,lifeStage,https://vocab.nerc.ac.uk/collection/P01/current/LSTAGE01/,,,ZHAK-02343-FCBB-001-484-lifeStage,ZHAK-02343-FCBB-001-484,Morphology,
ZHAK-02344-FCBB-001,metatrocophore,lifeStage,https://vocab.nerc.ac.uk/collection/P01/current/LSTAGE01/,,,ZHAK-02344-FCBB-001-485-lifeStage,ZHAK-02344-FCBB-001-485,Morphology,
ZHAK-02345-FCBB-001,metatrocophore,lifeStage,https://vocab.nerc.ac.uk/collection/P01/current/LSTAGE01/,,,ZHAK-02345-FCBB-001-486-lifeStage,ZHAK-02345-FCBB-001-486,Morphology,
ZHAK-02346-FCBB-001,metatrocophore,lifeStage,https://vocab.nerc.ac.uk/collection/P01/current/LSTAGE01/,,,ZHAK-02346-FCBB-001-487-lifeStage,ZHAK-02346-FCBB-001-487,Morphology,
ZHAK-02347-FCBB-001,metatrocophore,lifeStage,https://vocab.nerc.ac.uk/collection/P01/current/LSTAGE01/,,,ZHAK-02347-FCBB-001-488-lifeStage,ZHAK-02347-FCBB-001-488,Morphology,
ZHAK-02348-FCBB-001,metatrocophore,lifeStage,https://vocab.nerc.ac.uk/collection/P01/current/LSTAGE01/,,,ZHAK-02348-FCBB-001-489-lifeStage,ZHAK-02348-FCBB-001-489,Morphology,
ZHAK-02349-FCBB-001,metatrocophore,lifeStage,https://vocab.nerc.ac.uk/collection/P01/current/LSTAGE01/,,,ZHAK-02349-FCBB-001-490-lifeStage,ZHAK-02349-FCBB-001-490,Morphology,
ZHAK-02350-FCBB-001,metatrocophore,lifeStage,https://vocab.nerc.ac.uk/collection/P01/current/LSTAGE01/,,,ZHAK-02350-FCBB-001-491-lifeStage,ZHAK-02350-FCBB-001-491,Morphology,
ZHAK-02351-FCBB-001,metatrocophore,lifeStage,https://vocab.nerc.ac.uk/collection/P01/current/LSTAGE01/,,,ZHAK-02351-FCBB-001-492-lifeStage,ZHAK-02351-FCBB-001-492,Morphology,
ZHAK-02352-FCBB-001,metatrocophore,lifeStage,https://vocab.nerc.ac.uk/collection/P01/current/LSTAGE01/,,,ZHAK-02352-FCBB-001-493-lifeStage,ZHAK-02352-FCBB-001-493,Morphology,
ZHAK-03002-FCBB-001,adult,lifeStage,https://vocab.nerc.ac.uk/collection/P01/current/LSTAGE01/,,,ZHAK-03002-FCBB-001-501-lifeStage,ZHAK-03002-FCBB-001-501,Morphology,https://vocab.nerc.ac.uk/collection/S11/current/S1116/
ZHAK-03003-FCBB-001,adult,lifeStage,https://vocab.nerc.ac.uk/collection/P01/current/LSTAGE01/,,,ZHAK-03003-FCBB-001-502-lifeStage,ZHAK-03003-FCBB-001-502,Morphology,https://vocab.nerc.ac.uk/collection/S11/current/S1116/
ZHAK-03004-FCBB-001,adult,lifeStage,https://vocab.nerc.ac.uk/collection/P01/current/LSTAGE01/,,,ZHAK-03004-FCBB-001-503-lifeStage,ZHAK-03004-FCBB-001-503,Morphology,https://vocab.nerc.ac.uk/collection/S11/current/S1116/
ZHAK-03005-FCBB-001,medusa,lifeStage,https://vocab.nerc.ac.uk/collection/P01/current/LSTAGE01/,,,ZHAK-03005-FCBB-001-504-lifeStage,ZHAK-03005-FCBB-001-504,Morphology,https://vocab.nerc.ac.uk/collection/S11/current/S1129/
ZHAK-03006-FCBB-001,adult,lifeStage,https://vocab.nerc.ac.uk/collection/P01/current/LSTAGE01/,,,ZHAK-03006-FCBB-001-505-lifeStage,ZHAK-03006-FCBB-001-505,Morphology,https://vocab.nerc.ac.uk/collection/S11/current/S1116/
ZHAK-03007-FCBB-001,adult,lifeStage,https://vocab.nerc.ac.uk/collection/P01/current/LSTAGE01/,,,ZHAK-03007-FCBB-001-506-lifeStage,ZHAK-03007-FCBB-001-506,Morphology,https://vocab.nerc.ac.uk/collection/S11/current/S1116/
ZHAK-03008-FCBB-001,adult,lifeStage,https://vocab.nerc.ac.uk/collection/P01/current/LSTAGE01/,,,ZHAK-03008-FCBB-001-507-lifeStage,ZHAK-03008-FCBB-001-507,Morphology,https://vocab.nerc.ac.uk/collection/S11/current/S1116/
ZHAK-03009-FCBB-001,adult,lifeStage,https://vocab.nerc.ac.uk/collection/P01/current/LSTAGE01/,,,ZHAK-03009-FCBB-001-508-lifeStage,ZHAK-03009-FCBB-001-508,Morphology,https://vocab.nerc.ac.uk/collection/S11/current/S1116/
ZHAK-03010-FCBB-001,adult,lifeStage,https://vocab.nerc.ac.uk/collection/P01/current/LSTAGE01/,,,ZHAK-03010-FCBB-001-509-lifeStage,ZHAK-03010-FCBB-001-509,Morphology,https://vocab.nerc.ac.uk/collection/S11/current/S1116/
ZHAK-03011-FCBB-001,adult,lifeStage,https://vocab.nerc.ac.uk/collection/P01/current/LSTAGE01/,,,ZHAK-03011-FCBB-001-510-lifeStage,ZHAK-03011-FCBB-001-510,Morphology,https://vocab.nerc.ac.uk/collection/S11/current/S1116/
ZHAK-03012-FCBB-001,larva,lifeStage,https://vocab.nerc.ac.uk/collection/P01/current/LSTAGE01/,,,ZHAK-03012-FCBB-001-511-lifeStage,ZHAK-03012-FCBB-001-511,Morphology,https://vocab.nerc.ac.uk/collection/S11/current/S1128/
ZHAK-03013-FCBB-001,larva,lifeStage,https://vocab.nerc.ac.uk/collection/P01/current/LSTAGE01/,,,ZHAK-03013-FCBB-001-512-lifeStage,ZHAK-03013-FCBB-001-512,Morphology,https://vocab.nerc.ac.uk/collection/S11/current/S1128/
ZHAK-03014-FCBB-001,adult,lifeStage,https://vocab.nerc.ac.uk/collection/P01/current/LSTAGE01/,,,ZHAK-03014-FCBB-001-513-lifeStage,ZHAK-03014-FCBB-001-513,Morphology,https://vocab.nerc.ac.uk/collection/S11/current/S1116/
