materialSampleID,samplingProtocol,identificationRemarks,associatedSequences,sop,target_gene,target_subfragment,sample_vol_we_dna_ext,samp_collec_method,pcr_primer_forward,pcr_primer_reverse,pcr_primer_name_forward,pcr_primer_name_reverse,pcr_primer_reference,env_broad_scale,env_local_scale,env_medium,lib_layout,seq_meth,otu_class_appr,otu_seq_comp_appr,otu_db
FC_002,Seawater was collected using a Niskin bottle; For each sample ~1L of seawater was passed through 0.22um sterivex filter,BLAST annotation (0.96) against NCBI nr database,http://www.ncbi.nlm.nih.gov/bioproject/1049344,dx.doi.org/10.17504/protocols.io.eq2lywxwpvx9/v1,12S rRNA,MiFish-U,950,Niskin bottle,GTCGGTAAAACTCGTGCCAGC,GTTTGACCCTAATCTATGGGGTGATAC,MiFish-U-F,MiFish-U-R,Miya et al. 2015; https://doi.org/10.1098/rsos.150088,ocean biom [ENVO:01000048],coastal sea water [ENVO: 00002150],coastal sea water [ENVO: 00002150],paired,Illumina MiSeq,dada2; ASV,BLAST; 96% identity; MEGAN,Genbank nr
FC_003,Seawater was collected using a Niskin bottle; For each sample ~1L of seawater was passed through 0.22um sterivex filter,BLAST annotation (0.96) against NCBI nr database,http://www.ncbi.nlm.nih.gov/bioproject/1049344,dx.doi.org/10.17504/protocols.io.eq2lywxwpvx9/v1,12S rRNA,MiFish-U,,Niskin bottle,GTCGGTAAAACTCGTGCCAGC,GTTTGACCCTAATCTATGGGGTGATAC,MiFish-U-F,MiFish-U-R,Miya et al. 2015; https://doi.org/10.1098/rsos.150088,ocean biom [ENVO:01000048],coastal sea water [ENVO: 00002150],coastal sea water [ENVO: 00002150],paired,Illumina MiSeq,dada2; ASV,BLAST; 96% identity; MEGAN,Genbank nr
FC_004,Seawater was collected using a Niskin bottle; For each sample ~1L of seawater was passed through 0.22um sterivex filter,BLAST annotation (0.96) against NCBI nr database,http://www.ncbi.nlm.nih.gov/bioproject/1049344,dx.doi.org/10.17504/protocols.io.eq2lywxwpvx9/v1,12S rRNA,MiFish-U,975,Niskin bottle,GTCGGTAAAACTCGTGCCAGC,GTTTGACCCTAATCTATGGGGTGATAC,MiFish-U-F,MiFish-U-R,Miya et al. 2015; https://doi.org/10.1098/rsos.150088,ocean biom [ENVO:01000048],coastal sea water [ENVO: 00002150],coastal sea water [ENVO: 00002150],paired,Illumina MiSeq,dada2; ASV,BLAST; 96% identity; MEGAN,Genbank nr
FC_005,Seawater was collected using a Niskin bottle; For each sample ~1L of seawater was passed through 0.22um sterivex filter,BLAST annotation (0.96) against NCBI nr database,http://www.ncbi.nlm.nih.gov/bioproject/1049344,dx.doi.org/10.17504/protocols.io.eq2lywxwpvx9/v1,12S rRNA,MiFish-U,950,Niskin bottle,GTCGGTAAAACTCGTGCCAGC,GTTTGACCCTAATCTATGGGGTGATAC,MiFish-U-F,MiFish-U-R,Miya et al. 2015; https://doi.org/10.1098/rsos.150088,ocean biom [ENVO:01000048],coastal sea water [ENVO: 00002150],coastal sea water [ENVO: 00002150],paired,Illumina MiSeq,dada2; ASV,BLAST; 96% identity; MEGAN,Genbank nr
FC_006,Seawater was collected using a Niskin bottle; For each sample ~1L of seawater was passed through 0.22um sterivex filter,BLAST annotation (0.96) against NCBI nr database,http://www.ncbi.nlm.nih.gov/bioproject/1049344,dx.doi.org/10.17504/protocols.io.eq2lywxwpvx9/v1,12S rRNA,MiFish-U,950,Niskin bottle,GTCGGTAAAACTCGTGCCAGC,GTTTGACCCTAATCTATGGGGTGATAC,MiFish-U-F,MiFish-U-R,Miya et al. 2015; https://doi.org/10.1098/rsos.150088,ocean biom [ENVO:01000048],coastal sea water [ENVO: 00002150],coastal sea water [ENVO: 00002150],paired,Illumina MiSeq,dada2; ASV,BLAST; 96% identity; MEGAN,Genbank nr
FC_007,Seawater was collected using a Niskin bottle; For each sample ~1L of seawater was passed through 0.22um sterivex filter,BLAST annotation (0.96) against NCBI nr database,http://www.ncbi.nlm.nih.gov/bioproject/1049344,dx.doi.org/10.17504/protocols.io.eq2lywxwpvx9/v1,12S rRNA,MiFish-U,975,Niskin bottle,GTCGGTAAAACTCGTGCCAGC,GTTTGACCCTAATCTATGGGGTGATAC,MiFish-U-F,MiFish-U-R,Miya et al. 2015; https://doi.org/10.1098/rsos.150088,ocean biom [ENVO:01000048],coastal sea water [ENVO: 00002150],coastal sea water [ENVO: 00002150],paired,Illumina MiSeq,dada2; ASV,BLAST; 96% identity; MEGAN,Genbank nr
FC_008,Seawater was collected using a Niskin bottle; For each sample ~1L of seawater was passed through 0.22um sterivex filter,BLAST annotation (0.96) against NCBI nr database,http://www.ncbi.nlm.nih.gov/bioproject/1049344,dx.doi.org/10.17504/protocols.io.eq2lywxwpvx9/v1,12S rRNA,MiFish-U,940,Niskin bottle,GTCGGTAAAACTCGTGCCAGC,GTTTGACCCTAATCTATGGGGTGATAC,MiFish-U-F,MiFish-U-R,Miya et al. 2015; https://doi.org/10.1098/rsos.150088,ocean biom [ENVO:01000048],coastal sea water [ENVO: 00002150],coastal sea water [ENVO: 00002150],paired,Illumina MiSeq,dada2; ASV,BLAST; 96% identity; MEGAN,Genbank nr
FC_009,Seawater was collected using a Niskin bottle; For each sample ~1L of seawater was passed through 0.22um sterivex filter,BLAST annotation (0.96) against NCBI nr database,http://www.ncbi.nlm.nih.gov/bioproject/1049344,dx.doi.org/10.17504/protocols.io.eq2lywxwpvx9/v1,12S rRNA,MiFish-U,960,Niskin bottle,GTCGGTAAAACTCGTGCCAGC,GTTTGACCCTAATCTATGGGGTGATAC,MiFish-U-F,MiFish-U-R,Miya et al. 2015; https://doi.org/10.1098/rsos.150088,ocean biom [ENVO:01000048],coastal sea water [ENVO: 00002150],coastal sea water [ENVO: 00002150],paired,Illumina MiSeq,dada2; ASV,BLAST; 96% identity; MEGAN,Genbank nr
FC_010,Seawater was collected using a Niskin bottle; For each sample ~1L of seawater was passed through 0.22um sterivex filter,BLAST annotation (0.96) against NCBI nr database,http://www.ncbi.nlm.nih.gov/bioproject/1049344,dx.doi.org/10.17504/protocols.io.eq2lywxwpvx9/v1,12S rRNA,MiFish-U,925,Niskin bottle,GTCGGTAAAACTCGTGCCAGC,GTTTGACCCTAATCTATGGGGTGATAC,MiFish-U-F,MiFish-U-R,Miya et al. 2015; https://doi.org/10.1098/rsos.150088,ocean biom [ENVO:01000048],coastal sea water [ENVO: 00002150],coastal sea water [ENVO: 00002150],paired,Illumina MiSeq,dada2; ASV,BLAST; 96% identity; MEGAN,Genbank nr
FC_011,Seawater was collected using a Niskin bottle; For each sample ~1L of seawater was passed through 0.22um sterivex filter,BLAST annotation (0.96) against NCBI nr database,http://www.ncbi.nlm.nih.gov/bioproject/1049344,dx.doi.org/10.17504/protocols.io.eq2lywxwpvx9/v1,12S rRNA,MiFish-U,1000,Niskin bottle,GTCGGTAAAACTCGTGCCAGC,GTTTGACCCTAATCTATGGGGTGATAC,MiFish-U-F,MiFish-U-R,Miya et al. 2015; https://doi.org/10.1098/rsos.150088,ocean biom [ENVO:01000048],coastal sea water [ENVO: 00002150],coastal sea water [ENVO: 00002150],paired,Illumina MiSeq,dada2; ASV,BLAST; 96% identity; MEGAN,Genbank nr
FC_012,Seawater was collected using a Niskin bottle; For each sample ~1L of seawater was passed through 0.22um sterivex filter,BLAST annotation (0.96) against NCBI nr database,http://www.ncbi.nlm.nih.gov/bioproject/1049344,dx.doi.org/10.17504/protocols.io.eq2lywxwpvx9/v1,12S rRNA,MiFish-U,975,Niskin bottle,GTCGGTAAAACTCGTGCCAGC,GTTTGACCCTAATCTATGGGGTGATAC,MiFish-U-F,MiFish-U-R,Miya et al. 2015; https://doi.org/10.1098/rsos.150088,ocean biom [ENVO:01000048],coastal sea water [ENVO: 00002150],coastal sea water [ENVO: 00002150],paired,Illumina MiSeq,dada2; ASV,BLAST; 96% identity; MEGAN,Genbank nr
FC_013,Seawater was collected using a Niskin bottle; For each sample ~1L of seawater was passed through 0.22um sterivex filter,BLAST annotation (0.96) against NCBI nr database,http://www.ncbi.nlm.nih.gov/bioproject/1049344,dx.doi.org/10.17504/protocols.io.eq2lywxwpvx9/v1,12S rRNA,MiFish-U,950,Niskin bottle,GTCGGTAAAACTCGTGCCAGC,GTTTGACCCTAATCTATGGGGTGATAC,MiFish-U-F,MiFish-U-R,Miya et al. 2015; https://doi.org/10.1098/rsos.150088,ocean biom [ENVO:01000048],coastal sea water [ENVO: 00002150],coastal sea water [ENVO: 00002150],paired,Illumina MiSeq,dada2; ASV,BLAST; 96% identity; MEGAN,Genbank nr
FC_014,Seawater was collected using a Niskin bottle; For each sample ~1L of seawater was passed through 0.22um sterivex filter,BLAST annotation (0.96) against NCBI nr database,http://www.ncbi.nlm.nih.gov/bioproject/1049344,dx.doi.org/10.17504/protocols.io.eq2lywxwpvx9/v1,12S rRNA,MiFish-U,1000,Niskin bottle,GTCGGTAAAACTCGTGCCAGC,GTTTGACCCTAATCTATGGGGTGATAC,MiFish-U-F,MiFish-U-R,Miya et al. 2015; https://doi.org/10.1098/rsos.150088,ocean biom [ENVO:01000048],coastal sea water [ENVO: 00002150],coastal sea water [ENVO: 00002150],paired,Illumina MiSeq,dada2; ASV,BLAST; 96% identity; MEGAN,Genbank nr
FC_015,Seawater was collected using a Niskin bottle; For each sample ~1L of seawater was passed through 0.22um sterivex filter,BLAST annotation (0.96) against NCBI nr database,http://www.ncbi.nlm.nih.gov/bioproject/1049344,dx.doi.org/10.17504/protocols.io.eq2lywxwpvx9/v1,12S rRNA,MiFish-U,900,Niskin bottle,GTCGGTAAAACTCGTGCCAGC,GTTTGACCCTAATCTATGGGGTGATAC,MiFish-U-F,MiFish-U-R,Miya et al. 2015; https://doi.org/10.1098/rsos.150088,ocean biom [ENVO:01000048],coastal sea water [ENVO: 00002150],coastal sea water [ENVO: 00002150],paired,Illumina MiSeq,dada2; ASV,BLAST; 96% identity; MEGAN,Genbank nr
FC_016,Seawater was collected using a Niskin bottle; For each sample ~1L of seawater was passed through 0.22um sterivex filter,BLAST annotation (0.96) against NCBI nr database,http://www.ncbi.nlm.nih.gov/bioproject/1049344,dx.doi.org/10.17504/protocols.io.eq2lywxwpvx9/v1,12S rRNA,MiFish-U,925,Niskin bottle,GTCGGTAAAACTCGTGCCAGC,GTTTGACCCTAATCTATGGGGTGATAC,MiFish-U-F,MiFish-U-R,Miya et al. 2015; https://doi.org/10.1098/rsos.150088,ocean biom [ENVO:01000048],coastal sea water [ENVO: 00002150],coastal sea water [ENVO: 00002150],paired,Illumina MiSeq,dada2; ASV,BLAST; 96% identity; MEGAN,Genbank nr
FC_017,Seawater was collected using a Niskin bottle; For each sample ~1L of seawater was passed through 0.22um sterivex filter,BLAST annotation (0.96) against NCBI nr database,http://www.ncbi.nlm.nih.gov/bioproject/1049344,dx.doi.org/10.17504/protocols.io.eq2lywxwpvx9/v1,12S rRNA,MiFish-U,925,Niskin bottle,GTCGGTAAAACTCGTGCCAGC,GTTTGACCCTAATCTATGGGGTGATAC,MiFish-U-F,MiFish-U-R,Miya et al. 2015; https://doi.org/10.1098/rsos.150088,ocean biom [ENVO:01000048],coastal sea water [ENVO: 00002150],coastal sea water [ENVO: 00002150],paired,Illumina MiSeq,dada2; ASV,BLAST; 96% identity; MEGAN,Genbank nr
FC_018,Seawater was collected using a Niskin bottle; For each sample ~1L of seawater was passed through 0.22um sterivex filter,BLAST annotation (0.96) against NCBI nr database,http://www.ncbi.nlm.nih.gov/bioproject/1049344,dx.doi.org/10.17504/protocols.io.eq2lywxwpvx9/v1,12S rRNA,MiFish-U,950,Niskin bottle,GTCGGTAAAACTCGTGCCAGC,GTTTGACCCTAATCTATGGGGTGATAC,MiFish-U-F,MiFish-U-R,Miya et al. 2015; https://doi.org/10.1098/rsos.150088,ocean biom [ENVO:01000048],coastal sea water [ENVO: 00002150],coastal sea water [ENVO: 00002150],paired,Illumina MiSeq,dada2; ASV,BLAST; 96% identity; MEGAN,Genbank nr
FC_019,Seawater was collected using a Niskin bottle; For each sample ~1L of seawater was passed through 0.22um sterivex filter,BLAST annotation (0.96) against NCBI nr database,http://www.ncbi.nlm.nih.gov/bioproject/1049344,dx.doi.org/10.17504/protocols.io.eq2lywxwpvx9/v1,12S rRNA,MiFish-U,950,Niskin bottle,GTCGGTAAAACTCGTGCCAGC,GTTTGACCCTAATCTATGGGGTGATAC,MiFish-U-F,MiFish-U-R,Miya et al. 2015; https://doi.org/10.1098/rsos.150088,ocean biom [ENVO:01000048],coastal sea water [ENVO: 00002150],coastal sea water [ENVO: 00002150],paired,Illumina MiSeq,dada2; ASV,BLAST; 96% identity; MEGAN,Genbank nr
FC_020,Seawater was collected using a Niskin bottle; For each sample ~1L of seawater was passed through 0.22um sterivex filter,BLAST annotation (0.96) against NCBI nr database,http://www.ncbi.nlm.nih.gov/bioproject/1049344,dx.doi.org/10.17504/protocols.io.eq2lywxwpvx9/v1,12S rRNA,MiFish-U,1010,Niskin bottle,GTCGGTAAAACTCGTGCCAGC,GTTTGACCCTAATCTATGGGGTGATAC,MiFish-U-F,MiFish-U-R,Miya et al. 2015; https://doi.org/10.1098/rsos.150088,ocean biom [ENVO:01000048],coastal sea water [ENVO: 00002150],coastal sea water [ENVO: 00002150],paired,Illumina MiSeq,dada2; ASV,BLAST; 96% identity; MEGAN,Genbank nr
FC_021,Seawater was collected using a Niskin bottle; For each sample ~1L of seawater was passed through 0.22um sterivex filter,BLAST annotation (0.96) against NCBI nr database,http://www.ncbi.nlm.nih.gov/bioproject/1049344,dx.doi.org/10.17504/protocols.io.eq2lywxwpvx9/v1,12S rRNA,MiFish-U,950,Niskin bottle,GTCGGTAAAACTCGTGCCAGC,GTTTGACCCTAATCTATGGGGTGATAC,MiFish-U-F,MiFish-U-R,Miya et al. 2015; https://doi.org/10.1098/rsos.150088,ocean biom [ENVO:01000048],coastal sea water [ENVO: 00002150],coastal sea water [ENVO: 00002150],paired,Illumina MiSeq,dada2; ASV,BLAST; 96% identity; MEGAN,Genbank nr
FC_022,Seawater was collected using a Niskin bottle; For each sample ~1L of seawater was passed through 0.22um sterivex filter,BLAST annotation (0.96) against NCBI nr database,http://www.ncbi.nlm.nih.gov/bioproject/1049344,dx.doi.org/10.17504/protocols.io.eq2lywxwpvx9/v1,12S rRNA,MiFish-U,1000,Niskin bottle,GTCGGTAAAACTCGTGCCAGC,GTTTGACCCTAATCTATGGGGTGATAC,MiFish-U-F,MiFish-U-R,Miya et al. 2015; https://doi.org/10.1098/rsos.150088,ocean biom [ENVO:01000048],coastal sea water [ENVO: 00002150],coastal sea water [ENVO: 00002150],paired,Illumina MiSeq,dada2; ASV,BLAST; 96% identity; MEGAN,Genbank nr
FC_023,Seawater was collected using a Niskin bottle; For each sample ~1L of seawater was passed through 0.22um sterivex filter,BLAST annotation (0.96) against NCBI nr database,http://www.ncbi.nlm.nih.gov/bioproject/1049344,dx.doi.org/10.17504/protocols.io.eq2lywxwpvx9/v1,12S rRNA,MiFish-U,925,Niskin bottle,GTCGGTAAAACTCGTGCCAGC,GTTTGACCCTAATCTATGGGGTGATAC,MiFish-U-F,MiFish-U-R,Miya et al. 2015; https://doi.org/10.1098/rsos.150088,ocean biom [ENVO:01000048],coastal sea water [ENVO: 00002150],coastal sea water [ENVO: 00002150],paired,Illumina MiSeq,dada2; ASV,BLAST; 96% identity; MEGAN,Genbank nr
FC_024,Seawater was collected using a Niskin bottle; For each sample ~1L of seawater was passed through 0.22um sterivex filter,BLAST annotation (0.96) against NCBI nr database,http://www.ncbi.nlm.nih.gov/bioproject/1049344,dx.doi.org/10.17504/protocols.io.eq2lywxwpvx9/v1,12S rRNA,MiFish-U,900,Niskin bottle,GTCGGTAAAACTCGTGCCAGC,GTTTGACCCTAATCTATGGGGTGATAC,MiFish-U-F,MiFish-U-R,Miya et al. 2015; https://doi.org/10.1098/rsos.150088,ocean biom [ENVO:01000048],coastal sea water [ENVO: 00002150],coastal sea water [ENVO: 00002150],paired,Illumina MiSeq,dada2; ASV,BLAST; 96% identity; MEGAN,Genbank nr
FC_025,Seawater was collected using a Niskin bottle; For each sample ~1L of seawater was passed through 0.22um sterivex filter,BLAST annotation (0.96) against NCBI nr database,http://www.ncbi.nlm.nih.gov/bioproject/1049344,dx.doi.org/10.17504/protocols.io.eq2lywxwpvx9/v1,12S rRNA,MiFish-U,,Niskin bottle,GTCGGTAAAACTCGTGCCAGC,GTTTGACCCTAATCTATGGGGTGATAC,MiFish-U-F,MiFish-U-R,Miya et al. 2015; https://doi.org/10.1098/rsos.150088,ocean biom [ENVO:01000048],coastal sea water [ENVO: 00002150],coastal sea water [ENVO: 00002150],paired,Illumina MiSeq,dada2; ASV,BLAST; 96% identity; MEGAN,Genbank nr
FC_026,Seawater was collected using a Niskin bottle; For each sample ~1L of seawater was passed through 0.22um sterivex filter,BLAST annotation (0.96) against NCBI nr database,http://www.ncbi.nlm.nih.gov/bioproject/1049344,dx.doi.org/10.17504/protocols.io.eq2lywxwpvx9/v1,12S rRNA,MiFish-U,975,Niskin bottle,GTCGGTAAAACTCGTGCCAGC,GTTTGACCCTAATCTATGGGGTGATAC,MiFish-U-F,MiFish-U-R,Miya et al. 2015; https://doi.org/10.1098/rsos.150088,ocean biom [ENVO:01000048],coastal sea water [ENVO: 00002150],coastal sea water [ENVO: 00002150],paired,Illumina MiSeq,dada2; ASV,BLAST; 96% identity; MEGAN,Genbank nr
FC_027,Seawater was collected using a Niskin bottle; For each sample ~1L of seawater was passed through 0.22um sterivex filter,BLAST annotation (0.96) against NCBI nr database,http://www.ncbi.nlm.nih.gov/bioproject/1049344,dx.doi.org/10.17504/protocols.io.eq2lywxwpvx9/v1,12S rRNA,MiFish-U,1000,Niskin bottle,GTCGGTAAAACTCGTGCCAGC,GTTTGACCCTAATCTATGGGGTGATAC,MiFish-U-F,MiFish-U-R,Miya et al. 2015; https://doi.org/10.1098/rsos.150088,ocean biom [ENVO:01000048],coastal sea water [ENVO: 00002150],coastal sea water [ENVO: 00002150],paired,Illumina MiSeq,dada2; ASV,BLAST; 96% identity; MEGAN,Genbank nr
FC_028,Seawater was collected using a Niskin bottle; For each sample ~1L of seawater was passed through 0.22um sterivex filter,BLAST annotation (0.96) against NCBI nr database,http://www.ncbi.nlm.nih.gov/bioproject/1049344,dx.doi.org/10.17504/protocols.io.eq2lywxwpvx9/v1,12S rRNA,MiFish-U,1000,Niskin bottle,GTCGGTAAAACTCGTGCCAGC,GTTTGACCCTAATCTATGGGGTGATAC,MiFish-U-F,MiFish-U-R,Miya et al. 2015; https://doi.org/10.1098/rsos.150088,ocean biom [ENVO:01000048],coastal sea water [ENVO: 00002150],coastal sea water [ENVO: 00002150],paired,Illumina MiSeq,dada2; ASV,BLAST; 96% identity; MEGAN,Genbank nr
FC_029,Seawater was collected using a Niskin bottle; For each sample ~1L of seawater was passed through 0.22um sterivex filter,BLAST annotation (0.96) against NCBI nr database,http://www.ncbi.nlm.nih.gov/bioproject/1049344,dx.doi.org/10.17504/protocols.io.eq2lywxwpvx9/v1,12S rRNA,MiFish-U,1000,Niskin bottle,GTCGGTAAAACTCGTGCCAGC,GTTTGACCCTAATCTATGGGGTGATAC,MiFish-U-F,MiFish-U-R,Miya et al. 2015; https://doi.org/10.1098/rsos.150088,ocean biom [ENVO:01000048],coastal sea water [ENVO: 00002150],coastal sea water [ENVO: 00002150],paired,Illumina MiSeq,dada2; ASV,BLAST; 96% identity; MEGAN,Genbank nr
FC_030,Seawater was collected using a Niskin bottle; For each sample ~1L of seawater was passed through 0.22um sterivex filter,BLAST annotation (0.96) against NCBI nr database,http://www.ncbi.nlm.nih.gov/bioproject/1049344,dx.doi.org/10.17504/protocols.io.eq2lywxwpvx9/v1,12S rRNA,MiFish-U,950,Niskin bottle,GTCGGTAAAACTCGTGCCAGC,GTTTGACCCTAATCTATGGGGTGATAC,MiFish-U-F,MiFish-U-R,Miya et al. 2015; https://doi.org/10.1098/rsos.150088,ocean biom [ENVO:01000048],coastal sea water [ENVO: 00002150],coastal sea water [ENVO: 00002150],paired,Illumina MiSeq,dada2; ASV,BLAST; 96% identity; MEGAN,Genbank nr
FC_031,Seawater was collected using a Niskin bottle; For each sample ~1L of seawater was passed through 0.22um sterivex filter,BLAST annotation (0.96) against NCBI nr database,http://www.ncbi.nlm.nih.gov/bioproject/1049344,dx.doi.org/10.17504/protocols.io.eq2lywxwpvx9/v1,12S rRNA,MiFish-U,950,Niskin bottle,GTCGGTAAAACTCGTGCCAGC,GTTTGACCCTAATCTATGGGGTGATAC,MiFish-U-F,MiFish-U-R,Miya et al. 2015; https://doi.org/10.1098/rsos.150088,ocean biom [ENVO:01000048],coastal sea water [ENVO: 00002150],coastal sea water [ENVO: 00002150],paired,Illumina MiSeq,dada2; ASV,BLAST; 96% identity; MEGAN,Genbank nr
FC_033,Seawater was collected using a Niskin bottle; For each sample ~1L of seawater was passed through 0.22um sterivex filter,BLAST annotation (0.96) against NCBI nr database,http://www.ncbi.nlm.nih.gov/bioproject/1049344,dx.doi.org/10.17504/protocols.io.eq2lywxwpvx9/v1,12S rRNA,MiFish-U,950,Niskin bottle,GTCGGTAAAACTCGTGCCAGC,GTTTGACCCTAATCTATGGGGTGATAC,MiFish-U-F,MiFish-U-R,Miya et al. 2015; https://doi.org/10.1098/rsos.150088,ocean biom [ENVO:01000048],coastal sea water [ENVO: 00002150],coastal sea water [ENVO: 00002150],paired,Illumina MiSeq,dada2; ASV,BLAST; 96% identity; MEGAN,Genbank nr
FC_034,Seawater was collected using a Niskin bottle; For each sample ~1L of seawater was passed through 0.22um sterivex filter,BLAST annotation (0.96) against NCBI nr database,http://www.ncbi.nlm.nih.gov/bioproject/1049344,dx.doi.org/10.17504/protocols.io.eq2lywxwpvx9/v1,12S rRNA,MiFish-U,,Niskin bottle,GTCGGTAAAACTCGTGCCAGC,GTTTGACCCTAATCTATGGGGTGATAC,MiFish-U-F,MiFish-U-R,Miya et al. 2015; https://doi.org/10.1098/rsos.150088,ocean biom [ENVO:01000048],coastal sea water [ENVO: 00002150],coastal sea water [ENVO: 00002150],paired,Illumina MiSeq,dada2; ASV,BLAST; 96% identity; MEGAN,Genbank nr
FC_035,Seawater was collected using a Niskin bottle; For each sample ~1L of seawater was passed through 0.22um sterivex filter,BLAST annotation (0.96) against NCBI nr database,http://www.ncbi.nlm.nih.gov/bioproject/1049344,dx.doi.org/10.17504/protocols.io.eq2lywxwpvx9/v1,12S rRNA,MiFish-U,950,Niskin bottle,GTCGGTAAAACTCGTGCCAGC,GTTTGACCCTAATCTATGGGGTGATAC,MiFish-U-F,MiFish-U-R,Miya et al. 2015; https://doi.org/10.1098/rsos.150088,ocean biom [ENVO:01000048],coastal sea water [ENVO: 00002150],coastal sea water [ENVO: 00002150],paired,Illumina MiSeq,dada2; ASV,BLAST; 96% identity; MEGAN,Genbank nr
FC_036,Seawater was collected using a Niskin bottle; For each sample ~1L of seawater was passed through 0.22um sterivex filter,BLAST annotation (0.96) against NCBI nr database,http://www.ncbi.nlm.nih.gov/bioproject/1049344,dx.doi.org/10.17504/protocols.io.eq2lywxwpvx9/v1,12S rRNA,MiFish-U,1000,Niskin bottle,GTCGGTAAAACTCGTGCCAGC,GTTTGACCCTAATCTATGGGGTGATAC,MiFish-U-F,MiFish-U-R,Miya et al. 2015; https://doi.org/10.1098/rsos.150088,ocean biom [ENVO:01000048],coastal sea water [ENVO: 00002150],coastal sea water [ENVO: 00002150],paired,Illumina MiSeq,dada2; ASV,BLAST; 96% identity; MEGAN,Genbank nr
FC_037,Seawater was collected using a Niskin bottle; For each sample ~1L of seawater was passed through 0.22um sterivex filter,BLAST annotation (0.96) against NCBI nr database,http://www.ncbi.nlm.nih.gov/bioproject/1049344,dx.doi.org/10.17504/protocols.io.eq2lywxwpvx9/v1,12S rRNA,MiFish-U,950,Niskin bottle,GTCGGTAAAACTCGTGCCAGC,GTTTGACCCTAATCTATGGGGTGATAC,MiFish-U-F,MiFish-U-R,Miya et al. 2015; https://doi.org/10.1098/rsos.150088,ocean biom [ENVO:01000048],coastal sea water [ENVO: 00002150],coastal sea water [ENVO: 00002150],paired,Illumina MiSeq,dada2; ASV,BLAST; 96% identity; MEGAN,Genbank nr
FC_038,Seawater was collected using a Niskin bottle; For each sample ~1L of seawater was passed through 0.22um sterivex filter,BLAST annotation (0.96) against NCBI nr database,http://www.ncbi.nlm.nih.gov/bioproject/1049344,dx.doi.org/10.17504/protocols.io.eq2lywxwpvx9/v1,12S rRNA,MiFish-U,925,Niskin bottle,GTCGGTAAAACTCGTGCCAGC,GTTTGACCCTAATCTATGGGGTGATAC,MiFish-U-F,MiFish-U-R,Miya et al. 2015; https://doi.org/10.1098/rsos.150088,ocean biom [ENVO:01000048],coastal sea water [ENVO: 00002150],coastal sea water [ENVO: 00002150],paired,Illumina MiSeq,dada2; ASV,BLAST; 96% identity; MEGAN,Genbank nr
FC_039,Seawater was collected using a Niskin bottle; For each sample ~1L of seawater was passed through 0.22um sterivex filter,BLAST annotation (0.96) against NCBI nr database,http://www.ncbi.nlm.nih.gov/bioproject/1049344,dx.doi.org/10.17504/protocols.io.eq2lywxwpvx9/v1,12S rRNA,MiFish-U,800,Niskin bottle,GTCGGTAAAACTCGTGCCAGC,GTTTGACCCTAATCTATGGGGTGATAC,MiFish-U-F,MiFish-U-R,Miya et al. 2015; https://doi.org/10.1098/rsos.150088,ocean biom [ENVO:01000048],coastal sea water [ENVO: 00002150],coastal sea water [ENVO: 00002150],paired,Illumina MiSeq,dada2; ASV,BLAST; 96% identity; MEGAN,Genbank nr
FC_040,Seawater was collected using a Niskin bottle; For each sample ~1L of seawater was passed through 0.22um sterivex filter,BLAST annotation (0.96) against NCBI nr database,http://www.ncbi.nlm.nih.gov/bioproject/1049344,dx.doi.org/10.17504/protocols.io.eq2lywxwpvx9/v1,12S rRNA,MiFish-U,945,Niskin bottle,GTCGGTAAAACTCGTGCCAGC,GTTTGACCCTAATCTATGGGGTGATAC,MiFish-U-F,MiFish-U-R,Miya et al. 2015; https://doi.org/10.1098/rsos.150088,ocean biom [ENVO:01000048],coastal sea water [ENVO: 00002150],coastal sea water [ENVO: 00002150],paired,Illumina MiSeq,dada2; ASV,BLAST; 96% identity; MEGAN,Genbank nr
FC_041,Seawater was collected using a Niskin bottle; For each sample ~1L of seawater was passed through 0.22um sterivex filter,BLAST annotation (0.96) against NCBI nr database,http://www.ncbi.nlm.nih.gov/bioproject/1049344,dx.doi.org/10.17504/protocols.io.eq2lywxwpvx9/v1,12S rRNA,MiFish-U,1000,Niskin bottle,GTCGGTAAAACTCGTGCCAGC,GTTTGACCCTAATCTATGGGGTGATAC,MiFish-U-F,MiFish-U-R,Miya et al. 2015; https://doi.org/10.1098/rsos.150088,ocean biom [ENVO:01000048],coastal sea water [ENVO: 00002150],coastal sea water [ENVO: 00002150],paired,Illumina MiSeq,dada2; ASV,BLAST; 96% identity; MEGAN,Genbank nr
FC_042,Seawater was collected using a Niskin bottle; For each sample ~1L of seawater was passed through 0.22um sterivex filter,BLAST annotation (0.96) against NCBI nr database,http://www.ncbi.nlm.nih.gov/bioproject/1049344,dx.doi.org/10.17504/protocols.io.eq2lywxwpvx9/v1,12S rRNA,MiFish-U,850,Niskin bottle,GTCGGTAAAACTCGTGCCAGC,GTTTGACCCTAATCTATGGGGTGATAC,MiFish-U-F,MiFish-U-R,Miya et al. 2015; https://doi.org/10.1098/rsos.150088,ocean biom [ENVO:01000048],coastal sea water [ENVO: 00002150],coastal sea water [ENVO: 00002150],paired,Illumina MiSeq,dada2; ASV,BLAST; 96% identity; MEGAN,Genbank nr
FC_043,Seawater was collected using a Niskin bottle; For each sample ~1L of seawater was passed through 0.22um sterivex filter,BLAST annotation (0.96) against NCBI nr database,http://www.ncbi.nlm.nih.gov/bioproject/1049344,dx.doi.org/10.17504/protocols.io.eq2lywxwpvx9/v1,12S rRNA,MiFish-U,1000,Niskin bottle,GTCGGTAAAACTCGTGCCAGC,GTTTGACCCTAATCTATGGGGTGATAC,MiFish-U-F,MiFish-U-R,Miya et al. 2015; https://doi.org/10.1098/rsos.150088,ocean biom [ENVO:01000048],coastal sea water [ENVO: 00002150],coastal sea water [ENVO: 00002150],paired,Illumina MiSeq,dada2; ASV,BLAST; 96% identity; MEGAN,Genbank nr
FC_044,Seawater was collected using a Niskin bottle; For each sample ~1L of seawater was passed through 0.22um sterivex filter,BLAST annotation (0.96) against NCBI nr database,http://www.ncbi.nlm.nih.gov/bioproject/1049344,dx.doi.org/10.17504/protocols.io.eq2lywxwpvx9/v1,12S rRNA,MiFish-U,950,Niskin bottle,GTCGGTAAAACTCGTGCCAGC,GTTTGACCCTAATCTATGGGGTGATAC,MiFish-U-F,MiFish-U-R,Miya et al. 2015; https://doi.org/10.1098/rsos.150088,ocean biom [ENVO:01000048],coastal sea water [ENVO: 00002150],coastal sea water [ENVO: 00002150],paired,Illumina MiSeq,dada2; ASV,BLAST; 96% identity; MEGAN,Genbank nr
FC_045,Seawater was collected using a Niskin bottle; For each sample ~1L of seawater was passed through 0.22um sterivex filter,BLAST annotation (0.96) against NCBI nr database,http://www.ncbi.nlm.nih.gov/bioproject/1049344,dx.doi.org/10.17504/protocols.io.eq2lywxwpvx9/v1,12S rRNA,MiFish-U,950,Niskin bottle,GTCGGTAAAACTCGTGCCAGC,GTTTGACCCTAATCTATGGGGTGATAC,MiFish-U-F,MiFish-U-R,Miya et al. 2015; https://doi.org/10.1098/rsos.150088,ocean biom [ENVO:01000048],coastal sea water [ENVO: 00002150],coastal sea water [ENVO: 00002150],paired,Illumina MiSeq,dada2; ASV,BLAST; 96% identity; MEGAN,Genbank nr
FC_046,Seawater was collected using a Niskin bottle; For each sample ~1L of seawater was passed through 0.22um sterivex filter,BLAST annotation (0.96) against NCBI nr database,http://www.ncbi.nlm.nih.gov/bioproject/1049344,dx.doi.org/10.17504/protocols.io.eq2lywxwpvx9/v1,12S rRNA,MiFish-U,1000,Niskin bottle,GTCGGTAAAACTCGTGCCAGC,GTTTGACCCTAATCTATGGGGTGATAC,MiFish-U-F,MiFish-U-R,Miya et al. 2015; https://doi.org/10.1098/rsos.150088,ocean biom [ENVO:01000048],coastal sea water [ENVO: 00002150],coastal sea water [ENVO: 00002150],paired,Illumina MiSeq,dada2; ASV,BLAST; 96% identity; MEGAN,Genbank nr
FC_047,Seawater was collected using a Niskin bottle; For each sample ~1L of seawater was passed through 0.22um sterivex filter,BLAST annotation (0.96) against NCBI nr database,http://www.ncbi.nlm.nih.gov/bioproject/1049344,dx.doi.org/10.17504/protocols.io.eq2lywxwpvx9/v1,12S rRNA,MiFish-U,1000,Niskin bottle,GTCGGTAAAACTCGTGCCAGC,GTTTGACCCTAATCTATGGGGTGATAC,MiFish-U-F,MiFish-U-R,Miya et al. 2015; https://doi.org/10.1098/rsos.150088,ocean biom [ENVO:01000048],coastal sea water [ENVO: 00002150],coastal sea water [ENVO: 00002150],paired,Illumina MiSeq,dada2; ASV,BLAST; 96% identity; MEGAN,Genbank nr
FC_048,Seawater was collected using a Niskin bottle; For each sample ~1L of seawater was passed through 0.22um sterivex filter,BLAST annotation (0.96) against NCBI nr database,http://www.ncbi.nlm.nih.gov/bioproject/1049344,dx.doi.org/10.17504/protocols.io.eq2lywxwpvx9/v1,12S rRNA,MiFish-U,1000,Niskin bottle,GTCGGTAAAACTCGTGCCAGC,GTTTGACCCTAATCTATGGGGTGATAC,MiFish-U-F,MiFish-U-R,Miya et al. 2015; https://doi.org/10.1098/rsos.150088,ocean biom [ENVO:01000048],coastal sea water [ENVO: 00002150],coastal sea water [ENVO: 00002150],paired,Illumina MiSeq,dada2; ASV,BLAST; 96% identity; MEGAN,Genbank nr
FC_049,Seawater was collected using a Niskin bottle; For each sample ~1L of seawater was passed through 0.22um sterivex filter,BLAST annotation (0.96) against NCBI nr database,http://www.ncbi.nlm.nih.gov/bioproject/1049344,dx.doi.org/10.17504/protocols.io.eq2lywxwpvx9/v1,12S rRNA,MiFish-U,925,Niskin bottle,GTCGGTAAAACTCGTGCCAGC,GTTTGACCCTAATCTATGGGGTGATAC,MiFish-U-F,MiFish-U-R,Miya et al. 2015; https://doi.org/10.1098/rsos.150088,ocean biom [ENVO:01000048],coastal sea water [ENVO: 00002150],coastal sea water [ENVO: 00002150],paired,Illumina MiSeq,dada2; ASV,BLAST; 96% identity; MEGAN,Genbank nr
FC_050,Seawater was collected using a Niskin bottle; For each sample ~1L of seawater was passed through 0.22um sterivex filter,BLAST annotation (0.96) against NCBI nr database,http://www.ncbi.nlm.nih.gov/bioproject/1049344,dx.doi.org/10.17504/protocols.io.eq2lywxwpvx9/v1,12S rRNA,MiFish-U,1000,Niskin bottle,GTCGGTAAAACTCGTGCCAGC,GTTTGACCCTAATCTATGGGGTGATAC,MiFish-U-F,MiFish-U-R,Miya et al. 2015; https://doi.org/10.1098/rsos.150088,ocean biom [ENVO:01000048],coastal sea water [ENVO: 00002150],coastal sea water [ENVO: 00002150],paired,Illumina MiSeq,dada2; ASV,BLAST; 96% identity; MEGAN,Genbank nr
FC_051,Seawater was collected using a Niskin bottle; For each sample ~1L of seawater was passed through 0.22um sterivex filter,BLAST annotation (0.96) against NCBI nr database,http://www.ncbi.nlm.nih.gov/bioproject/1049344,dx.doi.org/10.17504/protocols.io.eq2lywxwpvx9/v1,12S rRNA,MiFish-U,1000,Niskin bottle,GTCGGTAAAACTCGTGCCAGC,GTTTGACCCTAATCTATGGGGTGATAC,MiFish-U-F,MiFish-U-R,Miya et al. 2015; https://doi.org/10.1098/rsos.150088,ocean biom [ENVO:01000048],coastal sea water [ENVO: 00002150],coastal sea water [ENVO: 00002150],paired,Illumina MiSeq,dada2; ASV,BLAST; 96% identity; MEGAN,Genbank nr
FC_052,Seawater was collected using a Niskin bottle; For each sample ~1L of seawater was passed through 0.22um sterivex filter,BLAST annotation (0.96) against NCBI nr database,http://www.ncbi.nlm.nih.gov/bioproject/1049344,dx.doi.org/10.17504/protocols.io.eq2lywxwpvx9/v1,12S rRNA,MiFish-U,1000,Niskin bottle,GTCGGTAAAACTCGTGCCAGC,GTTTGACCCTAATCTATGGGGTGATAC,MiFish-U-F,MiFish-U-R,Miya et al. 2015; https://doi.org/10.1098/rsos.150088,ocean biom [ENVO:01000048],coastal sea water [ENVO: 00002150],coastal sea water [ENVO: 00002150],paired,Illumina MiSeq,dada2; ASV,BLAST; 96% identity; MEGAN,Genbank nr
FC_053,Seawater was collected using a Niskin bottle; For each sample ~1L of seawater was passed through 0.22um sterivex filter,BLAST annotation (0.96) against NCBI nr database,http://www.ncbi.nlm.nih.gov/bioproject/1049344,dx.doi.org/10.17504/protocols.io.eq2lywxwpvx9/v1,12S rRNA,MiFish-U,,Niskin bottle,GTCGGTAAAACTCGTGCCAGC,GTTTGACCCTAATCTATGGGGTGATAC,MiFish-U-F,MiFish-U-R,Miya et al. 2015; https://doi.org/10.1098/rsos.150088,ocean biom [ENVO:01000048],coastal sea water [ENVO: 00002150],coastal sea water [ENVO: 00002150],paired,Illumina MiSeq,dada2; ASV,BLAST; 96% identity; MEGAN,Genbank nr
FC_054,Seawater was collected using a Niskin bottle; For each sample ~1L of seawater was passed through 0.22um sterivex filter,BLAST annotation (0.96) against NCBI nr database,http://www.ncbi.nlm.nih.gov/bioproject/1049344,dx.doi.org/10.17504/protocols.io.eq2lywxwpvx9/v1,12S rRNA,MiFish-U,950,Niskin bottle,GTCGGTAAAACTCGTGCCAGC,GTTTGACCCTAATCTATGGGGTGATAC,MiFish-U-F,MiFish-U-R,Miya et al. 2015; https://doi.org/10.1098/rsos.150088,ocean biom [ENVO:01000048],coastal sea water [ENVO: 00002150],coastal sea water [ENVO: 00002150],paired,Illumina MiSeq,dada2; ASV,BLAST; 96% identity; MEGAN,Genbank nr
FC_055,Seawater was collected using a Niskin bottle; For each sample ~1L of seawater was passed through 0.22um sterivex filter,BLAST annotation (0.96) against NCBI nr database,http://www.ncbi.nlm.nih.gov/bioproject/1049344,dx.doi.org/10.17504/protocols.io.eq2lywxwpvx9/v1,12S rRNA,MiFish-U,1000,Niskin bottle,GTCGGTAAAACTCGTGCCAGC,GTTTGACCCTAATCTATGGGGTGATAC,MiFish-U-F,MiFish-U-R,Miya et al. 2015; https://doi.org/10.1098/rsos.150088,ocean biom [ENVO:01000048],coastal sea water [ENVO: 00002150],coastal sea water [ENVO: 00002150],paired,Illumina MiSeq,dada2; ASV,BLAST; 96% identity; MEGAN,Genbank nr
FC_056,Seawater was collected using a Niskin bottle; For each sample ~1L of seawater was passed through 0.22um sterivex filter,BLAST annotation (0.96) against NCBI nr database,http://www.ncbi.nlm.nih.gov/bioproject/1049344,dx.doi.org/10.17504/protocols.io.eq2lywxwpvx9/v1,12S rRNA,MiFish-U,950,Niskin bottle,GTCGGTAAAACTCGTGCCAGC,GTTTGACCCTAATCTATGGGGTGATAC,MiFish-U-F,MiFish-U-R,Miya et al. 2015; https://doi.org/10.1098/rsos.150088,ocean biom [ENVO:01000048],coastal sea water [ENVO: 00002150],coastal sea water [ENVO: 00002150],paired,Illumina MiSeq,dada2; ASV,BLAST; 96% identity; MEGAN,Genbank nr
FC_057,Seawater was collected using a Niskin bottle; For each sample ~1L of seawater was passed through 0.22um sterivex filter,BLAST annotation (0.96) against NCBI nr database,http://www.ncbi.nlm.nih.gov/bioproject/1049344,dx.doi.org/10.17504/protocols.io.eq2lywxwpvx9/v1,12S rRNA,MiFish-U,975,Niskin bottle,GTCGGTAAAACTCGTGCCAGC,GTTTGACCCTAATCTATGGGGTGATAC,MiFish-U-F,MiFish-U-R,Miya et al. 2015; https://doi.org/10.1098/rsos.150088,ocean biom [ENVO:01000048],coastal sea water [ENVO: 00002150],coastal sea water [ENVO: 00002150],paired,Illumina MiSeq,dada2; ASV,BLAST; 96% identity; MEGAN,Genbank nr
FC_058,Seawater was collected using a Niskin bottle; For each sample ~1L of seawater was passed through 0.22um sterivex filter,BLAST annotation (0.96) against NCBI nr database,http://www.ncbi.nlm.nih.gov/bioproject/1049344,dx.doi.org/10.17504/protocols.io.eq2lywxwpvx9/v1,12S rRNA,MiFish-U,1000,Niskin bottle,GTCGGTAAAACTCGTGCCAGC,GTTTGACCCTAATCTATGGGGTGATAC,MiFish-U-F,MiFish-U-R,Miya et al. 2015; https://doi.org/10.1098/rsos.150088,ocean biom [ENVO:01000048],coastal sea water [ENVO: 00002150],coastal sea water [ENVO: 00002150],paired,Illumina MiSeq,dada2; ASV,BLAST; 96% identity; MEGAN,Genbank nr
FC_059,Seawater was collected using a Niskin bottle; For each sample ~1L of seawater was passed through 0.22um sterivex filter,BLAST annotation (0.96) against NCBI nr database,http://www.ncbi.nlm.nih.gov/bioproject/1049344,dx.doi.org/10.17504/protocols.io.eq2lywxwpvx9/v1,12S rRNA,MiFish-U,950,Niskin bottle,GTCGGTAAAACTCGTGCCAGC,GTTTGACCCTAATCTATGGGGTGATAC,MiFish-U-F,MiFish-U-R,Miya et al. 2015; https://doi.org/10.1098/rsos.150088,ocean biom [ENVO:01000048],coastal sea water [ENVO: 00002150],coastal sea water [ENVO: 00002150],paired,Illumina MiSeq,dada2; ASV,BLAST; 96% identity; MEGAN,Genbank nr
FC_060,Seawater was collected using a Niskin bottle; For each sample ~1L of seawater was passed through 0.22um sterivex filter,BLAST annotation (0.96) against NCBI nr database,http://www.ncbi.nlm.nih.gov/bioproject/1049344,dx.doi.org/10.17504/protocols.io.eq2lywxwpvx9/v1,12S rRNA,MiFish-U,950,Niskin bottle,GTCGGTAAAACTCGTGCCAGC,GTTTGACCCTAATCTATGGGGTGATAC,MiFish-U-F,MiFish-U-R,Miya et al. 2015; https://doi.org/10.1098/rsos.150088,ocean biom [ENVO:01000048],coastal sea water [ENVO: 00002150],coastal sea water [ENVO: 00002150],paired,Illumina MiSeq,dada2; ASV,BLAST; 96% identity; MEGAN,Genbank nr
FC_061,Seawater was collected using a Niskin bottle; For each sample ~1L of seawater was passed through 0.22um sterivex filter,BLAST annotation (0.96) against NCBI nr database,http://www.ncbi.nlm.nih.gov/bioproject/1049344,dx.doi.org/10.17504/protocols.io.eq2lywxwpvx9/v1,12S rRNA,MiFish-U,1000,Niskin bottle,GTCGGTAAAACTCGTGCCAGC,GTTTGACCCTAATCTATGGGGTGATAC,MiFish-U-F,MiFish-U-R,Miya et al. 2015; https://doi.org/10.1098/rsos.150088,ocean biom [ENVO:01000048],coastal sea water [ENVO: 00002150],coastal sea water [ENVO: 00002150],paired,Illumina MiSeq,dada2; ASV,BLAST; 96% identity; MEGAN,Genbank nr
FC_062,Seawater was collected using a Niskin bottle; For each sample ~1L of seawater was passed through 0.22um sterivex filter,BLAST annotation (0.96) against NCBI nr database,http://www.ncbi.nlm.nih.gov/bioproject/1049344,dx.doi.org/10.17504/protocols.io.eq2lywxwpvx9/v1,12S rRNA,MiFish-U,950,Niskin bottle,GTCGGTAAAACTCGTGCCAGC,GTTTGACCCTAATCTATGGGGTGATAC,MiFish-U-F,MiFish-U-R,Miya et al. 2015; https://doi.org/10.1098/rsos.150088,ocean biom [ENVO:01000048],coastal sea water [ENVO: 00002150],coastal sea water [ENVO: 00002150],paired,Illumina MiSeq,dada2; ASV,BLAST; 96% identity; MEGAN,Genbank nr
FC_063,Seawater was collected using a Niskin bottle; For each sample ~1L of seawater was passed through 0.22um sterivex filter,BLAST annotation (0.96) against NCBI nr database,http://www.ncbi.nlm.nih.gov/bioproject/1049344,dx.doi.org/10.17504/protocols.io.eq2lywxwpvx9/v1,12S rRNA,MiFish-U,950,Niskin bottle,GTCGGTAAAACTCGTGCCAGC,GTTTGACCCTAATCTATGGGGTGATAC,MiFish-U-F,MiFish-U-R,Miya et al. 2015; https://doi.org/10.1098/rsos.150088,ocean biom [ENVO:01000048],coastal sea water [ENVO: 00002150],coastal sea water [ENVO: 00002150],paired,Illumina MiSeq,dada2; ASV,BLAST; 96% identity; MEGAN,Genbank nr
FC_064,Seawater was collected using a Niskin bottle; For each sample ~1L of seawater was passed through 0.22um sterivex filter,BLAST annotation (0.96) against NCBI nr database,http://www.ncbi.nlm.nih.gov/bioproject/1049344,dx.doi.org/10.17504/protocols.io.eq2lywxwpvx9/v1,12S rRNA,MiFish-U,1000,Niskin bottle,GTCGGTAAAACTCGTGCCAGC,GTTTGACCCTAATCTATGGGGTGATAC,MiFish-U-F,MiFish-U-R,Miya et al. 2015; https://doi.org/10.1098/rsos.150088,ocean biom [ENVO:01000048],coastal sea water [ENVO: 00002150],coastal sea water [ENVO: 00002150],paired,Illumina MiSeq,dada2; ASV,BLAST; 96% identity; MEGAN,Genbank nr
FC_065,Seawater was collected using a Niskin bottle; For each sample ~1L of seawater was passed through 0.22um sterivex filter,BLAST annotation (0.96) against NCBI nr database,http://www.ncbi.nlm.nih.gov/bioproject/1049344,dx.doi.org/10.17504/protocols.io.eq2lywxwpvx9/v1,12S rRNA,MiFish-U,950,Niskin bottle,GTCGGTAAAACTCGTGCCAGC,GTTTGACCCTAATCTATGGGGTGATAC,MiFish-U-F,MiFish-U-R,Miya et al. 2015; https://doi.org/10.1098/rsos.150088,ocean biom [ENVO:01000048],coastal sea water [ENVO: 00002150],coastal sea water [ENVO: 00002150],paired,Illumina MiSeq,dada2; ASV,BLAST; 96% identity; MEGAN,Genbank nr
FC_066,Seawater was collected using a Niskin bottle; For each sample ~1L of seawater was passed through 0.22um sterivex filter,BLAST annotation (0.96) against NCBI nr database,http://www.ncbi.nlm.nih.gov/bioproject/1049344,dx.doi.org/10.17504/protocols.io.eq2lywxwpvx9/v1,12S rRNA,MiFish-U,,Niskin bottle,GTCGGTAAAACTCGTGCCAGC,GTTTGACCCTAATCTATGGGGTGATAC,MiFish-U-F,MiFish-U-R,Miya et al. 2015; https://doi.org/10.1098/rsos.150088,ocean biom [ENVO:01000048],coastal sea water [ENVO: 00002150],coastal sea water [ENVO: 00002150],paired,Illumina MiSeq,dada2; ASV,BLAST; 96% identity; MEGAN,Genbank nr
FC_067,Seawater was collected using a Niskin bottle; For each sample ~1L of seawater was passed through 0.22um sterivex filter,BLAST annotation (0.96) against NCBI nr database,http://www.ncbi.nlm.nih.gov/bioproject/1049344,dx.doi.org/10.17504/protocols.io.eq2lywxwpvx9/v1,12S rRNA,MiFish-U,950,Niskin bottle,GTCGGTAAAACTCGTGCCAGC,GTTTGACCCTAATCTATGGGGTGATAC,MiFish-U-F,MiFish-U-R,Miya et al. 2015; https://doi.org/10.1098/rsos.150088,ocean biom [ENVO:01000048],coastal sea water [ENVO: 00002150],coastal sea water [ENVO: 00002150],paired,Illumina MiSeq,dada2; ASV,BLAST; 96% identity; MEGAN,Genbank nr
FC_068,Seawater was collected using a Niskin bottle; For each sample ~1L of seawater was passed through 0.22um sterivex filter,BLAST annotation (0.96) against NCBI nr database,http://www.ncbi.nlm.nih.gov/bioproject/1049344,dx.doi.org/10.17504/protocols.io.eq2lywxwpvx9/v1,12S rRNA,MiFish-U,950,Niskin bottle,GTCGGTAAAACTCGTGCCAGC,GTTTGACCCTAATCTATGGGGTGATAC,MiFish-U-F,MiFish-U-R,Miya et al. 2015; https://doi.org/10.1098/rsos.150088,ocean biom [ENVO:01000048],coastal sea water [ENVO: 00002150],coastal sea water [ENVO: 00002150],paired,Illumina MiSeq,dada2; ASV,BLAST; 96% identity; MEGAN,Genbank nr
FC_069,Seawater was collected using a Niskin bottle; For each sample ~1L of seawater was passed through 0.22um sterivex filter,BLAST annotation (0.96) against NCBI nr database,http://www.ncbi.nlm.nih.gov/bioproject/1049344,dx.doi.org/10.17504/protocols.io.eq2lywxwpvx9/v1,12S rRNA,MiFish-U,900,Niskin bottle,GTCGGTAAAACTCGTGCCAGC,GTTTGACCCTAATCTATGGGGTGATAC,MiFish-U-F,MiFish-U-R,Miya et al. 2015; https://doi.org/10.1098/rsos.150088,ocean biom [ENVO:01000048],coastal sea water [ENVO: 00002150],coastal sea water [ENVO: 00002150],paired,Illumina MiSeq,dada2; ASV,BLAST; 96% identity; MEGAN,Genbank nr
FC_070,Seawater was collected using a Niskin bottle; For each sample ~1L of seawater was passed through 0.22um sterivex filter,BLAST annotation (0.96) against NCBI nr database,http://www.ncbi.nlm.nih.gov/bioproject/1049344,dx.doi.org/10.17504/protocols.io.eq2lywxwpvx9/v1,12S rRNA,MiFish-U,970,Niskin bottle,GTCGGTAAAACTCGTGCCAGC,GTTTGACCCTAATCTATGGGGTGATAC,MiFish-U-F,MiFish-U-R,Miya et al. 2015; https://doi.org/10.1098/rsos.150088,ocean biom [ENVO:01000048],coastal sea water [ENVO: 00002150],coastal sea water [ENVO: 00002150],paired,Illumina MiSeq,dada2; ASV,BLAST; 96% identity; MEGAN,Genbank nr
FC_071,Seawater was collected using a Niskin bottle; For each sample ~1L of seawater was passed through 0.22um sterivex filter,BLAST annotation (0.96) against NCBI nr database,http://www.ncbi.nlm.nih.gov/bioproject/1049344,dx.doi.org/10.17504/protocols.io.eq2lywxwpvx9/v1,12S rRNA,MiFish-U,950,Niskin bottle,GTCGGTAAAACTCGTGCCAGC,GTTTGACCCTAATCTATGGGGTGATAC,MiFish-U-F,MiFish-U-R,Miya et al. 2015; https://doi.org/10.1098/rsos.150088,ocean biom [ENVO:01000048],coastal sea water [ENVO: 00002150],coastal sea water [ENVO: 00002150],paired,Illumina MiSeq,dada2; ASV,BLAST; 96% identity; MEGAN,Genbank nr
FC_072,Seawater was collected using a Niskin bottle; For each sample ~1L of seawater was passed through 0.22um sterivex filter,BLAST annotation (0.96) against NCBI nr database,http://www.ncbi.nlm.nih.gov/bioproject/1049344,dx.doi.org/10.17504/protocols.io.eq2lywxwpvx9/v1,12S rRNA,MiFish-U,,Niskin bottle,GTCGGTAAAACTCGTGCCAGC,GTTTGACCCTAATCTATGGGGTGATAC,MiFish-U-F,MiFish-U-R,Miya et al. 2015; https://doi.org/10.1098/rsos.150088,ocean biom [ENVO:01000048],coastal sea water [ENVO: 00002150],coastal sea water [ENVO: 00002150],paired,Illumina MiSeq,dada2; ASV,BLAST; 96% identity; MEGAN,Genbank nr
FC_073,Seawater was collected using a Niskin bottle; For each sample ~1L of seawater was passed through 0.22um sterivex filter,BLAST annotation (0.96) against NCBI nr database,http://www.ncbi.nlm.nih.gov/bioproject/1049344,dx.doi.org/10.17504/protocols.io.eq2lywxwpvx9/v1,12S rRNA,MiFish-U,950,Niskin bottle,GTCGGTAAAACTCGTGCCAGC,GTTTGACCCTAATCTATGGGGTGATAC,MiFish-U-F,MiFish-U-R,Miya et al. 2015; https://doi.org/10.1098/rsos.150088,ocean biom [ENVO:01000048],coastal sea water [ENVO: 00002150],coastal sea water [ENVO: 00002150],paired,Illumina MiSeq,dada2; ASV,BLAST; 96% identity; MEGAN,Genbank nr
FC_074,Seawater was collected using a Niskin bottle; For each sample ~1L of seawater was passed through 0.22um sterivex filter,BLAST annotation (0.96) against NCBI nr database,http://www.ncbi.nlm.nih.gov/bioproject/1049344,dx.doi.org/10.17504/protocols.io.eq2lywxwpvx9/v1,12S rRNA,MiFish-U,900,Niskin bottle,GTCGGTAAAACTCGTGCCAGC,GTTTGACCCTAATCTATGGGGTGATAC,MiFish-U-F,MiFish-U-R,Miya et al. 2015; https://doi.org/10.1098/rsos.150088,ocean biom [ENVO:01000048],coastal sea water [ENVO: 00002150],coastal sea water [ENVO: 00002150],paired,Illumina MiSeq,dada2; ASV,BLAST; 96% identity; MEGAN,Genbank nr
