row_name,FC_002,FC_003,FC_004,FC_005,FC_006,FC_007,FC_008,FC_009,FC_010,FC_011,FC_012,FC_013,FC_014,FC_015,FC_016,FC_017,FC_018,FC_019,FC_020,FC_021,FC_022,FC_023,FC_024,FC_025,FC_026,FC_027,FC_028,FC_029,FC_030,FC_031,FC_033,FC_034,FC_035,FC_036,FC_037,FC_038,FC_039,FC_040,FC_041,FC_042,FC_043,FC_044,FC_045,FC_046,FC_047,FC_048,FC_049,FC_050,FC_051,FC_052,FC_053,FC_054,FC_055,FC_056,FC_057,FC_058,FC_059,FC_060,FC_061,FC_062,FC_063,FC_064,FC_065,FC_066,FC_067,FC_068,FC_069,FC_070,FC_071,FC_072,FC_073,FC_074
ASV11,0,0,0,0,0,0,0,11,0,0,0,0,0,0,0,0,0,0,0,0,0,0,0,0,0,0,0,0,0,0,22609,3782,16,0,0,0,0,0,0,0,0,0,0,18349,0,0,24,7,36678,0,0,12,0,0,0,0,34892,0,0,0,0,0,0,0,0,0,0,0,0,0,0,0
ASV22,0,0,0,0,0,0,0,0,0,0,0,0,6,0,0,0,0,0,0,0,34856,0,0,0,0,0,0,0,0,0,0,0,0,0,0,21,0,0,0,0,0,0,0,8,0,0,0,0,0,0,0,46,0,0,0,0,0,0,0,0,0,0,0,0,0,0,0,0,0,0,0,0
ASV34,0,0,0,0,0,0,0,0,0,0,0,0,0,0,0,0,0,0,0,0,0,0,0,0,1668,18067,0,0,0,0,0,0,0,0,0,0,0,0,0,0,0,0,0,0,0,0,0,0,0,0,0,0,0,0,0,0,0,0,0,0,0,0,0,0,0,0,0,0,0,0,0,0
ASV6,44751,12,0,0,0,11,48924,42,10383,0,0,0,47371,0,0,28,0,0,0,19167,0,0,16,26,35573,35178,0,16,19,9,50406,0,11,0,31,38,12,86277,61,30,6,0,60645,59948,65589,40,0,102,28,28834,0,95,38,176,15298,29037,0,0,14,0,0,30,0,0,0,0,0,0,7,13,15663,0
ASV10,0,0,0,0,0,0,0,0,0,0,0,0,0,0,0,0,0,0,0,0,0,0,0,0,0,0,0,0,0,0,118099,0,0,0,0,0,0,0,0,0,0,0,0,0,0,0,172,0,0,0,0,0,0,0,0,0,0,0,0,0,0,0,0,0,0,0,0,0,0,0,0,0
ASV18,0,0,0,0,14,0,0,0,0,0,0,0,0,0,0,0,0,0,0,0,11,0,0,0,0,0,0,0,0,0,0,0,0,0,0,0,0,0,0,0,0,0,0,0,0,0,0,0,0,0,0,0,0,0,0,0,0,0,0,0,0,0,0,0,0,0,0,61870,0,0,0,0
ASV21,0,0,0,0,0,0,0,0,0,0,0,0,0,0,0,0,0,0,0,0,0,0,0,0,0,0,0,0,0,0,0,0,0,0,0,0,0,0,0,0,0,0,0,0,0,0,0,0,0,0,38718,0,0,0,0,0,0,0,0,0,0,0,0,0,0,0,0,0,0,0,0,0
ASV25,0,0,0,0,0,0,0,0,0,0,0,0,0,0,0,0,0,0,0,0,0,0,0,0,0,0,0,0,0,0,0,25911,0,0,0,0,0,0,0,0,0,0,0,0,0,0,0,0,0,0,0,0,0,0,0,0,0,0,0,0,0,0,0,0,0,0,0,0,0,0,0,0
ASV29,0,0,0,0,0,0,0,0,22456,0,0,0,0,0,0,0,0,0,0,0,0,0,0,0,0,0,0,0,0,0,0,0,0,0,0,0,0,0,0,0,0,0,0,0,0,0,0,0,0,0,0,0,0,0,0,0,0,0,0,0,0,0,0,0,0,0,0,0,0,0,0,0
ASV51,0,0,0,0,0,0,0,0,0,0,0,0,0,0,0,0,0,0,0,0,0,0,0,0,0,6775,0,0,0,0,0,0,0,0,0,0,0,0,0,0,0,0,0,0,0,0,0,0,0,0,0,0,0,0,0,0,0,0,0,0,0,0,0,0,0,0,0,0,0,0,0,0
ASV53,0,0,0,0,0,0,0,0,0,0,0,0,0,0,0,0,0,0,0,0,0,0,0,0,0,0,0,0,0,0,0,0,0,0,0,0,0,0,0,0,0,0,0,0,0,0,0,0,0,0,0,0,0,0,5721,0,0,0,0,0,0,0,0,0,0,0,0,0,0,0,0,0
ASV54,0,0,0,0,0,0,0,0,0,0,0,0,0,0,0,0,0,0,0,0,0,0,0,0,0,0,0,0,0,0,0,0,0,0,0,0,0,0,0,0,0,0,0,0,0,0,3,0,0,0,0,0,0,0,4425,0,0,0,0,0,0,0,0,0,0,0,0,0,0,0,0,0
ASV3,0,0,446,10,0,15,20798,34650,31047,0,10,23,16848,36459,110,0,0,0,0,42194,14,18,51,5,42242,0,6,28,19,12,9,23,0,0,35,29,66181,101,23,20,0,4,46271,45059,24,94,96,74627,13759,41831,42121,24830,26556,748717,13763,12,0,0,13,0,20,55,0,3992,0,0,24,0,0,22,0,0
ASV7,0,0,0,0,0,0,0,0,0,0,0,0,0,0,0,0,0,0,0,0,0,0,0,0,0,0,0,0,0,0,0,0,0,0,0,0,0,0,0,0,0,0,0,0,0,0,0,0,0,0,0,0,0,448568,0,0,0,0,0,0,0,0,0,0,0,0,0,0,0,0,0,0
ASV33,0,0,0,0,0,0,0,0,0,0,0,0,0,0,0,0,0,0,0,0,0,0,0,0,0,0,0,0,0,0,0,0,0,0,0,0,0,0,0,0,0,0,0,20378,0,0,0,0,0,0,0,0,0,0,0,0,0,0,0,0,0,0,0,0,0,0,0,0,0,0,0,0
ASV45,0,0,0,0,0,0,0,0,0,0,0,0,0,0,0,0,0,0,0,0,0,0,0,0,0,0,0,0,0,0,0,0,0,0,0,0,0,0,0,0,0,0,0,0,0,0,0,0,0,0,0,11058,0,0,0,0,0,0,0,0,0,0,0,0,0,0,0,0,0,0,0,0
ASV56,0,0,0,0,0,0,0,0,0,0,0,0,0,0,0,0,0,0,0,0,0,0,0,0,0,0,0,0,0,0,0,0,0,0,0,0,0,0,0,0,0,0,0,0,0,0,0,0,0,2535,0,0,0,0,0,0,0,0,0,0,0,0,0,0,0,0,0,0,0,0,0,0
ASV1,178,78253,223,120694,27958,18751,113,77879,100,44359,0,15953,29190,4777,152,17317,27900,35931,54190,97295,84312,0,81,0,0,18537,35,34038,73,40651,54397,91722,145,0,73049,155,0,115447,47929,127,28142,32,54871,98983,41524,126,188163,48431,92192,55125,45672,450,12583,620981,72521,0,42349,54,57411,69608,51207,159,84,59417,22516,38,48105,115493,49,36092,18101,76848
ASV8,0,0,0,0,0,0,0,0,0,0,65403,0,0,0,0,0,0,0,0,0,0,0,0,0,0,0,0,0,0,0,0,0,0,0,0,0,119122,0,0,0,0,0,0,0,0,0,0,0,0,0,0,0,0,0,0,79454,0,0,0,0,0,0,0,0,0,0,0,0,0,0,0,0
ASV14,0,2008,0,3348,817,501,0,2159,0,1254,0,470,869,145,0,516,852,1068,1558,2850,2466,0,0,0,0,473,0,1025,0,1076,1550,2660,0,0,2139,0,0,3216,1343,0,808,0,1504,2710,1120,0,4964,1233,2353,1539,1298,0,368,16767,1961,0,1127,0,1594,1971,1407,0,0,1483,650,0,1424,3173,0,940,543,2087
ASV19,0,51444,0,0,0,0,0,0,0,0,0,0,0,0,0,0,0,0,0,0,0,0,0,0,0,0,0,0,0,0,0,0,0,0,0,0,0,0,0,0,0,0,0,0,0,0,0,0,0,0,0,0,0,0,0,0,0,0,0,0,0,0,0,0,0,0,0,0,0,0,0,0
ASV20,0,0,0,0,0,0,0,0,0,0,0,0,0,0,0,0,0,0,0,0,0,0,0,0,0,0,0,0,0,0,0,0,0,0,0,0,0,0,0,0,0,0,0,0,0,0,0,0,0,0,0,0,0,0,0,0,39330,0,0,0,0,0,0,0,0,0,0,0,0,0,0,0
ASV24,0,0,0,0,0,0,0,0,0,0,0,0,0,0,0,0,0,0,0,0,0,0,0,0,0,0,0,0,0,0,0,0,0,0,0,0,0,0,0,0,0,0,0,0,0,0,0,0,0,0,0,0,0,0,0,0,0,0,28036,0,0,0,0,0,0,0,0,0,0,0,0,0
ASV31,0,0,0,0,0,0,0,0,0,0,0,0,0,0,0,0,0,0,0,0,0,0,0,0,21103,0,0,0,0,0,0,0,0,0,0,0,0,0,0,0,0,0,0,0,0,0,0,0,0,0,0,0,0,0,0,0,0,0,0,0,0,0,0,0,0,0,0,0,0,0,0,0
ASV36,0,0,0,0,0,0,0,0,0,0,0,0,0,0,0,0,0,0,0,0,0,0,0,0,0,0,0,0,0,0,0,0,0,0,0,0,0,0,18220,0,0,0,0,0,0,0,0,0,0,0,0,0,0,0,0,0,0,0,0,0,0,0,0,0,0,0,0,0,0,0,0,0
ASV39,0,0,0,0,17032,0,0,0,0,0,0,0,0,0,0,0,0,0,0,0,0,0,0,0,0,0,0,0,0,0,0,0,0,0,0,0,0,0,0,0,0,0,0,0,0,0,0,0,0,0,0,0,0,0,0,0,0,0,0,0,0,0,0,0,0,0,0,0,0,0,0,0
ASV40,0,0,0,0,0,0,0,0,0,0,0,0,0,0,0,0,0,0,0,0,0,0,0,0,0,15485,0,0,0,0,0,0,0,0,0,0,0,0,0,0,0,0,0,0,0,0,0,0,0,0,0,0,0,0,0,0,0,0,0,0,0,0,0,0,0,0,0,0,0,0,0,0
ASV55,0,0,0,0,0,0,0,0,0,0,0,0,0,0,0,0,0,0,0,0,0,0,0,0,0,0,0,0,0,0,0,0,0,0,0,0,0,0,0,0,0,0,0,0,0,0,0,0,0,2928,0,0,0,0,0,0,0,0,0,0,0,0,0,0,0,0,0,0,0,0,0,0
ASV58,0,0,0,0,0,0,0,0,0,0,0,0,0,0,0,0,0,0,0,0,0,0,0,0,0,0,0,0,0,0,0,0,0,0,0,0,0,0,0,1590,0,0,0,0,0,0,0,0,0,0,0,0,0,0,0,0,0,0,0,0,0,0,0,0,0,0,0,0,0,0,0,0
ASV59,0,0,0,0,0,0,0,0,0,0,0,0,0,0,0,0,0,0,0,0,0,0,0,0,0,0,0,0,0,0,0,0,0,0,0,0,0,0,0,0,0,0,0,0,0,0,0,0,0,1454,0,0,0,0,0,0,0,0,0,0,0,0,0,0,0,0,0,0,0,0,0,0
ASV62,0,0,0,0,0,0,0,0,0,0,0,0,0,0,0,0,0,0,0,0,0,0,0,0,0,0,0,0,0,0,0,0,0,0,0,0,0,0,0,0,0,0,0,0,0,0,0,0,0,1275,0,0,0,0,0,0,0,0,0,0,0,0,0,0,0,0,0,0,0,0,0,0
ASV74,0,0,365,0,0,0,0,0,0,0,0,0,0,0,0,0,0,0,0,0,0,0,0,0,0,0,0,0,0,0,0,0,0,0,0,0,0,0,0,0,0,0,0,0,0,0,0,0,0,0,0,0,0,0,0,0,0,0,0,0,0,0,0,0,0,0,0,0,0,0,0,0
ASV87,0,0,0,0,0,0,0,0,0,0,39,0,0,0,0,0,0,0,0,0,0,0,0,0,0,0,0,0,0,0,0,0,0,0,0,0,103,0,0,0,0,0,0,0,0,0,0,0,0,0,0,0,0,0,0,92,0,0,0,0,0,0,0,0,0,0,0,0,0,0,0,0
ASV91,0,0,0,0,0,0,0,0,0,0,0,0,0,0,0,0,0,0,0,0,0,0,0,0,212,0,0,0,0,0,0,0,0,0,0,0,0,0,0,0,0,0,0,0,0,0,0,0,0,0,0,0,0,0,0,0,0,0,0,0,0,0,0,0,0,0,0,0,0,0,0,0
ASV35,0,0,0,0,0,0,0,0,0,0,0,0,0,0,0,0,0,0,0,0,0,0,0,0,0,0,0,0,0,0,0,0,0,0,0,0,0,0,0,0,0,0,0,0,0,0,0,0,0,19598,0,0,0,0,0,0,0,0,0,0,0,0,0,0,0,0,0,0,0,0,0,0
ASV5,22,0,25,0,21,33782,10,0,12958,0,32,0,24,0,35483,18137,42,14742,43,54477,30,0,16,15,54,19,69,81201,84611,22800,21,83,33,145538,46040,77158,24,32,0,44522,23751,51,50,30,0,24372,40,228,46,323,293,236,31282,248,0,28,0,0,15,27,0,0,0,12,6,24,23,8,0,0,0,63303
ASV30,0,0,0,0,0,0,0,0,0,0,0,0,0,0,0,0,0,0,0,0,0,0,0,0,0,0,0,0,0,0,0,0,0,22263,0,0,0,0,0,0,0,0,0,0,0,0,0,0,0,0,0,0,0,0,0,0,0,0,0,0,0,0,0,0,0,0,0,0,0,0,0,0
ASV37,0,0,0,0,0,0,0,0,0,0,0,0,0,0,0,0,0,0,0,0,0,0,0,0,0,0,0,0,0,0,0,0,0,0,0,0,0,0,0,17783,0,0,0,0,0,0,0,0,0,0,0,0,0,0,0,0,0,0,0,0,0,0,0,0,0,0,0,0,0,0,0,0
ASV38,0,0,0,0,0,0,0,0,0,0,0,0,0,0,0,0,0,0,0,0,0,0,0,0,0,0,0,0,17691,0,0,0,0,0,0,0,0,0,0,0,0,0,0,0,0,0,0,0,0,0,0,0,0,0,0,0,0,0,0,0,0,0,0,0,0,0,0,0,0,0,0,0
ASV43,0,0,0,0,0,0,0,0,0,0,0,13029,0,0,0,0,0,0,0,0,0,0,0,0,0,0,0,0,0,0,0,0,0,0,0,0,0,0,0,0,0,0,0,0,0,0,0,0,0,0,0,0,0,0,0,0,0,0,0,0,0,0,0,0,0,0,0,0,0,0,0,0
ASV57,0,0,0,0,0,92,0,0,0,0,0,0,0,0,57,0,0,0,0,133,0,0,0,0,0,0,0,188,261,50,0,0,0,345,111,161,0,0,0,101,53,0,0,0,0,0,0,0,0,0,0,0,76,0,0,0,0,0,0,0,0,0,0,0,0,0,0,0,0,0,0,164
ASV77,0,0,0,0,0,0,0,0,0,0,0,0,0,0,0,0,0,0,0,0,0,0,0,0,0,0,0,0,0,0,0,0,0,0,0,0,0,0,0,0,0,0,0,0,0,0,0,0,0,330,0,0,0,0,0,0,0,0,0,0,0,0,0,0,0,0,0,0,0,0,0,0
ASV48,0,0,0,0,0,0,0,0,0,0,0,0,0,0,0,0,0,0,0,0,0,0,0,0,0,0,0,0,0,0,0,0,0,0,0,0,0,0,0,0,0,0,0,0,0,0,0,0,0,10229,0,0,0,0,0,0,0,0,0,0,0,0,0,0,0,0,0,0,0,0,0,0
ASV26,0,0,0,0,0,0,0,0,0,0,0,0,0,0,0,0,0,0,0,0,0,0,0,0,0,0,0,0,0,0,0,0,25486,0,0,0,0,0,0,0,8,0,0,0,0,0,0,0,38,0,0,0,0,0,0,0,0,0,0,0,0,0,0,0,0,0,0,0,0,0,0,0
ASV27,0,0,0,0,0,0,0,0,0,0,0,0,0,0,0,0,0,0,0,0,0,0,0,0,0,0,23793,0,0,0,0,0,0,0,0,0,0,0,0,0,0,0,0,0,0,0,0,0,0,30,0,0,0,0,0,0,0,0,0,0,0,0,0,0,0,0,0,0,0,0,0,0
ASV16,0,0,0,0,0,0,0,0,0,0,0,0,0,0,14,0,0,0,0,0,0,0,0,0,0,0,0,0,0,0,27040,0,0,0,0,0,0,50615,0,0,0,0,0,0,0,11,54,0,0,0,0,0,0,146,0,0,0,0,0,0,0,10,0,0,0,0,0,0,0,5,0,0
ASV65,0,0,0,0,0,0,0,0,0,0,0,0,0,0,0,0,0,0,0,0,0,0,0,0,0,0,0,0,0,0,0,0,0,0,0,0,0,0,0,0,0,0,0,0,0,0,0,0,0,0,0,0,0,0,719,0,0,0,0,0,0,0,0,0,0,0,0,0,0,0,0,0
ASV4,0,0,0,0,0,0,0,0,0,0,0,0,0,0,75,0,0,0,0,0,0,0,0,0,0,0,0,0,0,0,0,0,0,0,0,0,0,50,0,0,0,0,0,0,0,0,0,71,0,0,0,0,0,916189,0,0,0,0,0,0,0,0,0,0,0,0,0,0,0,0,0,0
ASV17,0,0,0,0,0,0,0,0,0,44602,0,0,0,0,0,0,0,0,0,0,0,0,0,0,0,18967,0,0,0,0,0,0,0,0,0,0,0,0,0,0,0,0,0,0,0,0,0,0,106,0,0,0,0,0,0,0,0,0,0,0,0,0,0,0,0,0,0,0,0,0,0,0
ASV28,0,0,33,0,0,0,0,0,0,0,0,0,0,0,0,0,0,0,0,0,0,0,0,0,0,0,0,0,0,0,0,0,0,0,0,0,0,0,0,0,0,0,0,0,0,0,0,0,0,0,0,0,0,0,0,0,0,0,21405,0,0,0,0,1301,0,0,0,0,0,0,0,0
ASV49,0,0,0,0,0,0,0,0,0,0,0,0,0,0,0,0,0,0,0,0,0,0,0,0,0,0,0,0,0,0,0,0,0,0,0,0,0,0,0,0,0,0,0,0,0,0,0,0,0,0,0,0,7504,0,0,0,0,0,0,0,0,0,0,0,0,0,0,0,0,0,0,0
ASV2,20,19,0,0,16,0,42624,0,34348,0,22,19,21938,0,68766,0,22,42,49495,35653,75244,6,79,0,55550,0,76954,16,25,0,5,34065,147566,46,22,39008,0,156,0,24,24,11,0,12655,0,25541,0,496,274,4254,21385,226,33107,797960,15748,71818,33,15,0,29,0,30576,0,9480,10,9,9,0,0,25,0,0
ASV47,0,0,0,0,0,0,0,0,0,0,0,0,0,0,0,0,0,0,0,0,0,0,0,0,0,0,0,0,0,0,0,0,0,0,0,0,0,0,0,0,0,0,0,0,0,0,0,0,0,0,0,0,10843,0,0,0,0,0,0,0,0,0,0,0,0,0,0,0,0,0,0,0
ASV52,0,0,0,0,0,0,0,0,0,0,0,0,6126,0,0,0,0,0,0,0,0,0,0,0,0,0,0,0,0,0,0,0,0,0,0,0,0,0,0,0,0,0,0,0,0,0,0,0,0,0,0,0,0,0,0,0,0,0,0,0,0,0,0,0,0,0,0,0,0,0,0,0
ASV80,0,0,0,0,0,0,0,0,0,0,0,0,0,0,0,0,0,0,0,0,0,0,0,0,0,0,0,0,0,0,0,0,0,0,0,0,0,0,0,0,0,0,0,0,0,0,0,0,0,0,0,0,0,0,0,299,0,0,0,0,0,0,0,0,0,0,0,0,0,0,0,0
ASV12,0,0,6,0,0,0,0,0,0,0,0,0,0,0,0,0,0,0,49797,0,0,0,0,0,0,0,0,0,0,0,0,0,0,30,0,0,0,0,0,0,0,8,45377,0,0,0,0,0,0,115,45,0,0,0,0,0,0,0,0,0,0,0,0,0,0,11,0,0,0,0,0,0
ASV13,0,0,0,0,0,0,0,0,0,0,0,7,0,0,0,0,0,0,0,49038,0,0,0,0,23796,0,0,11,0,0,0,0,0,0,42,0,0,0,0,0,0,0,17,0,0,0,0,75,0,0,0,0,0,0,7694,0,0,0,0,0,0,0,0,8052,0,0,10,0,0,0,0,0
ASV9,0,0,0,0,0,0,0,0,25016,0,0,0,0,0,0,0,7,0,50939,0,0,0,0,0,0,23028,9,0,0,0,0,0,0,28,0,0,0,0,0,0,0,0,0,0,0,0,0,0,40082,19248,48197,0,0,37,0,0,0,0,0,0,0,0,0,0,0,6,0,0,0,0,0,0
ASV72,0,0,0,0,0,0,0,0,0,0,0,0,0,0,0,0,0,0,0,0,0,0,0,0,0,0,0,0,0,0,0,0,0,0,0,0,0,0,0,0,0,0,0,0,0,0,0,0,0,0,368,0,0,0,0,0,0,0,0,0,0,0,0,0,0,0,0,0,0,0,0,0
ASV50,0,0,0,0,0,0,0,0,0,0,0,0,0,0,0,0,0,0,0,0,0,0,0,0,0,0,0,0,0,0,0,0,0,0,0,0,0,0,0,0,0,0,0,0,0,0,0,0,0,0,0,0,0,0,0,0,0,0,0,0,0,0,0,6846,0,0,0,0,0,0,0,0
ASV15,0,0,0,0,0,0,0,0,0,0,0,0,0,0,0,0,0,0,0,17,0,0,0,0,0,0,0,0,0,0,0,0,0,0,0,0,0,0,0,0,0,0,0,0,0,0,0,0,0,0,81,0,0,0,0,0,0,0,0,0,0,0,0,0,0,0,79761,0,0,0,0,0