,Kingdom,Phylum,Class,Order,Family,Genus,Species,AphiaID,Rank
ASV11,Animalia,Chordata,Teleostei,Perciformes,Ammodytidae,Ammodytes,Ammodytes personatus,urn:lsid:marinespecies.org:taxname:272967,Species
ASV22,Animalia,Chordata,Teleostei,Pleuronectiformes,Paralichthyidae,Citharichthys,Citharichthys stigmaeus,urn:lsid:marinespecies.org:taxname:275696,Species
ASV34,Animalia,Chordata,Teleostei,Pleuronectiformes,Paralichthyidae,Citharichthys,Citharichthys stigmaeus,urn:lsid:marinespecies.org:taxname:275696,Species
ASV6,Animalia,Chordata,Teleostei,Clupeiformes,Clupeidae,Clupea,Clupea pallasii,urn:lsid:marinespecies.org:taxname:151159,Species
ASV10,Animalia,Chordata,Teleostei,Clupeiformes,Clupeidae,Clupea,Clupea pallasii,urn:lsid:marinespecies.org:taxname:151159,Species
ASV18,Animalia,Chordata,Teleostei,Clupeiformes,Clupeidae,Clupea,Clupea pallasii,urn:lsid:marinespecies.org:taxname:151159,Species
ASV21,Animalia,Chordata,Teleostei,Clupeiformes,Clupeidae,Clupea,Clupea pallasii,urn:lsid:marinespecies.org:taxname:151159,Species
ASV25,Animalia,Chordata,Teleostei,Clupeiformes,Clupeidae,Clupea,Clupea pallasii,urn:lsid:marinespecies.org:taxname:151159,Species
ASV29,Animalia,Chordata,Teleostei,Clupeiformes,Clupeidae,Clupea,Clupea pallasii,urn:lsid:marinespecies.org:taxname:151159,Species
ASV51,Animalia,Chordata,Teleostei,Clupeiformes,Clupeidae,Clupea,Clupea pallasii,urn:lsid:marinespecies.org:taxname:151159,Species
ASV53,Animalia,Chordata,Teleostei,Clupeiformes,Clupeidae,Clupea,Clupea pallasii,urn:lsid:marinespecies.org:taxname:151159,Species
ASV54,Animalia,Chordata,Teleostei,Perciformes,Cottidae,Cottus,Cottus,urn:lsid:marinespecies.org:taxname:126148,Genus
ASV3,Animalia,Chordata,Teleostei,Ovalentaria incertae sedis,Embiotocidae,Cymatogaster,Cymatogaster aggregata,urn:lsid:marinespecies.org:taxname:280461,Species
ASV7,Animalia,Chordata,Teleostei,Ovalentaria incertae sedis,Embiotocidae,Cymatogaster,Cymatogaster aggregata,urn:lsid:marinespecies.org:taxname:280461,Species
ASV33,Animalia,Chordata,Teleostei,Ovalentaria incertae sedis,Embiotocidae,Cymatogaster,Cymatogaster aggregata,urn:lsid:marinespecies.org:taxname:280461,Species
ASV45,Animalia,Chordata,Teleostei,Ovalentaria incertae sedis,Embiotocidae,Cymatogaster,Cymatogaster aggregata,urn:lsid:marinespecies.org:taxname:280461,Species
ASV56,Animalia,Chordata,Teleostei,Ovalentaria incertae sedis,Embiotocidae,Cymatogaster,Cymatogaster aggregata,urn:lsid:marinespecies.org:taxname:280461,Species
ASV1,Animalia,Chordata,Teleostei,Clupeiformes,Engraulidae,Engraulis,Engraulis mordax,urn:lsid:marinespecies.org:taxname:272286,Species
ASV8,Animalia,Chordata,Teleostei,Clupeiformes,Engraulidae,Engraulis,Engraulis mordax,urn:lsid:marinespecies.org:taxname:272286,Species
ASV14,Animalia,Chordata,Teleostei,Clupeiformes,Engraulidae,Engraulis,Engraulis mordax,urn:lsid:marinespecies.org:taxname:272286,Species
ASV19,Animalia,Chordata,Teleostei,Clupeiformes,Engraulidae,Engraulis,Engraulis mordax,urn:lsid:marinespecies.org:taxname:272286,Species
ASV20,Animalia,Chordata,Teleostei,Clupeiformes,Engraulidae,Engraulis,Engraulis mordax,urn:lsid:marinespecies.org:taxname:272286,Species
ASV24,Animalia,Chordata,Teleostei,Clupeiformes,Engraulidae,Engraulis,Engraulis mordax,urn:lsid:marinespecies.org:taxname:272286,Species
ASV31,Animalia,Chordata,Teleostei,Clupeiformes,Engraulidae,Engraulis,Engraulis mordax,urn:lsid:marinespecies.org:taxname:272286,Species
ASV36,Animalia,Chordata,Teleostei,Clupeiformes,Engraulidae,Engraulis,Engraulis mordax,urn:lsid:marinespecies.org:taxname:272286,Species
ASV39,Animalia,Chordata,Teleostei,Clupeiformes,Engraulidae,Engraulis,Engraulis mordax,urn:lsid:marinespecies.org:taxname:272286,Species
ASV40,Animalia,Chordata,Teleostei,Clupeiformes,Engraulidae,Engraulis,Engraulis mordax,urn:lsid:marinespecies.org:taxname:272286,Species
ASV55,Animalia,Chordata,Teleostei,Clupeiformes,Engraulidae,Engraulis,Engraulis mordax,urn:lsid:marinespecies.org:taxname:272286,Species
ASV58,Animalia,Chordata,Teleostei,Clupeiformes,Engraulidae,Engraulis,Engraulis mordax,urn:lsid:marinespecies.org:taxname:272286,Species
ASV59,Animalia,Chordata,Teleostei,Clupeiformes,Engraulidae,Engraulis,Engraulis mordax,urn:lsid:marinespecies.org:taxname:272286,Species
ASV62,Animalia,Chordata,Teleostei,Clupeiformes,Engraulidae,Engraulis,Engraulis mordax,urn:lsid:marinespecies.org:taxname:272286,Species
ASV74,Animalia,Chordata,Teleostei,Clupeiformes,Engraulidae,Engraulis,Engraulis mordax,urn:lsid:marinespecies.org:taxname:272286,Species
ASV87,Animalia,Chordata,Teleostei,Clupeiformes,Engraulidae,Engraulis,Engraulis mordax,urn:lsid:marinespecies.org:taxname:272286,Species
ASV91,Animalia,Chordata,Teleostei,Clupeiformes,Engraulidae,Engraulis,Engraulis mordax,urn:lsid:marinespecies.org:taxname:272286,Species
ASV35,Animalia,Chordata,Teleostei,Perciformes,Cottidae,Enophrys,Enophrys bison,urn:lsid:marinespecies.org:taxname:275355,Species
ASV5,Animalia,Chordata,Teleostei,Perciformes,Gasterosteidae,Gasterosteus,Gasterosteus aculeatus,urn:lsid:marinespecies.org:taxname:126505,Species
ASV30,Animalia,Chordata,Teleostei,Perciformes,Gasterosteidae,Gasterosteus,Gasterosteus aculeatus,urn:lsid:marinespecies.org:taxname:126505,Species
ASV37,Animalia,Chordata,Teleostei,Perciformes,Gasterosteidae,Gasterosteus,Gasterosteus aculeatus,urn:lsid:marinespecies.org:taxname:126505,Species
ASV38,Animalia,Chordata,Teleostei,Perciformes,Gasterosteidae,Gasterosteus,Gasterosteus aculeatus,urn:lsid:marinespecies.org:taxname:126505,Species
ASV43,Animalia,Chordata,Teleostei,Perciformes,Gasterosteidae,Gasterosteus,Gasterosteus aculeatus,urn:lsid:marinespecies.org:taxname:126505,Species
ASV57,Animalia,Chordata,Teleostei,Perciformes,Gasterosteidae,Gasterosteus,Gasterosteus aculeatus,urn:lsid:marinespecies.org:taxname:126505,Species
ASV77,Animalia,Chordata,Teleostei,Perciformes,Gasterosteidae,Gasterosteus,Gasterosteus aculeatus,urn:lsid:marinespecies.org:taxname:126505,Species
ASV48,Animalia,Chordata,Teleostei,Perciformes,Hexagrammidae,Hexagrammos,Hexagrammos agrammus,urn:lsid:marinespecies.org:taxname:279410,Species
ASV26,Animalia,Chordata,Elasmobranchii,Hexanchiformes,Hexanchidae,Hexanchus,Hexanchus griseus,urn:lsid:marinespecies.org:taxname:105833,Species
ASV27,Animalia,Chordata,Teleostei,Gobiiformes,Gobiidae,Lepidogobius,Lepidogobius lepidus,urn:lsid:marinespecies.org:taxname:281292,Species
ASV16,Animalia,Chordata,Teleostei,Perciformes,Lumpenidae,Lumpenus,Lumpenus sagitta,urn:lsid:marinespecies.org:taxname:254579,Species
ASV65,Animalia,Chordata,Teleostei,Gadiformes,Merlucciidae,Merluccius,Merluccius productus,urn:lsid:marinespecies.org:taxname:272458,Species
ASV4,Animalia,Chordata,Teleostei,Salmoniformes,Salmonidae,Oncorhynchus,Oncorhynchus kisutch,urn:lsid:marinespecies.org:taxname:127184,Species
ASV17,Animalia,Chordata,Teleostei,Salmoniformes,Salmonidae,Oncorhynchus,Oncorhynchus nerka,urn:lsid:marinespecies.org:taxname:254569,Species
ASV28,Animalia,Chordata,Teleostei,Salmoniformes,Salmonidae,Oncorhynchus,Oncorhynchus nerka,urn:lsid:marinespecies.org:taxname:254569,Species
ASV49,Animalia,Chordata,Teleostei,Salmoniformes,Salmonidae,Oncorhynchus,Oncorhynchus nerka,urn:lsid:marinespecies.org:taxname:254569,Species
ASV2,Animalia,Chordata,Teleostei,Salmoniformes,Salmonidae,Oncorhynchus,Oncorhynchus tshawytscha,urn:lsid:marinespecies.org:taxname:158075,Species
ASV47,Animalia,Chordata,Teleostei,Salmoniformes,Salmonidae,Oncorhynchus,Oncorhynchus tshawytscha,urn:lsid:marinespecies.org:taxname:158075,Species
ASV52,Animalia,Chordata,Teleostei,Salmoniformes,Salmonidae,Oncorhynchus,Oncorhynchus tshawytscha,urn:lsid:marinespecies.org:taxname:158075,Species
ASV80,Animalia,Chordata,Teleostei,Salmoniformes,Salmonidae,Oncorhynchus,Oncorhynchus tshawytscha,urn:lsid:marinespecies.org:taxname:158075,Species
ASV12,Animalia,Chordata,Teleostei,Perciformes,Pholidae,Pholis,Pholis ornata,urn:lsid:marinespecies.org:taxname:273692,Species
ASV13,Animalia,Chordata,Teleostei,Pleuronectiformes,Pleuronectidae,Platichthys,Platichthys stellatus,urn:lsid:marinespecies.org:taxname:154781,Species
ASV9,Animalia,Chordata,Teleostei,Pleuronectiformes,Pleuronectidae,Pleuronectidae Family,Pleuronectidae,urn:lsid:marinespecies.org:taxname:125579,Family
ASV72,Animalia,Chordata,Teleostei,Pleuronectiformes,Pleuronectidae,Pleuronectidae Family,Pleuronectidae,urn:lsid:marinespecies.org:taxname:125579,Family
ASV50,No WoRMS ID,No WoRMS ID,No WoRMS ID,No WoRMS ID,No WoRMS ID,No WoRMS ID,Ptychocheilus,NA,NA
ASV15,Animalia,Chordata,Teleostei,Scombriformes,Scombridae,Thunnus,Thunnus alalunga,urn:lsid:marinespecies.org:taxname:127026,Species
